solid OpenSCAD_Model
  facet normal 0 -0 -1
    outer loop
      vertex -0.210709 30.5 0
      vertex 0.210709 30.5 0
      vertex -0.620178 29.375 0
    endloop
  endfacet
  facet normal 0 0 -1
    outer loop
      vertex 9.85762 23.4503 0
      vertex 12.5073 26.5793 0
      vertex 10.831 23.017 0
    endloop
  endfacet
  facet normal 0 -0 -1
    outer loop
      vertex 0.210709 30.5 0
      vertex 0.620178 29.375 0
      vertex -0.620178 29.375 0
    endloop
  endfacet
  facet normal 0 0 -1
    outer loop
      vertex 0.91803 29.3672 0
      vertex 1.38582 30.4692 0
      vertex 1.80666 30.4472 0
    endloop
  endfacet
  facet normal 0 0 -1
    outer loop
      vertex -0.91803 29.3672 0
      vertex -1.80666 30.4472 0
      vertex -1.38582 30.4692 0
    endloop
  endfacet
  facet normal 0 0 -1
    outer loop
      vertex 8.86697 -23.8426 0
      vertex 10.2393 -27.5327 0
      vertex 9.07736 -27.9373 0
    endloop
  endfacet
  facet normal 0 -0 -1
    outer loop
      vertex 2.97856 30.3549 0
      vertex 3.39766 30.3109 0
      vertex 2.45374 29.2789 0
    endloop
  endfacet
  facet normal 0 0 -1
    outer loop
      vertex 0.91803 29.3672 0
      vertex 1.80666 30.4472 0
      vertex 2.15669 29.3023 0
    endloop
  endfacet
  facet normal 0 0 -1
    outer loop
      vertex 6.84077 -24.5009 0
      vertex 7.86076 -24.193 0
      vertex 9.07736 -27.9373 0
    endloop
  endfacet
  facet normal -0 0 -1
    outer loop
      vertex -0.91803 29.3672 0
      vertex -2.15669 29.3023 0
      vertex -1.80666 30.4472 0
    endloop
  endfacet
  facet normal 0 0 -1
    outer loop
      vertex -2.45374 29.2789 0
      vertex -3.39766 30.3109 0
      vertex -2.97856 30.3549 0
    endloop
  endfacet
  facet normal 0 0 -1
    outer loop
      vertex 3.07051 -29.2141 0
      vertex 1.59726 -25.3878 0
      vertex 2.65898 -25.2986 0
    endloop
  endfacet
  facet normal 0 -0 -1
    outer loop
      vertex 15.7399 24.8021 0
      vertex 16.7647 24.1212 0
      vertex 13.6304 21.478 0
    endloop
  endfacet
  facet normal -0 0 -1
    outer loop
      vertex -2.45374 29.2789 0
      vertex -3.6873 29.1492 0
      vertex -3.39766 30.3109 0
    endloop
  endfacet
  facet normal 0 0 -1
    outer loop
      vertex -3.98271 29.1104 0
      vertex -4.97935 30.0915 0
      vertex -4.56313 30.1575 0
    endloop
  endfacet
  facet normal 0 -0 -1
    outer loop
      vertex 5.50432 28.8547 0
      vertex 5.80878 24.7659 0
      vertex 4.7666 24.9874 0
    endloop
  endfacet
  facet normal 0 -0 -1
    outer loop
      vertex 4.56313 30.1575 0
      vertex 4.97935 30.0915 0
      vertex 3.98271 29.1104 0
    endloop
  endfacet
  facet normal 0 0 -1
    outer loop
      vertex 2.45374 29.2789 0
      vertex 3.39766 30.3109 0
      vertex 3.6873 29.1492 0
    endloop
  endfacet
  facet normal 0 0 -1
    outer loop
      vertex 14.6877 -25.4394 0
      vertex 12.719 -22.03 0
      vertex 13.6304 -21.478 0
    endloop
  endfacet
  facet normal 0 0 -1
    outer loop
      vertex 6.13519 29.8773 0
      vertex 6.54741 29.7897 0
      vertex 6.71402 28.6041 0
    endloop
  endfacet
  facet normal 0 0 -1
    outer loop
      vertex 5.80878 24.7659 0
      vertex 7.89951 28.2929 0
      vertex 6.84077 24.5009 0
    endloop
  endfacet
  facet normal 0 0 -1
    outer loop
      vertex 3.98271 29.1104 0
      vertex 4.97935 30.0915 0
      vertex 5.20779 28.9163 0
    endloop
  endfacet
  facet normal -0 0 -1
    outer loop
      vertex 12.5073 -26.5793 0
      vertex 11.3833 -27.0797 0
      vertex 9.85762 -23.4503 0
    endloop
  endfacet
  facet normal 0 0 -1
    outer loop
      vertex 5.80878 -24.7659 0
      vertex 7.89951 -28.2929 0
      vertex 6.70779 -28.5989 0
    endloop
  endfacet
  facet normal -0 0 -1
    outer loop
      vertex -3.98271 29.1104 0
      vertex -5.20779 28.9163 0
      vertex -4.97935 30.0915 0
    endloop
  endfacet
  facet normal -0 0 -1
    outer loop
      vertex -5.50078 28.862 0
      vertex -6.71402 28.6041 0
      vertex -6.13519 29.8773 0
    endloop
  endfacet
  facet normal -0 0 -1
    outer loop
      vertex 23.021 -18.2462 0
      vertex 22.2367 -19.1942 0
      vertex 19.2564 -16.6217 0
    endloop
  endfacet
  facet normal 0 0 -1
    outer loop
      vertex 7.69044 29.5153 0
      vertex 8.0975 29.4062 0
      vertex 8.20184 28.2135 0
    endloop
  endfacet
  facet normal 0 -0 -1
    outer loop
      vertex 3.07051 29.2141 0
      vertex 4.29118 29.0599 0
      vertex 2.65898 25.2986 0
    endloop
  endfacet
  facet normal 0 0 -1
    outer loop
      vertex 5.50078 28.862 0
      vertex 6.13519 29.8773 0
      vertex 6.71402 28.6041 0
    endloop
  endfacet
  facet normal 0 0 -1
    outer loop
      vertex -3.07051 29.2141 0
      vertex -1.59726 25.3878 0
      vertex -2.65898 25.2986 0
    endloop
  endfacet
  facet normal 0 0 -1
    outer loop
      vertex 15.7399 -24.8021 0
      vertex 13.6304 -21.478 0
      vertex 16.7647 -24.1212 0
    endloop
  endfacet
  facet normal 0 0 -1
    outer loop
      vertex -6.13519 29.8773 0
      vertex -6.71402 28.6041 0
      vertex -6.54741 29.7897 0
    endloop
  endfacet
  facet normal -0 0 -1
    outer loop
      vertex -7.00375 28.5346 0
      vertex -8.20184 28.2135 0
      vertex -7.69044 29.5153 0
    endloop
  endfacet
  facet normal 0 0 -1
    outer loop
      vertex 15.3798 -20.2621 0
      vertex 16.2148 -19.6003 0
      vertex 17.7601 -23.3981 0
    endloop
  endfacet
  facet normal 0 0 -1
    outer loop
      vertex 28.1212 -8.4903 0
      vertex 24.023 -8.36571 0
      vertex 24.3523 -7.35239 0
    endloop
  endfacet
  facet normal 0 0 -1
    outer loop
      vertex -8.86697 23.8426 0
      vertex -9.07736 27.9373 0
      vertex -7.86076 24.193 0
    endloop
  endfacet
  facet normal 0 0 -1
    outer loop
      vertex 7.00375 28.5346 0
      vertex 7.69044 29.5153 0
      vertex 8.20184 28.2135 0
    endloop
  endfacet
  facet normal 0 0 -1
    outer loop
      vertex 20.5526 -20.9876 0
      vertex 18.5435 -17.4135 0
      vertex 21.4135 -20.1086 0
    endloop
  endfacet
  facet normal 0 0 -1
    outer loop
      vertex 18.7243 -22.6338 0
      vertex 16.2148 -19.6003 0
      vertex 19.6557 -21.8299 0
    endloop
  endfacet
  facet normal 0 0 -1
    outer loop
      vertex -7.69044 29.5153 0
      vertex -8.20184 28.2135 0
      vertex -8.0975 29.4062 0
    endloop
  endfacet
  facet normal 0 0 -1
    outer loop
      vertex -19.6557 21.8299 0
      vertex -16.2148 19.6003 0
      vertex -17.0213 18.9041 0
    endloop
  endfacet
  facet normal 0 0 -1
    outer loop
      vertex 19.6557 -21.8299 0
      vertex 17.0213 -18.9041 0
      vertex 17.798 -18.1747 0
    endloop
  endfacet
  facet normal 0 0 -1
    outer loop
      vertex 23.7647 -17.2664 0
      vertex 19.9356 -15.8008 0
      vertex 20.5798 -14.9521 0
    endloop
  endfacet
  facet normal -0 0 -1
    outer loop
      vertex 25.1263 -15.217 0
      vertex 24.4671 -16.2559 0
      vertex 21.1878 -14.0772 0
    endloop
  endfacet
  facet normal 0 0 -1
    outer loop
      vertex -9.66719 -27.7456 0
      vertex -9.22461 -29.0723 0
      vertex -9.62541 -28.9421 0
    endloop
  endfacet
  facet normal 0 0 -1
    outer loop
      vertex -9.94806 -27.6462 0
      vertex -10.7335 -28.5497 0
      vertex -11.1269 -28.3987 0
    endloop
  endfacet
  facet normal -0 0 -1
    outer loop
      vertex 26.8354 -11.9479 0
      vertex 26.3115 -13.0612 0
      vertex 22.7851 -11.3106 0
    endloop
  endfacet
  facet normal 0 -0 -1
    outer loop
      vertex 23.6516 -9.36435 0
      vertex 26.8354 -11.9479 0
      vertex 23.2388 -10.3466 0
    endloop
  endfacet
  facet normal -0 0 -1
    outer loop
      vertex 15.4325 -26.3084 0
      vertex 15.0675 -26.5191 0
      vertex 14.6873 -25.4396 0
    endloop
  endfacet
  facet normal 0 0 -1
    outer loop
      vertex 14.1504 -25.7496 0
      vertex 14.6873 -25.4396 0
      vertex 15.0675 -26.5191 0
    endloop
  endfacet
  facet normal 0 -0 -1
    outer loop
      vertex 25.438 0 0
      vertex 29.3492 -1.23009 0
      vertex 25.4157 -1.06523 0
    endloop
  endfacet
  facet normal -0 0 -1
    outer loop
      vertex 28.9636 -4.89882 0
      vertex 24.8821 -5.28885 0
      vertex 25.0818 -4.24225 0
    endloop
  endfacet
  facet normal 0 -0 -1
    outer loop
      vertex 15.2246 -25.1294 0
      vertex 15.4325 -26.3084 0
      vertex 14.6877 -25.4394 0
    endloop
  endfacet
  facet normal 0 -0 -1
    outer loop
      vertex 14.6877 -25.4394 0
      vertex 15.4325 -26.3084 0
      vertex 14.6873 -25.4396 0
    endloop
  endfacet
  facet normal -0 0 -1
    outer loop
      vertex 29.272 -2.45802 0
      vertex 25.2374 -3.18822 0
      vertex 25.3488 -2.12859 0
    endloop
  endfacet
  facet normal 0 0 -1
    outer loop
      vertex 24.8821 5.28885 0
      vertex 28.9636 4.89882 0
      vertex 25.0818 4.24225 0
    endloop
  endfacet
  facet normal 0 -0 -1
    outer loop
      vertex 28.9636 4.89882 0
      vertex 29.1434 3.68166 0
      vertex 25.2374 3.18822 0
    endloop
  endfacet
  facet normal 0 0 -1
    outer loop
      vertex 29.272 2.45802 0
      vertex 25.4157 1.06523 0
      vertex 25.3488 2.12859 0
    endloop
  endfacet
  facet normal 0 0 -1
    outer loop
      vertex 22.7851 11.3106 0
      vertex 26.8354 11.9479 0
      vertex 23.2388 10.3466 0
    endloop
  endfacet
  facet normal 0 0 -1
    outer loop
      vertex -21.2098 -20.3327 0
      vertex -21.4178 -21.7157 0
      vertex -21.7157 -21.4178 0
    endloop
  endfacet
  facet normal 0 -0 -1
    outer loop
      vertex 26.8354 11.9479 0
      vertex 27.3122 10.8136 0
      vertex 23.6516 9.36435 0
    endloop
  endfacet
  facet normal 0 0 -1
    outer loop
      vertex -24.5512 -18.0979 0
      vertex -23.7647 -17.2664 0
      vertex -23.4003 -17.7679 0
    endloop
  endfacet
  facet normal 0 -0 -1
    outer loop
      vertex 28.7331 6.10739 0
      vertex 28.9636 4.89882 0
      vertex 24.8821 5.28885 0
    endloop
  endfacet
  facet normal 0 0 -1
    outer loop
      vertex 28.1212 8.4903 0
      vertex 24.6388 6.32617 0
      vertex 24.3523 7.35239 0
    endloop
  endfacet
  facet normal 0 0 -1
    outer loop
      vertex 21.1878 14.0772 0
      vertex 25.1263 15.217 0
      vertex 21.7587 13.1776 0
    endloop
  endfacet
  facet normal 0 0 -1
    outer loop
      vertex -28.2135 -8.20184 0
      vertex -29.5153 -7.69044 0
      vertex -28.5346 -7.00375 0
    endloop
  endfacet
  facet normal 0 -0 -1
    outer loop
      vertex 23.765 17.266 0
      vertex 24.4671 16.2559 0
      vertex 21.1878 14.0772 0
    endloop
  endfacet
  facet normal 0 0 -1
    outer loop
      vertex 18.5435 17.4135 0
      vertex 22.2367 19.1942 0
      vertex 19.2564 16.6217 0
    endloop
  endfacet
  facet normal 0 0 -1
    outer loop
      vertex 19.2564 16.6217 0
      vertex 23.021 18.2462 0
      vertex 19.9356 15.8008 0
    endloop
  endfacet
  facet normal 0 0 -1
    outer loop
      vertex -28.6041 -6.71402 0
      vertex -29.8773 -6.13519 0
      vertex -28.862 -5.50078 0
    endloop
  endfacet
  facet normal 0 0 -1
    outer loop
      vertex 20.5526 20.9876 0
      vertex 18.5435 17.4135 0
      vertex 17.798 18.1747 0
    endloop
  endfacet
  facet normal 0 -0 -1
    outer loop
      vertex 20.5526 20.9876 0
      vertex 21.4135 20.1086 0
      vertex 18.5435 17.4135 0
    endloop
  endfacet
  facet normal 0 0 -1
    outer loop
      vertex 13.6304 21.478 0
      vertex 16.7647 24.1212 0
      vertex 14.5178 20.8884 0
    endloop
  endfacet
  facet normal 0 -0 -1
    outer loop
      vertex 30.5 0.210709 0
      vertex 30.5 -0.210709 0
      vertex 29.375 0 0
    endloop
  endfacet
  facet normal 0 -0 -1
    outer loop
      vertex 17.7601 23.3981 0
      vertex 18.7243 22.6338 0
      vertex 16.2148 19.6003 0
    endloop
  endfacet
  facet normal 0 0 -1
    outer loop
      vertex -29.1104 3.98271 0
      vertex -30.0915 4.97935 0
      vertex -28.9163 5.20779 0
    endloop
  endfacet
  facet normal 0 0 -1
    outer loop
      vertex -5.50432 28.8547 0
      vertex -4.29118 29.0599 0
      vertex -4.7666 24.9874 0
    endloop
  endfacet
  facet normal 0 0 -1
    outer loop
      vertex -29.5153 7.69044 0
      vertex -29.4062 8.0975 0
      vertex -28.2135 8.20184 0
    endloop
  endfacet
  facet normal 0 0 -1
    outer loop
      vertex -27.6462 9.94806 0
      vertex -28.3987 11.1269 0
      vertex -27.2017 11.106 0
    endloop
  endfacet
  facet normal 0 -0 -1
    outer loop
      vertex 9.07736 27.9373 0
      vertex 10.2393 27.5327 0
      vertex 8.86697 23.8426 0
    endloop
  endfacet
  facet normal 0 0 -1
    outer loop
      vertex 2.65898 25.2986 0
      vertex 4.29118 29.0599 0
      vertex 3.71605 25.1651 0
    endloop
  endfacet
  facet normal 0 0 -1
    outer loop
      vertex -12.5073 26.5793 0
      vertex -11.3833 27.0797 0
      vertex -9.85762 23.4503 0
    endloop
  endfacet
  facet normal 0 0 -1
    outer loop
      vertex -26.4549 12.7834 0
      vertex -27.08 14.0344 0
      vertex -25.8918 13.8885 0
    endloop
  endfacet
  facet normal 0 -0 -1
    outer loop
      vertex 1.84447 29.317 0
      vertex 3.07051 29.2141 0
      vertex 1.59726 25.3878 0
    endloop
  endfacet
  facet normal 0 0 -1
    outer loop
      vertex -3.07051 29.2141 0
      vertex -1.84447 29.317 0
      vertex -1.59726 25.3878 0
    endloop
  endfacet
  facet normal 0 0 -1
    outer loop
      vertex -4.7666 24.9874 0
      vertex -4.29118 29.0599 0
      vertex -3.71605 25.1651 0
    endloop
  endfacet
  facet normal 0 0 -1
    outer loop
      vertex -23.8355 19.0305 0
      vertex -23.5703 19.358 0
      vertex -22.4384 18.9682 0
    endloop
  endfacet
  facet normal 0 0 -1
    outer loop
      vertex -7.89951 28.2929 0
      vertex -6.70779 28.5989 0
      vertex -5.80878 24.7659 0
    endloop
  endfacet
  facet normal 0 0 -1
    outer loop
      vertex -11.7853 22.5432 0
      vertex -12.5073 26.5793 0
      vertex -10.831 23.017 0
    endloop
  endfacet
  facet normal 0 0 -1
    outer loop
      vertex -18.9682 22.4384 0
      vertex -19.0305 23.8355 0
      vertex -18.0043 23.2189 0
    endloop
  endfacet
  facet normal 0 0 -1
    outer loop
      vertex -16.7647 24.1212 0
      vertex -15.7399 24.8021 0
      vertex -13.6304 21.478 0
    endloop
  endfacet
  facet normal 0 0 -1
    outer loop
      vertex -16.5189 24.2982 0
      vertex -16.4348 25.6942 0
      vertex -15.4786 24.9737 0
    endloop
  endfacet
  facet normal 0 0 -1
    outer loop
      vertex -23.7647 17.2664 0
      vertex -19.9356 15.8008 0
      vertex -20.5798 14.9521 0
    endloop
  endfacet
  facet normal 0 0 -1
    outer loop
      vertex -14.0344 27.08 0
      vertex -13.659 27.2713 0
      vertex -12.7834 26.4549 0
    endloop
  endfacet
  facet normal 0 0 -1
    outer loop
      vertex -16.5189 24.2982 0
      vertex -16.7882 25.4647 0
      vertex -16.4348 25.6942 0
    endloop
  endfacet
  facet normal 0 0 -1
    outer loop
      vertex -16.2148 19.6003 0
      vertex -17.7601 23.3981 0
      vertex -15.3798 20.2621 0
    endloop
  endfacet
  facet normal 0 0 -1
    outer loop
      vertex -13.8885 25.8918 0
      vertex -14.0344 27.08 0
      vertex -12.7834 26.4549 0
    endloop
  endfacet
  facet normal 0 0 -1
    outer loop
      vertex -19.6557 21.8299 0
      vertex -18.7243 22.6338 0
      vertex -16.2148 19.6003 0
    endloop
  endfacet
  facet normal 0 -0 -1
    outer loop
      vertex -9.62541 28.9421 0
      vertex -9.22461 29.0723 0
      vertex -9.66719 27.7456 0
    endloop
  endfacet
  facet normal 0 0 -1
    outer loop
      vertex -21.4135 20.1086 0
      vertex -20.5526 20.9876 0
      vertex -18.5435 17.4135 0
    endloop
  endfacet
  facet normal -0 0 -1
    outer loop
      vertex -9.94806 27.6462 0
      vertex -11.106 27.2017 0
      vertex -11.1269 28.3987 0
    endloop
  endfacet
  facet normal 0 0 -1
    outer loop
      vertex -18.5435 17.4135 0
      vertex -20.5526 20.9876 0
      vertex -17.798 18.1747 0
    endloop
  endfacet
  facet normal 0 0 -1
    outer loop
      vertex -22.2367 19.1942 0
      vertex -18.5435 17.4135 0
      vertex -19.2564 16.6217 0
    endloop
  endfacet
  facet normal 0 0 -1
    outer loop
      vertex -24.4671 -16.2559 0
      vertex -25.1263 -15.217 0
      vertex -21.1878 -14.0772 0
    endloop
  endfacet
  facet normal 0 0 -1
    outer loop
      vertex -12.5144 26.5831 0
      vertex -12.5979 27.7774 0
      vertex -11.3813 27.0876 0
    endloop
  endfacet
  facet normal 0 0 -1
    outer loop
      vertex -29.3492 -1.23009 0
      vertex -29.375 0 0
      vertex -25.438 0 0
    endloop
  endfacet
  facet normal 0 0 -1
    outer loop
      vertex -25.1263 15.217 0
      vertex -24.4671 16.2559 0
      vertex -21.1878 14.0772 0
    endloop
  endfacet
  facet normal 0 0 -1
    outer loop
      vertex -13.6304 21.478 0
      vertex -15.7399 24.8021 0
      vertex -14.6877 25.4394 0
    endloop
  endfacet
  facet normal 0 0 -1
    outer loop
      vertex -27.3122 10.8136 0
      vertex -26.8354 11.9479 0
      vertex -23.6516 9.36435 0
    endloop
  endfacet
  facet normal 0 0 -1
    outer loop
      vertex -26.8354 11.9479 0
      vertex -26.3115 13.0612 0
      vertex -22.7851 11.3106 0
    endloop
  endfacet
  facet normal 0 0 -1
    outer loop
      vertex -17.7679 23.4003 0
      vertex -18.0979 24.5512 0
      vertex -17.757 24.7989 0
    endloop
  endfacet
  facet normal 0 0 -1
    outer loop
      vertex -23.6516 9.36435 0
      vertex -26.8354 11.9479 0
      vertex -23.2388 10.3466 0
    endloop
  endfacet
  facet normal 0 0 -1
    outer loop
      vertex -24.6388 6.32617 0
      vertex -28.1212 8.4903 0
      vertex -24.3523 7.35239 0
    endloop
  endfacet
  facet normal 0 0 -1
    outer loop
      vertex -25.7415 14.1515 0
      vertex -25.1263 15.217 0
      vertex -22.2915 12.2548 0
    endloop
  endfacet
  facet normal 0 0 -1
    outer loop
      vertex -22.2449 19.1948 0
      vertex -22.8069 20.2519 0
      vertex -22.5249 20.5651 0
    endloop
  endfacet
  facet normal 0 0 -1
    outer loop
      vertex -25.2374 3.18822 0
      vertex -28.9636 4.89882 0
      vertex -25.0818 4.24225 0
    endloop
  endfacet
  facet normal 0 0 -1
    outer loop
      vertex -21.1878 14.0772 0
      vertex -24.4671 16.2559 0
      vertex -23.765 17.266 0
    endloop
  endfacet
  facet normal 0 0 -1
    outer loop
      vertex -29.1434 3.68166 0
      vertex -28.9636 4.89882 0
      vertex -25.2374 3.18822 0
    endloop
  endfacet
  facet normal 0 0 -1
    outer loop
      vertex -25.4157 1.06523 0
      vertex -29.272 2.45802 0
      vertex -25.3488 2.12859 0
    endloop
  endfacet
  facet normal -0 0 -1
    outer loop
      vertex -18.5435 -17.4135 0
      vertex -22.2367 -19.1942 0
      vertex -19.2564 -16.6217 0
    endloop
  endfacet
  facet normal 0 0 -1
    outer loop
      vertex -25.7496 14.1504 0
      vertex -26.5191 15.0675 0
      vertex -26.3084 15.4325 0
    endloop
  endfacet
  facet normal 0 0 -1
    outer loop
      vertex -29.3492 -1.23009 0
      vertex -25.438 0 0
      vertex -25.4157 -1.06523 0
    endloop
  endfacet
  facet normal 0 0 -1
    outer loop
      vertex -25.2374 -3.18822 0
      vertex -29.272 -2.45802 0
      vertex -25.3488 -2.12859 0
    endloop
  endfacet
  facet normal 0 0 -1
    outer loop
      vertex -28.4521 -7.30525 0
      vertex -24.8821 -5.28885 0
      vertex -24.6388 -6.32617 0
    endloop
  endfacet
  facet normal 0 0 -1
    outer loop
      vertex -28.1289 8.48755 0
      vertex -29.0723 9.22461 0
      vertex -27.7456 9.66719 0
    endloop
  endfacet
  facet normal 0 0 -1
    outer loop
      vertex -28.4521 -7.30525 0
      vertex -28.7331 -6.10739 0
      vertex -24.8821 -5.28885 0
    endloop
  endfacet
  facet normal 0 0 -1
    outer loop
      vertex -27.741 -9.66045 0
      vertex -28.1212 -8.4903 0
      vertex -24.023 -8.36571 0
    endloop
  endfacet
  facet normal -0 0 -1
    outer loop
      vertex -24.023 -8.36571 0
      vertex -28.1212 -8.4903 0
      vertex -24.3523 -7.35239 0
    endloop
  endfacet
  facet normal 0 0 -1
    outer loop
      vertex -27.3122 -10.8136 0
      vertex -24.023 -8.36571 0
      vertex -23.6516 -9.36435 0
    endloop
  endfacet
  facet normal 0 0 -1
    outer loop
      vertex -29.2789 2.45374 0
      vertex -30.3549 2.97856 0
      vertex -30.3109 3.39766 0
    endloop
  endfacet
  facet normal 0 0 -1
    outer loop
      vertex -26.3115 -13.0612 0
      vertex -26.8354 -11.9479 0
      vertex -22.7851 -11.3106 0
    endloop
  endfacet
  facet normal 0 0 -1
    outer loop
      vertex -25.7415 -14.1515 0
      vertex -26.3115 -13.0612 0
      vertex -22.2915 -12.2548 0
    endloop
  endfacet
  facet normal 0 0 -1
    outer loop
      vertex -28.9636 -4.89882 0
      vertex -25.2374 -3.18822 0
      vertex -25.0818 -4.24225 0
    endloop
  endfacet
  facet normal 0 0 -1
    outer loop
      vertex -29.1492 -3.6873 0
      vertex -30.3109 -3.39766 0
      vertex -29.2789 -2.45374 0
    endloop
  endfacet
  facet normal -0 0 -1
    outer loop
      vertex -19.2564 -16.6217 0
      vertex -23.021 -18.2462 0
      vertex -19.9356 -15.8008 0
    endloop
  endfacet
  facet normal 0 0 -1
    outer loop
      vertex -20.5526 -20.9876 0
      vertex -18.5435 -17.4135 0
      vertex -17.798 -18.1747 0
    endloop
  endfacet
  facet normal 0 0 -1
    outer loop
      vertex -20.5526 -20.9876 0
      vertex -21.4135 -20.1086 0
      vertex -18.5435 -17.4135 0
    endloop
  endfacet
  facet normal -0 0 -1
    outer loop
      vertex -13.6304 -21.478 0
      vertex -16.7647 -24.1212 0
      vertex -14.5178 -20.8884 0
    endloop
  endfacet
  facet normal 0 0 -1
    outer loop
      vertex -27.7456 -9.66719 0
      vertex -28.9421 -9.62541 0
      vertex -29.0723 -9.22461 0
    endloop
  endfacet
  facet normal 0 0 -1
    outer loop
      vertex -17.7601 -23.3981 0
      vertex -18.7243 -22.6338 0
      vertex -16.2148 -19.6003 0
    endloop
  endfacet
  facet normal 0 0 -1
    outer loop
      vertex 25.1263 -15.217 0
      vertex 21.1878 -14.0772 0
      vertex 21.7587 -13.1776 0
    endloop
  endfacet
  facet normal 0 0 -1
    outer loop
      vertex -14.6877 -25.4394 0
      vertex -13.6304 -21.478 0
      vertex -12.719 -22.03 0
    endloop
  endfacet
  facet normal 0 0 -1
    outer loop
      vertex -14.6877 -25.4394 0
      vertex -15.7399 -24.8021 0
      vertex -13.6304 -21.478 0
    endloop
  endfacet
  facet normal -0 0 -1
    outer loop
      vertex -23.765 -17.266 0
      vertex -24.7989 -17.757 0
      vertex -24.1294 -16.7645 0
    endloop
  endfacet
  facet normal 0 -0 -1
    outer loop
      vertex -3.71605 -25.1651 0
      vertex -2.65898 -25.2986 0
      vertex -4.29118 -29.0599 0
    endloop
  endfacet
  facet normal 0 0 -1
    outer loop
      vertex 0.615173 -29.3685 0
      vertex 0.53273 -25.4324 0
      vertex 1.59726 -25.3878 0
    endloop
  endfacet
  facet normal 0 0 -1
    outer loop
      vertex -11.3833 -27.0797 0
      vertex -12.5073 -26.5793 0
      vertex -9.85762 -23.4503 0
    endloop
  endfacet
  facet normal 0 0 -1
    outer loop
      vertex -11.3833 -27.0797 0
      vertex -9.85762 -23.4503 0
      vertex -8.86697 -23.8426 0
    endloop
  endfacet
  facet normal 0 0 -1
    outer loop
      vertex -9.07736 -27.9373 0
      vertex -8.86697 -23.8426 0
      vertex -7.86076 -24.193 0
    endloop
  endfacet
  facet normal 0 0 -1
    outer loop
      vertex -7.89951 -28.2929 0
      vertex -6.84077 -24.5009 0
      vertex -5.80878 -24.7659 0
    endloop
  endfacet
  facet normal -0 0 -1
    outer loop
      vertex -4.7666 -24.9874 0
      vertex -5.50432 -28.8547 0
      vertex -5.80878 -24.7659 0
    endloop
  endfacet
  facet normal 0 0 -1
    outer loop
      vertex -14.6873 -25.4396 0
      vertex -15.0675 -26.5191 0
      vertex -15.4325 -26.3084 0
    endloop
  endfacet
  facet normal 0 -0 -1
    outer loop
      vertex -15.2246 -25.1294 0
      vertex -14.6877 -25.4394 0
      vertex -15.4325 -26.3084 0
    endloop
  endfacet
  facet normal 0 0 -1
    outer loop
      vertex -5.80878 -24.7659 0
      vertex -6.70779 -28.5989 0
      vertex -7.89951 -28.2929 0
    endloop
  endfacet
  facet normal 0 0 -1
    outer loop
      vertex -5.50432 -28.8547 0
      vertex -4.7666 -24.9874 0
      vertex -4.29118 -29.0599 0
    endloop
  endfacet
  facet normal 0 -0 -1
    outer loop
      vertex -5.80878 -24.7659 0
      vertex -5.50432 -28.8547 0
      vertex -6.70779 -28.5989 0
    endloop
  endfacet
  facet normal 0 -0 -1
    outer loop
      vertex -14.6877 -25.4394 0
      vertex -14.6873 -25.4396 0
      vertex -15.4325 -26.3084 0
    endloop
  endfacet
  facet normal 0 -0 -1
    outer loop
      vertex -14.6873 -25.4396 0
      vertex -14.1504 -25.7496 0
      vertex -15.0675 -26.5191 0
    endloop
  endfacet
  facet normal 0 -0 -1
    outer loop
      vertex 4.7666 -24.9874 0
      vertex 5.50432 -28.8547 0
      vertex 4.29118 -29.0599 0
    endloop
  endfacet
  facet normal 0 0 -1
    outer loop
      vertex -4.7666 -24.9874 0
      vertex -3.71605 -25.1651 0
      vertex -4.29118 -29.0599 0
    endloop
  endfacet
  facet normal 0 0 -1
    outer loop
      vertex -1.59726 -25.3878 0
      vertex -1.84447 -29.317 0
      vertex -3.07051 -29.2141 0
    endloop
  endfacet
  facet normal 0 0 -1
    outer loop
      vertex -2.65898 -25.2986 0
      vertex -3.07051 -29.2141 0
      vertex -4.29118 -29.0599 0
    endloop
  endfacet
  facet normal 0 -0 -1
    outer loop
      vertex -2.65898 -25.2986 0
      vertex -1.59726 -25.3878 0
      vertex -3.07051 -29.2141 0
    endloop
  endfacet
  facet normal 0 -0 -1
    outer loop
      vertex -1.59726 -25.3878 0
      vertex -0.615173 -29.3685 0
      vertex -1.84447 -29.317 0
    endloop
  endfacet
  facet normal 0 0 -1
    outer loop
      vertex -1.59726 -25.3878 0
      vertex -0.53273 -25.4324 0
      vertex -0.615173 -29.3685 0
    endloop
  endfacet
  facet normal -0 0 -1
    outer loop
      vertex 1.84447 -29.317 0
      vertex 0.615173 -29.3685 0
      vertex 1.59726 -25.3878 0
    endloop
  endfacet
  facet normal -0 0 -1
    outer loop
      vertex 0.53273 -25.4324 0
      vertex -0.615173 -29.3685 0
      vertex -0.53273 -25.4324 0
    endloop
  endfacet
  facet normal 0 -0 -1
    outer loop
      vertex 0.53273 -25.4324 0
      vertex 0.615173 -29.3685 0
      vertex -0.615173 -29.3685 0
    endloop
  endfacet
  facet normal -0 0 -1
    outer loop
      vertex 14.6873 -25.4396 0
      vertex 13.6093 -26.0322 0
      vertex 11.7853 -22.5432 0
    endloop
  endfacet
  facet normal 0 -0 -1
    outer loop
      vertex -7.86076 -24.193 0
      vertex -6.84077 -24.5009 0
      vertex -9.07736 -27.9373 0
    endloop
  endfacet
  facet normal 0 0 -1
    outer loop
      vertex -6.84077 -24.5009 0
      vertex -7.89951 -28.2929 0
      vertex -9.07736 -27.9373 0
    endloop
  endfacet
  facet normal 0 0 -1
    outer loop
      vertex -9.07736 -27.9373 0
      vertex -10.2393 -27.5327 0
      vertex -8.86697 -23.8426 0
    endloop
  endfacet
  facet normal 0 0 -1
    outer loop
      vertex -11.3833 -27.0797 0
      vertex -8.86697 -23.8426 0
      vertex -10.2393 -27.5327 0
    endloop
  endfacet
  facet normal -0 0 -1
    outer loop
      vertex -9.85762 -23.4503 0
      vertex -12.5073 -26.5793 0
      vertex -10.831 -23.017 0
    endloop
  endfacet
  facet normal 0 0 -1
    outer loop
      vertex -11.7853 -22.5432 0
      vertex -12.5073 -26.5793 0
      vertex -13.6093 -26.0322 0
    endloop
  endfacet
  facet normal -0 0 -1
    outer loop
      vertex -10.831 -23.017 0
      vertex -12.5073 -26.5793 0
      vertex -11.7853 -22.5432 0
    endloop
  endfacet
  facet normal 0 -0 -1
    outer loop
      vertex -12.719 -22.03 0
      vertex -11.7853 -22.5432 0
      vertex -14.6873 -25.4396 0
    endloop
  endfacet
  facet normal 0 0 -1
    outer loop
      vertex -11.7853 -22.5432 0
      vertex -13.6093 -26.0322 0
      vertex -14.6873 -25.4396 0
    endloop
  endfacet
  facet normal 0 0 -1
    outer loop
      vertex -14.6877 -25.4394 0
      vertex -12.719 -22.03 0
      vertex -14.6873 -25.4396 0
    endloop
  endfacet
  facet normal 0 0 -1
    outer loop
      vertex -13.6304 -21.478 0
      vertex -15.7399 -24.8021 0
      vertex -16.7647 -24.1212 0
    endloop
  endfacet
  facet normal 0 0 -1
    outer loop
      vertex -14.5178 -20.8884 0
      vertex -16.7647 -24.1212 0
      vertex -17.7601 -23.3981 0
    endloop
  endfacet
  facet normal 0 -0 -1
    outer loop
      vertex -16.2148 -19.6003 0
      vertex -15.3798 -20.2621 0
      vertex -17.7601 -23.3981 0
    endloop
  endfacet
  facet normal 0 -0 -1
    outer loop
      vertex -15.3798 -20.2621 0
      vertex -14.5178 -20.8884 0
      vertex -17.7601 -23.3981 0
    endloop
  endfacet
  facet normal 0 0 -1
    outer loop
      vertex -16.2148 -19.6003 0
      vertex -18.7243 -22.6338 0
      vertex -19.6557 -21.8299 0
    endloop
  endfacet
  facet normal 0 -0 -1
    outer loop
      vertex -17.798 -18.1747 0
      vertex -17.0213 -18.9041 0
      vertex -19.6557 -21.8299 0
    endloop
  endfacet
  facet normal 0 -0 -1
    outer loop
      vertex -17.0213 -18.9041 0
      vertex -16.2148 -19.6003 0
      vertex -19.6557 -21.8299 0
    endloop
  endfacet
  facet normal 0 0 -1
    outer loop
      vertex -20.5526 -20.9876 0
      vertex -17.798 -18.1747 0
      vertex -19.6557 -21.8299 0
    endloop
  endfacet
  facet normal 0 0 -1
    outer loop
      vertex -18.5435 -17.4135 0
      vertex -21.4135 -20.1086 0
      vertex -22.2367 -19.1942 0
    endloop
  endfacet
  facet normal 0 0 -1
    outer loop
      vertex -19.2564 -16.6217 0
      vertex -22.2367 -19.1942 0
      vertex -23.021 -18.2462 0
    endloop
  endfacet
  facet normal -0 0 -1
    outer loop
      vertex -19.9356 -15.8008 0
      vertex -23.7647 -17.2664 0
      vertex -20.5798 -14.9521 0
    endloop
  endfacet
  facet normal 0 0 -1
    outer loop
      vertex -23.765 -17.266 0
      vertex -20.5798 -14.9521 0
      vertex -23.7647 -17.2664 0
    endloop
  endfacet
  facet normal 0 0 -1
    outer loop
      vertex -24.4671 -16.2559 0
      vertex -21.1878 -14.0772 0
      vertex -23.765 -17.266 0
    endloop
  endfacet
  facet normal 0 -0 -1
    outer loop
      vertex -22.2915 -12.2548 0
      vertex -21.7587 -13.1776 0
      vertex -25.1263 -15.217 0
    endloop
  endfacet
  facet normal 0 -0 -1
    outer loop
      vertex -21.7587 -13.1776 0
      vertex -21.1878 -14.0772 0
      vertex -25.1263 -15.217 0
    endloop
  endfacet
  facet normal 0 0 -1
    outer loop
      vertex -25.7415 -14.1515 0
      vertex -22.2915 -12.2548 0
      vertex -25.1263 -15.217 0
    endloop
  endfacet
  facet normal 0 0 -1
    outer loop
      vertex -26.3115 -13.0612 0
      vertex -22.7851 -11.3106 0
      vertex -22.2915 -12.2548 0
    endloop
  endfacet
  facet normal 0 -0 -1
    outer loop
      vertex -23.6516 -9.36435 0
      vertex -23.2388 -10.3466 0
      vertex -26.8354 -11.9479 0
    endloop
  endfacet
  facet normal 0 -0 -1
    outer loop
      vertex -23.2388 -10.3466 0
      vertex -22.7851 -11.3106 0
      vertex -26.8354 -11.9479 0
    endloop
  endfacet
  facet normal 0 0 -1
    outer loop
      vertex -27.3122 -10.8136 0
      vertex -23.6516 -9.36435 0
      vertex -26.8354 -11.9479 0
    endloop
  endfacet
  facet normal 0 0 -1
    outer loop
      vertex -27.741 -9.66045 0
      vertex -24.023 -8.36571 0
      vertex -27.3122 -10.8136 0
    endloop
  endfacet
  facet normal -0 0 -1
    outer loop
      vertex -24.3523 -7.35239 0
      vertex -28.1212 -8.4903 0
      vertex -24.6388 -6.32617 0
    endloop
  endfacet
  facet normal 0 0 -1
    outer loop
      vertex -28.4521 -7.30525 0
      vertex -24.6388 -6.32617 0
      vertex -28.1212 -8.4903 0
    endloop
  endfacet
  facet normal -0 0 -1
    outer loop
      vertex -24.8821 -5.28885 0
      vertex -28.7331 -6.10739 0
      vertex -28.9636 -4.89882 0
    endloop
  endfacet
  facet normal 0 0 -1
    outer loop
      vertex -28.9636 -4.89882 0
      vertex -25.0818 -4.24225 0
      vertex -24.8821 -5.28885 0
    endloop
  endfacet
  facet normal 0 0 -1
    outer loop
      vertex -29.272 -2.45802 0
      vertex -25.2374 -3.18822 0
      vertex -29.1434 -3.68166 0
    endloop
  endfacet
  facet normal 0 0 -1
    outer loop
      vertex -25.2374 -3.18822 0
      vertex -28.9636 -4.89882 0
      vertex -29.1434 -3.68166 0
    endloop
  endfacet
  facet normal -0 0 -1
    outer loop
      vertex -25.3488 -2.12859 0
      vertex -29.272 -2.45802 0
      vertex -25.4157 -1.06523 0
    endloop
  endfacet
  facet normal 0 0 -1
    outer loop
      vertex -29.3492 -1.23009 0
      vertex -25.4157 -1.06523 0
      vertex -29.272 -2.45802 0
    endloop
  endfacet
  facet normal 0 0 -1
    outer loop
      vertex -25.438 0 0
      vertex -29.375 0 0
      vertex -29.3492 1.23009 0
    endloop
  endfacet
  facet normal 0 -0 -1
    outer loop
      vertex -29.272 2.45802 0
      vertex -25.4157 1.06523 0
      vertex -29.3492 1.23009 0
    endloop
  endfacet
  facet normal -0 0 -1
    outer loop
      vertex -25.4157 1.06523 0
      vertex -25.438 0 0
      vertex -29.3492 1.23009 0
    endloop
  endfacet
  facet normal 0 0 -1
    outer loop
      vertex -25.3488 2.12859 0
      vertex -29.272 2.45802 0
      vertex -25.2374 3.18822 0
    endloop
  endfacet
  facet normal 0 -0 -1
    outer loop
      vertex -29.1434 3.68166 0
      vertex -25.2374 3.18822 0
      vertex -29.272 2.45802 0
    endloop
  endfacet
  facet normal 0 0 -1
    outer loop
      vertex -25.0818 4.24225 0
      vertex -28.9636 4.89882 0
      vertex -24.8821 5.28885 0
    endloop
  endfacet
  facet normal 0 -0 -1
    outer loop
      vertex -28.4521 7.30525 0
      vertex -24.8821 5.28885 0
      vertex -28.7331 6.10739 0
    endloop
  endfacet
  facet normal -0 0 -1
    outer loop
      vertex -24.8821 5.28885 0
      vertex -28.9636 4.89882 0
      vertex -28.7331 6.10739 0
    endloop
  endfacet
  facet normal 0 -0 -1
    outer loop
      vertex -28.1212 8.4903 0
      vertex -24.6388 6.32617 0
      vertex -28.4521 7.30525 0
    endloop
  endfacet
  facet normal -0 0 -1
    outer loop
      vertex -24.6388 6.32617 0
      vertex -24.8821 5.28885 0
      vertex -28.4521 7.30525 0
    endloop
  endfacet
  facet normal 0 0 -1
    outer loop
      vertex -24.3523 7.35239 0
      vertex -28.1212 8.4903 0
      vertex -24.023 8.36571 0
    endloop
  endfacet
  facet normal 0 -0 -1
    outer loop
      vertex -27.3122 10.8136 0
      vertex -24.023 8.36571 0
      vertex -27.741 9.66045 0
    endloop
  endfacet
  facet normal 0 0 -1
    outer loop
      vertex -24.023 8.36571 0
      vertex -28.1212 8.4903 0
      vertex -27.741 9.66045 0
    endloop
  endfacet
  facet normal 0 0 -1
    outer loop
      vertex -27.3122 10.8136 0
      vertex -23.6516 9.36435 0
      vertex -24.023 8.36571 0
    endloop
  endfacet
  facet normal 0 0 -1
    outer loop
      vertex -23.2388 10.3466 0
      vertex -26.8354 11.9479 0
      vertex -22.7851 11.3106 0
    endloop
  endfacet
  facet normal 0 0 -1
    outer loop
      vertex -22.7851 11.3106 0
      vertex -26.3115 13.0612 0
      vertex -22.2915 12.2548 0
    endloop
  endfacet
  facet normal 0 -0 -1
    outer loop
      vertex -25.7415 14.1515 0
      vertex -22.2915 12.2548 0
      vertex -26.3115 13.0612 0
    endloop
  endfacet
  facet normal -0 0 -1
    outer loop
      vertex -21.1878 14.0772 0
      vertex -21.7587 13.1776 0
      vertex -25.1263 15.217 0
    endloop
  endfacet
  facet normal -0 0 -1
    outer loop
      vertex -21.7587 13.1776 0
      vertex -22.2915 12.2548 0
      vertex -25.1263 15.217 0
    endloop
  endfacet
  facet normal 0 0 -1
    outer loop
      vertex -21.1878 14.0772 0
      vertex -23.765 17.266 0
      vertex -20.5798 14.9521 0
    endloop
  endfacet
  facet normal 0 -0 -1
    outer loop
      vertex -23.7647 17.2664 0
      vertex -20.5798 14.9521 0
      vertex -23.765 17.266 0
    endloop
  endfacet
  facet normal 0 0 -1
    outer loop
      vertex -19.9356 15.8008 0
      vertex -23.021 18.2462 0
      vertex -19.2564 16.6217 0
    endloop
  endfacet
  facet normal 0 -0 -1
    outer loop
      vertex -22.2367 19.1942 0
      vertex -19.2564 16.6217 0
      vertex -23.021 18.2462 0
    endloop
  endfacet
  facet normal 0 -0 -1
    outer loop
      vertex -21.4135 20.1086 0
      vertex -18.5435 17.4135 0
      vertex -22.2367 19.1942 0
    endloop
  endfacet
  facet normal 0 0 -1
    outer loop
      vertex -17.798 18.1747 0
      vertex -20.5526 20.9876 0
      vertex -19.6557 21.8299 0
    endloop
  endfacet
  facet normal 0 0 -1
    outer loop
      vertex -19.6557 21.8299 0
      vertex -17.0213 18.9041 0
      vertex -17.798 18.1747 0
    endloop
  endfacet
  facet normal 0 0 -1
    outer loop
      vertex -16.2148 19.6003 0
      vertex -18.7243 22.6338 0
      vertex -17.7601 23.3981 0
    endloop
  endfacet
  facet normal 0 0 -1
    outer loop
      vertex -15.3798 20.2621 0
      vertex -17.7601 23.3981 0
      vertex -14.5178 20.8884 0
    endloop
  endfacet
  facet normal -0 0 -1
    outer loop
      vertex -13.6304 21.478 0
      vertex -14.5178 20.8884 0
      vertex -16.7647 24.1212 0
    endloop
  endfacet
  facet normal 0 0 -1
    outer loop
      vertex -14.5178 20.8884 0
      vertex -17.7601 23.3981 0
      vertex -16.7647 24.1212 0
    endloop
  endfacet
  facet normal 0 0 -1
    outer loop
      vertex -13.6304 21.478 0
      vertex -14.6877 25.4394 0
      vertex -12.719 22.03 0
    endloop
  endfacet
  facet normal -0 0 -1
    outer loop
      vertex -11.7853 22.5432 0
      vertex -12.719 22.03 0
      vertex -14.6873 25.4396 0
    endloop
  endfacet
  facet normal 0 0 -1
    outer loop
      vertex -12.719 22.03 0
      vertex -14.6877 25.4394 0
      vertex -14.6873 25.4396 0
    endloop
  endfacet
  facet normal 0 0 -1
    outer loop
      vertex -11.7853 22.5432 0
      vertex -13.6093 26.0322 0
      vertex -12.5073 26.5793 0
    endloop
  endfacet
  facet normal 0 0 -1
    outer loop
      vertex -10.831 23.017 0
      vertex -12.5073 26.5793 0
      vertex -9.85762 23.4503 0
    endloop
  endfacet
  facet normal 0 0 -1
    outer loop
      vertex -9.85762 23.4503 0
      vertex -11.3833 27.0797 0
      vertex -8.86697 23.8426 0
    endloop
  endfacet
  facet normal 0 -0 -1
    outer loop
      vertex -9.07736 27.9373 0
      vertex -8.86697 23.8426 0
      vertex -10.2393 27.5327 0
    endloop
  endfacet
  facet normal 0 0 -1
    outer loop
      vertex -8.86697 23.8426 0
      vertex -11.3833 27.0797 0
      vertex -10.2393 27.5327 0
    endloop
  endfacet
  facet normal 0 0 -1
    outer loop
      vertex -7.86076 24.193 0
      vertex -9.07736 27.9373 0
      vertex -6.84077 24.5009 0
    endloop
  endfacet
  facet normal -0 0 -1
    outer loop
      vertex -5.80878 24.7659 0
      vertex -6.84077 24.5009 0
      vertex -7.89951 28.2929 0
    endloop
  endfacet
  facet normal 0 0 -1
    outer loop
      vertex -6.84077 24.5009 0
      vertex -9.07736 27.9373 0
      vertex -7.89951 28.2929 0
    endloop
  endfacet
  facet normal 0 0 -1
    outer loop
      vertex -5.80878 24.7659 0
      vertex -6.70779 28.5989 0
      vertex -5.50432 28.8547 0
    endloop
  endfacet
  facet normal 0 -0 -1
    outer loop
      vertex -5.50432 28.8547 0
      vertex -4.7666 24.9874 0
      vertex -5.80878 24.7659 0
    endloop
  endfacet
  facet normal 0 0 -1
    outer loop
      vertex -3.71605 25.1651 0
      vertex -4.29118 29.0599 0
      vertex -2.65898 25.2986 0
    endloop
  endfacet
  facet normal 0 -0 -1
    outer loop
      vertex -3.07051 29.2141 0
      vertex -2.65898 25.2986 0
      vertex -4.29118 29.0599 0
    endloop
  endfacet
  facet normal 0 0 -1
    outer loop
      vertex -1.59726 25.3878 0
      vertex -1.84447 29.317 0
      vertex -0.615173 29.3685 0
    endloop
  endfacet
  facet normal 0 0 -1
    outer loop
      vertex 0.53273 25.4324 0
      vertex -0.53273 25.4324 0
      vertex -0.615173 29.3685 0
    endloop
  endfacet
  facet normal -0 0 -1
    outer loop
      vertex -0.53273 25.4324 0
      vertex -1.59726 25.3878 0
      vertex -0.615173 29.3685 0
    endloop
  endfacet
  facet normal 0 0 -1
    outer loop
      vertex 1.59726 25.3878 0
      vertex 0.53273 25.4324 0
      vertex 0.615173 29.3685 0
    endloop
  endfacet
  facet normal 0 0 -1
    outer loop
      vertex 0.53273 25.4324 0
      vertex -0.615173 29.3685 0
      vertex 0.615173 29.3685 0
    endloop
  endfacet
  facet normal -0 0 -1
    outer loop
      vertex 1.84447 29.317 0
      vertex 1.59726 25.3878 0
      vertex 0.615173 29.3685 0
    endloop
  endfacet
  facet normal 0 0 -1
    outer loop
      vertex 3.07051 29.2141 0
      vertex 2.65898 25.2986 0
      vertex 1.59726 25.3878 0
    endloop
  endfacet
  facet normal 0 0 -1
    outer loop
      vertex 3.71605 25.1651 0
      vertex 4.29118 29.0599 0
      vertex 4.7666 24.9874 0
    endloop
  endfacet
  facet normal -0 0 -1
    outer loop
      vertex 5.50432 28.8547 0
      vertex 4.7666 24.9874 0
      vertex 4.29118 29.0599 0
    endloop
  endfacet
  facet normal -0 0 -1
    outer loop
      vertex 7.89951 28.2929 0
      vertex 5.80878 24.7659 0
      vertex 6.70779 28.5989 0
    endloop
  endfacet
  facet normal 0 0 -1
    outer loop
      vertex 5.80878 24.7659 0
      vertex 5.50432 28.8547 0
      vertex 6.70779 28.5989 0
    endloop
  endfacet
  facet normal 0 0 -1
    outer loop
      vertex 6.84077 24.5009 0
      vertex 7.89951 28.2929 0
      vertex 9.07736 27.9373 0
    endloop
  endfacet
  facet normal 0 0 -1
    outer loop
      vertex 8.86697 23.8426 0
      vertex 7.86076 24.193 0
      vertex 9.07736 27.9373 0
    endloop
  endfacet
  facet normal 0 0 -1
    outer loop
      vertex 7.86076 24.193 0
      vertex 6.84077 24.5009 0
      vertex 9.07736 27.9373 0
    endloop
  endfacet
  facet normal 0 0 -1
    outer loop
      vertex 8.86697 23.8426 0
      vertex 10.2393 27.5327 0
      vertex 11.3833 27.0797 0
    endloop
  endfacet
  facet normal -0 0 -1
    outer loop
      vertex 12.5073 26.5793 0
      vertex 9.85762 23.4503 0
      vertex 11.3833 27.0797 0
    endloop
  endfacet
  facet normal 0 0 -1
    outer loop
      vertex 9.85762 23.4503 0
      vertex 8.86697 23.8426 0
      vertex 11.3833 27.0797 0
    endloop
  endfacet
  facet normal 0 0 -1
    outer loop
      vertex 10.831 23.017 0
      vertex 12.5073 26.5793 0
      vertex 11.7853 22.5432 0
    endloop
  endfacet
  facet normal 0 0 -1
    outer loop
      vertex 12.719 22.03 0
      vertex 11.7853 22.5432 0
      vertex 14.6873 25.4396 0
    endloop
  endfacet
  facet normal 0 0 -1
    outer loop
      vertex 11.7853 22.5432 0
      vertex 12.5073 26.5793 0
      vertex 13.6093 26.0322 0
    endloop
  endfacet
  facet normal -0 0 -1
    outer loop
      vertex 14.6877 25.4394 0
      vertex 12.719 22.03 0
      vertex 14.6873 25.4396 0
    endloop
  endfacet
  facet normal -0 0 -1
    outer loop
      vertex 15.7399 24.8021 0
      vertex 13.6304 21.478 0
      vertex 14.6877 25.4394 0
    endloop
  endfacet
  facet normal 0 0 -1
    outer loop
      vertex 14.5178 20.8884 0
      vertex 16.7647 24.1212 0
      vertex 17.7601 23.3981 0
    endloop
  endfacet
  facet normal 0 0 -1
    outer loop
      vertex 16.2148 19.6003 0
      vertex 15.3798 20.2621 0
      vertex 17.7601 23.3981 0
    endloop
  endfacet
  facet normal 0 0 -1
    outer loop
      vertex 15.3798 20.2621 0
      vertex 14.5178 20.8884 0
      vertex 17.7601 23.3981 0
    endloop
  endfacet
  facet normal 0 0 -1
    outer loop
      vertex 16.2148 19.6003 0
      vertex 18.7243 22.6338 0
      vertex 19.6557 21.8299 0
    endloop
  endfacet
  facet normal 0 0 -1
    outer loop
      vertex 17.798 18.1747 0
      vertex 17.0213 18.9041 0
      vertex 19.6557 21.8299 0
    endloop
  endfacet
  facet normal 0 0 -1
    outer loop
      vertex 17.0213 18.9041 0
      vertex 16.2148 19.6003 0
      vertex 19.6557 21.8299 0
    endloop
  endfacet
  facet normal -0 0 -1
    outer loop
      vertex 20.5526 20.9876 0
      vertex 17.798 18.1747 0
      vertex 19.6557 21.8299 0
    endloop
  endfacet
  facet normal 0 0 -1
    outer loop
      vertex 18.5435 17.4135 0
      vertex 21.4135 20.1086 0
      vertex 22.2367 19.1942 0
    endloop
  endfacet
  facet normal 0 0 -1
    outer loop
      vertex 19.2564 16.6217 0
      vertex 22.2367 19.1942 0
      vertex 23.021 18.2462 0
    endloop
  endfacet
  facet normal 0 0 -1
    outer loop
      vertex 19.9356 15.8008 0
      vertex 23.7647 17.2664 0
      vertex 20.5798 14.9521 0
    endloop
  endfacet
  facet normal -0 0 -1
    outer loop
      vertex 23.765 17.266 0
      vertex 20.5798 14.9521 0
      vertex 23.7647 17.2664 0
    endloop
  endfacet
  facet normal 0 0 -1
    outer loop
      vertex 21.1878 14.0772 0
      vertex 24.4671 16.2559 0
      vertex 25.1263 15.217 0
    endloop
  endfacet
  facet normal 0 0 -1
    outer loop
      vertex 21.7587 13.1776 0
      vertex 25.1263 15.217 0
      vertex 22.2915 12.2548 0
    endloop
  endfacet
  facet normal -0 0 -1
    outer loop
      vertex 26.3115 13.0612 0
      vertex 22.2915 12.2548 0
      vertex 25.7415 14.1515 0
    endloop
  endfacet
  facet normal 0 0 -1
    outer loop
      vertex 22.2915 12.2548 0
      vertex 25.1263 15.217 0
      vertex 25.7415 14.1515 0
    endloop
  endfacet
  facet normal -0 0 -1
    outer loop
      vertex 26.8354 11.9479 0
      vertex 22.7851 11.3106 0
      vertex 26.3115 13.0612 0
    endloop
  endfacet
  facet normal 0 0 -1
    outer loop
      vertex 22.7851 11.3106 0
      vertex 22.2915 12.2548 0
      vertex 26.3115 13.0612 0
    endloop
  endfacet
  facet normal 0 0 -1
    outer loop
      vertex 23.2388 10.3466 0
      vertex 26.8354 11.9479 0
      vertex 23.6516 9.36435 0
    endloop
  endfacet
  facet normal 0 0 -1
    outer loop
      vertex 23.6516 9.36435 0
      vertex 27.3122 10.8136 0
      vertex 24.023 8.36571 0
    endloop
  endfacet
  facet normal -0 0 -1
    outer loop
      vertex 28.1212 8.4903 0
      vertex 24.023 8.36571 0
      vertex 27.741 9.66045 0
    endloop
  endfacet
  facet normal 0 0 -1
    outer loop
      vertex 24.023 8.36571 0
      vertex 27.3122 10.8136 0
      vertex 27.741 9.66045 0
    endloop
  endfacet
  facet normal 0 0 -1
    outer loop
      vertex 28.1212 8.4903 0
      vertex 24.3523 7.35239 0
      vertex 24.023 8.36571 0
    endloop
  endfacet
  facet normal 0 0 -1
    outer loop
      vertex 24.8821 5.28885 0
      vertex 24.6388 6.32617 0
      vertex 28.4521 7.30525 0
    endloop
  endfacet
  facet normal 0 0 -1
    outer loop
      vertex 24.6388 6.32617 0
      vertex 28.1212 8.4903 0
      vertex 28.4521 7.30525 0
    endloop
  endfacet
  facet normal -0 0 -1
    outer loop
      vertex 28.7331 6.10739 0
      vertex 24.8821 5.28885 0
      vertex 28.4521 7.30525 0
    endloop
  endfacet
  facet normal 0 0 -1
    outer loop
      vertex 25.0818 4.24225 0
      vertex 28.9636 4.89882 0
      vertex 25.2374 3.18822 0
    endloop
  endfacet
  facet normal 0 0 -1
    outer loop
      vertex 25.2374 3.18822 0
      vertex 29.1434 3.68166 0
      vertex 29.272 2.45802 0
    endloop
  endfacet
  facet normal -0 0 -1
    outer loop
      vertex 29.272 2.45802 0
      vertex 25.3488 2.12859 0
      vertex 25.2374 3.18822 0
    endloop
  endfacet
  facet normal 0 0 -1
    outer loop
      vertex 25.438 0 0
      vertex 25.4157 1.06523 0
      vertex 29.3492 1.23009 0
    endloop
  endfacet
  facet normal 0 0 -1
    outer loop
      vertex 25.4157 1.06523 0
      vertex 29.272 2.45802 0
      vertex 29.3492 1.23009 0
    endloop
  endfacet
  facet normal 0 0 -1
    outer loop
      vertex 29.3492 -1.23009 0
      vertex 25.438 0 0
      vertex 29.375 0 0
    endloop
  endfacet
  facet normal 0 0 -1
    outer loop
      vertex 25.438 0 0
      vertex 29.3492 1.23009 0
      vertex 29.375 0 0
    endloop
  endfacet
  facet normal 0 0 -1
    outer loop
      vertex 25.4157 -1.06523 0
      vertex 29.3492 -1.23009 0
      vertex 29.272 -2.45802 0
    endloop
  endfacet
  facet normal 0 0 -1
    outer loop
      vertex 29.272 -2.45802 0
      vertex 25.3488 -2.12859 0
      vertex 25.4157 -1.06523 0
    endloop
  endfacet
  facet normal 0 0 -1
    outer loop
      vertex 28.9636 -4.89882 0
      vertex 25.2374 -3.18822 0
      vertex 29.1434 -3.68166 0
    endloop
  endfacet
  facet normal 0 0 -1
    outer loop
      vertex 25.2374 -3.18822 0
      vertex 29.272 -2.45802 0
      vertex 29.1434 -3.68166 0
    endloop
  endfacet
  facet normal 0 0 -1
    outer loop
      vertex 28.9636 -4.89882 0
      vertex 25.0818 -4.24225 0
      vertex 25.2374 -3.18822 0
    endloop
  endfacet
  facet normal 0 0 -1
    outer loop
      vertex 28.4521 -7.30525 0
      vertex 24.8821 -5.28885 0
      vertex 28.7331 -6.10739 0
    endloop
  endfacet
  facet normal 0 0 -1
    outer loop
      vertex 24.8821 -5.28885 0
      vertex 28.9636 -4.89882 0
      vertex 28.7331 -6.10739 0
    endloop
  endfacet
  facet normal 0 0 -1
    outer loop
      vertex 28.1212 -8.4903 0
      vertex 24.6388 -6.32617 0
      vertex 28.4521 -7.30525 0
    endloop
  endfacet
  facet normal 0 0 -1
    outer loop
      vertex 24.6388 -6.32617 0
      vertex 24.8821 -5.28885 0
      vertex 28.4521 -7.30525 0
    endloop
  endfacet
  facet normal 0 0 -1
    outer loop
      vertex 28.1212 -8.4903 0
      vertex 24.3523 -7.35239 0
      vertex 24.6388 -6.32617 0
    endloop
  endfacet
  facet normal 0 0 -1
    outer loop
      vertex 27.3122 -10.8136 0
      vertex 24.023 -8.36571 0
      vertex 27.741 -9.66045 0
    endloop
  endfacet
  facet normal 0 0 -1
    outer loop
      vertex 24.023 -8.36571 0
      vertex 28.1212 -8.4903 0
      vertex 27.741 -9.66045 0
    endloop
  endfacet
  facet normal 0 0 -1
    outer loop
      vertex 26.8354 -11.9479 0
      vertex 23.6516 -9.36435 0
      vertex 27.3122 -10.8136 0
    endloop
  endfacet
  facet normal 0 0 -1
    outer loop
      vertex 23.6516 -9.36435 0
      vertex 24.023 -8.36571 0
      vertex 27.3122 -10.8136 0
    endloop
  endfacet
  facet normal 0 -0 -1
    outer loop
      vertex 23.2388 -10.3466 0
      vertex 26.8354 -11.9479 0
      vertex 22.7851 -11.3106 0
    endloop
  endfacet
  facet normal 0 -0 -1
    outer loop
      vertex 22.7851 -11.3106 0
      vertex 26.3115 -13.0612 0
      vertex 22.2915 -12.2548 0
    endloop
  endfacet
  facet normal 0 0 -1
    outer loop
      vertex 25.1263 -15.217 0
      vertex 22.2915 -12.2548 0
      vertex 25.7415 -14.1515 0
    endloop
  endfacet
  facet normal 0 0 -1
    outer loop
      vertex 22.2915 -12.2548 0
      vertex 26.3115 -13.0612 0
      vertex 25.7415 -14.1515 0
    endloop
  endfacet
  facet normal 0 0 -1
    outer loop
      vertex 25.1263 -15.217 0
      vertex 21.7587 -13.1776 0
      vertex 22.2915 -12.2548 0
    endloop
  endfacet
  facet normal 0 -0 -1
    outer loop
      vertex 21.1878 -14.0772 0
      vertex 23.765 -17.266 0
      vertex 20.5798 -14.9521 0
    endloop
  endfacet
  facet normal 0 0 -1
    outer loop
      vertex 23.7647 -17.2664 0
      vertex 20.5798 -14.9521 0
      vertex 23.765 -17.266 0
    endloop
  endfacet
  facet normal 0 -0 -1
    outer loop
      vertex 19.9356 -15.8008 0
      vertex 23.021 -18.2462 0
      vertex 19.2564 -16.6217 0
    endloop
  endfacet
  facet normal 0 -0 -1
    outer loop
      vertex 19.2564 -16.6217 0
      vertex 22.2367 -19.1942 0
      vertex 18.5435 -17.4135 0
    endloop
  endfacet
  facet normal 0 0 -1
    outer loop
      vertex 21.4135 -20.1086 0
      vertex 18.5435 -17.4135 0
      vertex 22.2367 -19.1942 0
    endloop
  endfacet
  facet normal 0 0 -1
    outer loop
      vertex 20.5526 -20.9876 0
      vertex 17.798 -18.1747 0
      vertex 18.5435 -17.4135 0
    endloop
  endfacet
  facet normal -0 0 -1
    outer loop
      vertex 20.5526 -20.9876 0
      vertex 19.6557 -21.8299 0
      vertex 17.798 -18.1747 0
    endloop
  endfacet
  facet normal 0 0 -1
    outer loop
      vertex 19.6557 -21.8299 0
      vertex 16.2148 -19.6003 0
      vertex 17.0213 -18.9041 0
    endloop
  endfacet
  facet normal -0 0 -1
    outer loop
      vertex 18.7243 -22.6338 0
      vertex 17.7601 -23.3981 0
      vertex 16.2148 -19.6003 0
    endloop
  endfacet
  facet normal 0 0 -1
    outer loop
      vertex 17.7601 -23.3981 0
      vertex 14.5178 -20.8884 0
      vertex 15.3798 -20.2621 0
    endloop
  endfacet
  facet normal -0 0 -1
    outer loop
      vertex 17.7601 -23.3981 0
      vertex 16.7647 -24.1212 0
      vertex 14.5178 -20.8884 0
    endloop
  endfacet
  facet normal 0 -0 -1
    outer loop
      vertex 14.5178 -20.8884 0
      vertex 16.7647 -24.1212 0
      vertex 13.6304 -21.478 0
    endloop
  endfacet
  facet normal 0 0 -1
    outer loop
      vertex 13.6304 -21.478 0
      vertex 15.7399 -24.8021 0
      vertex 14.6877 -25.4394 0
    endloop
  endfacet
  facet normal 0 0 -1
    outer loop
      vertex 12.719 -22.03 0
      vertex 14.6877 -25.4394 0
      vertex 14.6873 -25.4396 0
    endloop
  endfacet
  facet normal 0 0 -1
    outer loop
      vertex 11.7853 -22.5432 0
      vertex 12.719 -22.03 0
      vertex 14.6873 -25.4396 0
    endloop
  endfacet
  facet normal 0 0 -1
    outer loop
      vertex 12.5073 -26.5793 0
      vertex 11.7853 -22.5432 0
      vertex 13.6093 -26.0322 0
    endloop
  endfacet
  facet normal 0 0 -1
    outer loop
      vertex 12.5073 -26.5793 0
      vertex 10.831 -23.017 0
      vertex 11.7853 -22.5432 0
    endloop
  endfacet
  facet normal 0 0 -1
    outer loop
      vertex 12.5073 -26.5793 0
      vertex 9.85762 -23.4503 0
      vertex 10.831 -23.017 0
    endloop
  endfacet
  facet normal 0 0 -1
    outer loop
      vertex 11.3833 -27.0797 0
      vertex 8.86697 -23.8426 0
      vertex 9.85762 -23.4503 0
    endloop
  endfacet
  facet normal -0 0 -1
    outer loop
      vertex 11.3833 -27.0797 0
      vertex 10.2393 -27.5327 0
      vertex 8.86697 -23.8426 0
    endloop
  endfacet
  facet normal 0 -0 -1
    outer loop
      vertex 8.86697 -23.8426 0
      vertex 9.07736 -27.9373 0
      vertex 7.86076 -24.193 0
    endloop
  endfacet
  facet normal -0 0 -1
    outer loop
      vertex 9.07736 -27.9373 0
      vertex 7.89951 -28.2929 0
      vertex 6.84077 -24.5009 0
    endloop
  endfacet
  facet normal 0 -0 -1
    outer loop
      vertex 6.84077 -24.5009 0
      vertex 7.89951 -28.2929 0
      vertex 5.80878 -24.7659 0
    endloop
  endfacet
  facet normal 0 -0 -1
    outer loop
      vertex 5.80878 -24.7659 0
      vertex 6.70779 -28.5989 0
      vertex 5.50432 -28.8547 0
    endloop
  endfacet
  facet normal 0 0 -1
    outer loop
      vertex 4.7666 -24.9874 0
      vertex 5.80878 -24.7659 0
      vertex 5.50432 -28.8547 0
    endloop
  endfacet
  facet normal 0 0 -1
    outer loop
      vertex 3.71605 -25.1651 0
      vertex 4.7666 -24.9874 0
      vertex 4.29118 -29.0599 0
    endloop
  endfacet
  facet normal 0 0 -1
    outer loop
      vertex 2.65898 -25.2986 0
      vertex 3.71605 -25.1651 0
      vertex 4.29118 -29.0599 0
    endloop
  endfacet
  facet normal 0 0 -1
    outer loop
      vertex 3.07051 -29.2141 0
      vertex 2.65898 -25.2986 0
      vertex 4.29118 -29.0599 0
    endloop
  endfacet
  facet normal 0 0 -1
    outer loop
      vertex 1.84447 -29.317 0
      vertex 1.59726 -25.3878 0
      vertex 3.07051 -29.2141 0
    endloop
  endfacet
  facet normal 0 0 -1
    outer loop
      vertex 14.6875 25.4395 0
      vertex 15.4325 26.3084 0
      vertex 14.6877 25.4394 0
    endloop
  endfacet
  facet normal -0 0 -1
    outer loop
      vertex -8.48755 28.1289 0
      vertex -9.66719 27.7456 0
      vertex -9.22461 29.0723 0
    endloop
  endfacet
  facet normal 0 -0 -1
    outer loop
      vertex 9.22461 29.0723 0
      vertex 9.66719 27.7456 0
      vertex 8.48755 28.1289 0
    endloop
  endfacet
  facet normal -0 -0 -1
    outer loop
      vertex 9.62541 28.9421 0
      vertex 9.66719 27.7456 0
      vertex 9.22461 29.0723 0
    endloop
  endfacet
  facet normal 0 0 -1
    outer loop
      vertex -21.2098 20.3327 0
      vertex -21.7157 21.4178 0
      vertex -21.4178 21.7157 0
    endloop
  endfacet
  facet normal 0 0 -1
    outer loop
      vertex -9.94806 27.6462 0
      vertex -11.1269 28.3987 0
      vertex -10.7335 28.5497 0
    endloop
  endfacet
  facet normal 0 -0 -1
    outer loop
      vertex 10.7335 28.5497 0
      vertex 11.1269 28.3987 0
      vertex 9.94806 27.6462 0
    endloop
  endfacet
  facet normal 0 0 -1
    outer loop
      vertex 11.1269 28.3987 0
      vertex 11.106 27.2017 0
      vertex 9.94806 27.6462 0
    endloop
  endfacet
  facet normal 0 0 -1
    outer loop
      vertex -11.3813 27.0876 0
      vertex -12.5979 27.7774 0
      vertex -12.213 27.9488 0
    endloop
  endfacet
  facet normal 0 0 -1
    outer loop
      vertex -15.2246 25.1294 0
      vertex -15.4325 26.3084 0
      vertex -14.6877 25.4394 0
    endloop
  endfacet
  facet normal 0 -0 -1
    outer loop
      vertex 12.213 27.9488 0
      vertex 12.5979 27.7774 0
      vertex 11.3813 27.0876 0
    endloop
  endfacet
  facet normal 0 0 -1
    outer loop
      vertex 12.5979 27.7774 0
      vertex 12.5144 26.5831 0
      vertex 11.3813 27.0876 0
    endloop
  endfacet
  facet normal 0 -0 -1
    outer loop
      vertex 15.0675 26.5191 0
      vertex 15.4325 26.3084 0
      vertex 14.6875 25.4395 0
    endloop
  endfacet
  facet normal 0 0 -1
    outer loop
      vertex 15.4325 26.3084 0
      vertex 15.2246 25.1294 0
      vertex 14.6877 25.4394 0
    endloop
  endfacet
  facet normal 0 -0 -1
    outer loop
      vertex 13.659 27.2713 0
      vertex 14.0344 27.08 0
      vertex 12.7834 26.4549 0
    endloop
  endfacet
  facet normal 0 0 -1
    outer loop
      vertex 14.0344 27.08 0
      vertex 13.8885 25.8918 0
      vertex 12.7834 26.4549 0
    endloop
  endfacet
  facet normal 0 0 -1
    outer loop
      vertex 14.1504 25.7496 0
      vertex 15.0675 26.5191 0
      vertex 14.6873 25.4396 0
    endloop
  endfacet
  facet normal 0 -0 -1
    outer loop
      vertex 13.6093 26.0322 0
      vertex 14.6873 25.4396 0
      vertex 11.7853 22.5432 0
    endloop
  endfacet
  facet normal 0 0 -1
    outer loop
      vertex 14.6873 25.4396 0
      vertex 15.0675 26.5191 0
      vertex 14.6875 25.4395 0
    endloop
  endfacet
  facet normal 0 0 -1
    outer loop
      vertex 14.6877 25.4394 0
      vertex 13.6304 21.478 0
      vertex 12.719 22.03 0
    endloop
  endfacet
  facet normal 0 0 -1
    outer loop
      vertex -15.4325 26.3084 0
      vertex -15.0675 26.5191 0
      vertex -14.6875 25.4395 0
    endloop
  endfacet
  facet normal 0 0 -1
    outer loop
      vertex -15.4325 26.3084 0
      vertex -14.6875 25.4395 0
      vertex -14.6877 25.4394 0
    endloop
  endfacet
  facet normal 0 0 -1
    outer loop
      vertex -14.6873 25.4396 0
      vertex -15.0675 26.5191 0
      vertex -14.1504 25.7496 0
    endloop
  endfacet
  facet normal 0 0 -1
    outer loop
      vertex -14.6875 25.4395 0
      vertex -15.0675 26.5191 0
      vertex -14.6873 25.4396 0
    endloop
  endfacet
  facet normal 0 0 -1
    outer loop
      vertex -14.6873 25.4396 0
      vertex -13.6093 26.0322 0
      vertex -11.7853 22.5432 0
    endloop
  endfacet
  facet normal 0 0 -1
    outer loop
      vertex -24.9737 15.4786 0
      vertex -25.6942 16.4348 0
      vertex -24.2982 16.5189 0
    endloop
  endfacet
  facet normal 0 -0 -1
    outer loop
      vertex 16.4348 25.6942 0
      vertex 16.5189 24.2982 0
      vertex 15.4786 24.9737 0
    endloop
  endfacet
  facet normal -0 0 -1
    outer loop
      vertex 16.7882 25.4647 0
      vertex 16.5189 24.2982 0
      vertex 16.4348 25.6942 0
    endloop
  endfacet
  facet normal 0 0 -1
    outer loop
      vertex -18.9682 22.4384 0
      vertex -19.358 23.5703 0
      vertex -19.0305 23.8355 0
    endloop
  endfacet
  facet normal -0 0 -1
    outer loop
      vertex -16.7645 24.1294 0
      vertex -17.7679 23.4003 0
      vertex -17.757 24.7989 0
    endloop
  endfacet
  facet normal 0 0 -1
    outer loop
      vertex -20.1166 21.4149 0
      vertex -20.5651 22.5249 0
      vertex -19.1948 22.2449 0
    endloop
  endfacet
  facet normal 0 0 -1
    outer loop
      vertex -20.5651 22.5249 0
      vertex -20.2519 22.8069 0
      vertex -19.1948 22.2449 0
    endloop
  endfacet
  facet normal 0 -0 -1
    outer loop
      vertex 17.757 24.7989 0
      vertex 17.7679 23.4003 0
      vertex 16.7645 24.1294 0
    endloop
  endfacet
  facet normal -0 0 -1
    outer loop
      vertex 18.0979 24.5512 0
      vertex 17.7679 23.4003 0
      vertex 17.757 24.7989 0
    endloop
  endfacet
  facet normal 0 0 -1
    outer loop
      vertex -21.2098 20.3327 0
      vertex -21.4178 21.7157 0
      vertex -20.3327 21.2098 0
    endloop
  endfacet
  facet normal 0 0 -1
    outer loop
      vertex 19.0305 23.8355 0
      vertex 18.9682 22.4384 0
      vertex 18.0043 23.2189 0
    endloop
  endfacet
  facet normal -0 0 -1
    outer loop
      vertex 19.358 23.5703 0
      vertex 18.9682 22.4384 0
      vertex 19.0305 23.8355 0
    endloop
  endfacet
  facet normal 0 0 -1
    outer loop
      vertex 23.7649 17.2662 0
      vertex 24.7989 17.757 0
      vertex 23.765 17.266 0
    endloop
  endfacet
  facet normal 0 -0 -1
    outer loop
      vertex 20.2519 22.8069 0
      vertex 20.5651 22.5249 0
      vertex 19.1948 22.2449 0
    endloop
  endfacet
  facet normal 0 0 -1
    outer loop
      vertex 20.5651 22.5249 0
      vertex 20.1166 21.4149 0
      vertex 19.1948 22.2449 0
    endloop
  endfacet
  facet normal 0 0 -1
    outer loop
      vertex -23.2189 18.0043 0
      vertex -23.8355 19.0305 0
      vertex -22.4384 18.9682 0
    endloop
  endfacet
  facet normal -0 0 -1
    outer loop
      vertex -21.4149 20.1166 0
      vertex -22.2449 19.1948 0
      vertex -22.5249 20.5651 0
    endloop
  endfacet
  facet normal 0 0 -1
    outer loop
      vertex 21.4178 21.7157 0
      vertex 21.2098 20.3327 0
      vertex 20.3327 21.2098 0
    endloop
  endfacet
  facet normal -0 0 -1
    outer loop
      vertex 21.7157 21.4178 0
      vertex 21.2098 20.3327 0
      vertex 21.4178 21.7157 0
    endloop
  endfacet
  facet normal 0 0 -1
    outer loop
      vertex -24.1294 16.7645 0
      vertex -24.7989 17.757 0
      vertex -23.765 17.266 0
    endloop
  endfacet
  facet normal 0 0 -1
    outer loop
      vertex -24.7989 17.757 0
      vertex -23.7649 17.2662 0
      vertex -23.765 17.266 0
    endloop
  endfacet
  facet normal 0 0 -1
    outer loop
      vertex 22.5249 20.5651 0
      vertex 22.2449 19.1948 0
      vertex 21.4149 20.1166 0
    endloop
  endfacet
  facet normal -0 0 -1
    outer loop
      vertex 22.8069 20.2519 0
      vertex 22.2449 19.1948 0
      vertex 22.5249 20.5651 0
    endloop
  endfacet
  facet normal 0 -0 -1
    outer loop
      vertex 24.5512 18.0979 0
      vertex 24.7989 17.757 0
      vertex 23.7649 17.2662 0
    endloop
  endfacet
  facet normal 0 0 -1
    outer loop
      vertex -24.7989 17.757 0
      vertex -24.5512 18.0979 0
      vertex -23.7649 17.2662 0
    endloop
  endfacet
  facet normal 0 -0 -1
    outer loop
      vertex 23.5703 19.358 0
      vertex 23.8355 19.0305 0
      vertex 22.4384 18.9682 0
    endloop
  endfacet
  facet normal 0 0 -1
    outer loop
      vertex 23.8355 19.0305 0
      vertex 23.2189 18.0043 0
      vertex 22.4384 18.9682 0
    endloop
  endfacet
  facet normal 0 0 -1
    outer loop
      vertex -23.7647 17.2664 0
      vertex -24.5512 18.0979 0
      vertex -23.4003 17.7679 0
    endloop
  endfacet
  facet normal 0 0 -1
    outer loop
      vertex -23.7649 17.2662 0
      vertex -24.5512 18.0979 0
      vertex -23.7647 17.2664 0
    endloop
  endfacet
  facet normal 0 0 -1
    outer loop
      vertex -23.7647 17.2664 0
      vertex -23.021 18.2462 0
      vertex -19.9356 15.8008 0
    endloop
  endfacet
  facet normal 0 0 -1
    outer loop
      vertex 24.7989 17.757 0
      vertex 24.1294 16.7645 0
      vertex 23.765 17.266 0
    endloop
  endfacet
  facet normal 0 0 -1
    outer loop
      vertex 23.4003 17.7679 0
      vertex 24.5512 18.0979 0
      vertex 23.7647 17.2664 0
    endloop
  endfacet
  facet normal 0 -0 -1
    outer loop
      vertex 23.021 18.2462 0
      vertex 23.7647 17.2664 0
      vertex 19.9356 15.8008 0
    endloop
  endfacet
  facet normal 0 0 -1
    outer loop
      vertex 23.7647 17.2664 0
      vertex 24.5512 18.0979 0
      vertex 23.7649 17.2662 0
    endloop
  endfacet
  facet normal 0 0 -1
    outer loop
      vertex 23.765 17.266 0
      vertex 21.1878 14.0772 0
      vertex 20.5798 14.9521 0
    endloop
  endfacet
  facet normal 0 0 -1
    outer loop
      vertex -25.6942 16.4348 0
      vertex -25.4647 16.7882 0
      vertex -24.2982 16.5189 0
    endloop
  endfacet
  facet normal 0 0 -1
    outer loop
      vertex -26.4549 12.7834 0
      vertex -27.2713 13.659 0
      vertex -27.08 14.0344 0
    endloop
  endfacet
  facet normal 0 0 -1
    outer loop
      vertex -29.1104 3.98271 0
      vertex -30.1575 4.56313 0
      vertex -30.0915 4.97935 0
    endloop
  endfacet
  facet normal 0 -0 -1
    outer loop
      vertex 25.4647 16.7882 0
      vertex 25.6942 16.4348 0
      vertex 24.2982 16.5189 0
    endloop
  endfacet
  facet normal -0 0 -1
    outer loop
      vertex 25.6942 16.4348 0
      vertex 24.9737 15.4786 0
      vertex 24.2982 16.5189 0
    endloop
  endfacet
  facet normal -0 0 -1
    outer loop
      vertex -25.1294 15.2246 0
      vertex -25.7496 14.1504 0
      vertex -26.3084 15.4325 0
    endloop
  endfacet
  facet normal 0 0 -1
    outer loop
      vertex 26.3084 15.4325 0
      vertex 25.7496 14.1504 0
      vertex 25.1294 15.2246 0
    endloop
  endfacet
  facet normal -0 0 -1
    outer loop
      vertex 26.5191 15.0675 0
      vertex 25.7496 14.1504 0
      vertex 26.3084 15.4325 0
    endloop
  endfacet
  facet normal 0 0 -1
    outer loop
      vertex -27.0876 11.3813 0
      vertex -27.9488 12.213 0
      vertex -27.7774 12.5979 0
    endloop
  endfacet
  facet normal 0 0 -1
    outer loop
      vertex 27.08 14.0344 0
      vertex 26.4549 12.7834 0
      vertex 25.8918 13.8885 0
    endloop
  endfacet
  facet normal -0 0 -1
    outer loop
      vertex 27.2713 13.659 0
      vertex 26.4549 12.7834 0
      vertex 27.08 14.0344 0
    endloop
  endfacet
  facet normal 0 0 -1
    outer loop
      vertex -27.6462 9.94806 0
      vertex -28.5497 10.7335 0
      vertex -28.3987 11.1269 0
    endloop
  endfacet
  facet normal 0 0 -1
    outer loop
      vertex -27.0876 11.3813 0
      vertex -27.7774 12.5979 0
      vertex -26.5831 12.5144 0
    endloop
  endfacet
  facet normal 0 0 -1
    outer loop
      vertex 27.7774 12.5979 0
      vertex 27.0876 11.3813 0
      vertex 26.5831 12.5144 0
    endloop
  endfacet
  facet normal -0 0 -1
    outer loop
      vertex 27.9488 12.213 0
      vertex 27.0876 11.3813 0
      vertex 27.7774 12.5979 0
    endloop
  endfacet
  facet normal 0 0 -1
    outer loop
      vertex 28.3987 11.1269 0
      vertex 27.6462 9.94806 0
      vertex 27.2017 11.106 0
    endloop
  endfacet
  facet normal -0 0 -1
    outer loop
      vertex 28.5497 10.7335 0
      vertex 27.6462 9.94806 0
      vertex 28.3987 11.1269 0
    endloop
  endfacet
  facet normal 0 0 -1
    outer loop
      vertex -28.5346 7.00375 0
      vertex -29.5153 7.69044 0
      vertex -28.2135 8.20184 0
    endloop
  endfacet
  facet normal 0 0 -1
    outer loop
      vertex -27.7456 9.66719 0
      vertex -29.0723 9.22461 0
      vertex -28.9421 9.62541 0
    endloop
  endfacet
  facet normal 0 0 -1
    outer loop
      vertex -28.862 5.50078 0
      vertex -29.8773 6.13519 0
      vertex -28.6041 6.71402 0
    endloop
  endfacet
  facet normal 0 0 -1
    outer loop
      vertex -29.8773 6.13519 0
      vertex -29.7897 6.54741 0
      vertex -28.6041 6.71402 0
    endloop
  endfacet
  facet normal 0 0 -1
    outer loop
      vertex -29.3672 0.91803 0
      vertex -30.4692 1.38582 0
      vertex -30.4472 1.80666 0
    endloop
  endfacet
  facet normal -0 -0 -1
    outer loop
      vertex 28.9421 9.62541 0
      vertex 29.0723 9.22461 0
      vertex 27.7456 9.66719 0
    endloop
  endfacet
  facet normal -0 0 -1
    outer loop
      vertex 29.0723 9.22461 0
      vertex 28.1289 8.48755 0
      vertex 27.7456 9.66719 0
    endloop
  endfacet
  facet normal -0 -0 -1
    outer loop
      vertex 29.4062 8.0975 0
      vertex 29.5153 7.69044 0
      vertex 28.2135 8.20184 0
    endloop
  endfacet
  facet normal -0 0 -1
    outer loop
      vertex 29.5153 7.69044 0
      vertex 28.5346 7.00375 0
      vertex 28.2135 8.20184 0
    endloop
  endfacet
  facet normal 0 0 -1
    outer loop
      vertex 29.375 0 0
      vertex 30.5 -0.210709 0
      vertex 29.375 -0.620178 0
    endloop
  endfacet
  facet normal -0 -0 -1
    outer loop
      vertex 29.7897 6.54741 0
      vertex 29.8773 6.13519 0
      vertex 28.6041 6.71402 0
    endloop
  endfacet
  facet normal -0 0 -1
    outer loop
      vertex 29.8773 6.13519 0
      vertex 28.862 5.50078 0
      vertex 28.6041 6.71402 0
    endloop
  endfacet
  facet normal -0 0 -1
    outer loop
      vertex 30.0915 4.97935 0
      vertex 29.1104 3.98271 0
      vertex 28.9163 5.20779 0
    endloop
  endfacet
  facet normal -0 0 -1
    outer loop
      vertex 30.1575 4.56313 0
      vertex 29.1104 3.98271 0
      vertex 30.0915 4.97935 0
    endloop
  endfacet
  facet normal 0 0 -1
    outer loop
      vertex -29.1492 3.6873 0
      vertex -29.2789 2.45374 0
      vertex -30.3109 3.39766 0
    endloop
  endfacet
  facet normal 0 0 -1
    outer loop
      vertex -29.375 -0.620178 0
      vertex -30.5 -0.210709 0
      vertex -29.375 0 0
    endloop
  endfacet
  facet normal 0 0 -1
    outer loop
      vertex -29.3672 0.91803 0
      vertex -30.4472 1.80666 0
      vertex -29.3023 2.15669 0
    endloop
  endfacet
  facet normal -0 0 -1
    outer loop
      vertex 30.3109 3.39766 0
      vertex 29.2789 2.45374 0
      vertex 29.1492 3.6873 0
    endloop
  endfacet
  facet normal -0 0 -1
    outer loop
      vertex 30.3549 2.97856 0
      vertex 29.2789 2.45374 0
      vertex 30.3109 3.39766 0
    endloop
  endfacet
  facet normal -0 0 -1
    outer loop
      vertex 30.4472 1.80666 0
      vertex 29.3672 0.91803 0
      vertex 29.3023 2.15669 0
    endloop
  endfacet
  facet normal -0 0 -1
    outer loop
      vertex 30.4692 1.38582 0
      vertex 29.3672 0.91803 0
      vertex 30.4472 1.80666 0
    endloop
  endfacet
  facet normal 0 0 -1
    outer loop
      vertex -29.3023 -2.15669 0
      vertex -30.4472 -1.80666 0
      vertex -29.3672 -0.91803 0
    endloop
  endfacet
  facet normal 0 0 -1
    outer loop
      vertex 29.375 0.620178 0
      vertex 30.5 0.210709 0
      vertex 29.375 0 0
    endloop
  endfacet
  facet normal 0 0 -1
    outer loop
      vertex -29.375 0 0
      vertex -30.5 0.210709 0
      vertex -29.375 0.620178 0
    endloop
  endfacet
  facet normal 0 0 -1
    outer loop
      vertex -30.5 -0.210709 0
      vertex -30.5 0.210709 0
      vertex -29.375 0 0
    endloop
  endfacet
  facet normal 0 0 -1
    outer loop
      vertex -30.4472 -1.80666 0
      vertex -30.4692 -1.38582 0
      vertex -29.3672 -0.91803 0
    endloop
  endfacet
  facet normal 0 0 -1
    outer loop
      vertex -28.9163 -5.20779 0
      vertex -30.0915 -4.97935 0
      vertex -29.1104 -3.98271 0
    endloop
  endfacet
  facet normal -0 0 -1
    outer loop
      vertex 30.4692 -1.38582 0
      vertex 30.4472 -1.80666 0
      vertex 29.3672 -0.91803 0
    endloop
  endfacet
  facet normal -0 0 -1
    outer loop
      vertex 30.4472 -1.80666 0
      vertex 29.3023 -2.15669 0
      vertex 29.3672 -0.91803 0
    endloop
  endfacet
  facet normal 0 0 -1
    outer loop
      vertex -29.2789 -2.45374 0
      vertex -30.3109 -3.39766 0
      vertex -30.3549 -2.97856 0
    endloop
  endfacet
  facet normal -0 0 -1
    outer loop
      vertex 30.3549 -2.97856 0
      vertex 30.3109 -3.39766 0
      vertex 29.2789 -2.45374 0
    endloop
  endfacet
  facet normal -0 0 -1
    outer loop
      vertex 30.3109 -3.39766 0
      vertex 29.1492 -3.6873 0
      vertex 29.2789 -2.45374 0
    endloop
  endfacet
  facet normal 0 0 -1
    outer loop
      vertex -28.6041 -6.71402 0
      vertex -29.7897 -6.54741 0
      vertex -29.8773 -6.13519 0
    endloop
  endfacet
  facet normal 0 0 -1
    outer loop
      vertex -30.0915 -4.97935 0
      vertex -30.1575 -4.56313 0
      vertex -29.1104 -3.98271 0
    endloop
  endfacet
  facet normal 0 0 -1
    outer loop
      vertex -28.2135 -8.20184 0
      vertex -29.4062 -8.0975 0
      vertex -29.5153 -7.69044 0
    endloop
  endfacet
  facet normal -0 0 -1
    outer loop
      vertex 30.1575 -4.56313 0
      vertex 30.0915 -4.97935 0
      vertex 29.1104 -3.98271 0
    endloop
  endfacet
  facet normal -0 0 -1
    outer loop
      vertex 30.0915 -4.97935 0
      vertex 28.9163 -5.20779 0
      vertex 29.1104 -3.98271 0
    endloop
  endfacet
  facet normal -0 0 -1
    outer loop
      vertex 29.8773 -6.13519 0
      vertex 28.6041 -6.71402 0
      vertex 28.862 -5.50078 0
    endloop
  endfacet
  facet normal -0 0 -1
    outer loop
      vertex 29.7897 -6.54741 0
      vertex 28.6041 -6.71402 0
      vertex 29.8773 -6.13519 0
    endloop
  endfacet
  facet normal -0 0 -1
    outer loop
      vertex 29.5153 -7.69044 0
      vertex 28.2135 -8.20184 0
      vertex 28.5346 -7.00375 0
    endloop
  endfacet
  facet normal -0 0 -1
    outer loop
      vertex 29.4062 -8.0975 0
      vertex 28.2135 -8.20184 0
      vertex 29.5153 -7.69044 0
    endloop
  endfacet
  facet normal 0 -0 -1
    outer loop
      vertex -28.1289 -8.48755 0
      vertex -27.7456 -9.66719 0
      vertex -29.0723 -9.22461 0
    endloop
  endfacet
  facet normal -0 0 -1
    outer loop
      vertex 29.0723 -9.22461 0
      vertex 27.7456 -9.66719 0
      vertex 28.1289 -8.48755 0
    endloop
  endfacet
  facet normal -0 0 -1
    outer loop
      vertex 28.9421 -9.62541 0
      vertex 27.7456 -9.66719 0
      vertex 29.0723 -9.22461 0
    endloop
  endfacet
  facet normal 0 0 -1
    outer loop
      vertex -27.6462 -9.94806 0
      vertex -28.3987 -11.1269 0
      vertex -28.5497 -10.7335 0
    endloop
  endfacet
  facet normal -0 0 -1
    outer loop
      vertex 28.5497 -10.7335 0
      vertex 28.3987 -11.1269 0
      vertex 27.6462 -9.94806 0
    endloop
  endfacet
  facet normal 0 0 -1
    outer loop
      vertex 28.3987 -11.1269 0
      vertex 27.2017 -11.106 0
      vertex 27.6462 -9.94806 0
    endloop
  endfacet
  facet normal 0 0 -1
    outer loop
      vertex -28.3987 -11.1269 0
      vertex -27.6462 -9.94806 0
      vertex -27.2017 -11.106 0
    endloop
  endfacet
  facet normal 0 0 -1
    outer loop
      vertex -27.0876 -11.3813 0
      vertex -27.7774 -12.5979 0
      vertex -27.9488 -12.213 0
    endloop
  endfacet
  facet normal 0 0 -1
    outer loop
      vertex -27.7774 -12.5979 0
      vertex -27.0876 -11.3813 0
      vertex -26.5831 -12.5144 0
    endloop
  endfacet
  facet normal 0 -0 -1
    outer loop
      vertex 23.7649 -17.2662 0
      vertex 24.5512 -18.0979 0
      vertex 23.7647 -17.2664 0
    endloop
  endfacet
  facet normal -0 0 -1
    outer loop
      vertex 27.9488 -12.213 0
      vertex 27.7774 -12.5979 0
      vertex 27.0876 -11.3813 0
    endloop
  endfacet
  facet normal 0 0 -1
    outer loop
      vertex 27.7774 -12.5979 0
      vertex 26.5831 -12.5144 0
      vertex 27.0876 -11.3813 0
    endloop
  endfacet
  facet normal 0 0 -1
    outer loop
      vertex -26.4549 -12.7834 0
      vertex -27.08 -14.0344 0
      vertex -27.2713 -13.659 0
    endloop
  endfacet
  facet normal -0 0 -1
    outer loop
      vertex 27.2713 -13.659 0
      vertex 27.08 -14.0344 0
      vertex 26.4549 -12.7834 0
    endloop
  endfacet
  facet normal 0 0 -1
    outer loop
      vertex 27.08 -14.0344 0
      vertex 25.8918 -13.8885 0
      vertex 26.4549 -12.7834 0
    endloop
  endfacet
  facet normal 0 0 -1
    outer loop
      vertex -27.08 -14.0344 0
      vertex -26.4549 -12.7834 0
      vertex -25.8918 -13.8885 0
    endloop
  endfacet
  facet normal 0 0 -1
    outer loop
      vertex -25.7496 -14.1504 0
      vertex -26.3084 -15.4325 0
      vertex -26.5191 -15.0675 0
    endloop
  endfacet
  facet normal -0 0 -1
    outer loop
      vertex 26.5191 -15.0675 0
      vertex 26.3084 -15.4325 0
      vertex 25.7496 -14.1504 0
    endloop
  endfacet
  facet normal 0 0 -1
    outer loop
      vertex 26.3084 -15.4325 0
      vertex 25.1294 -15.2246 0
      vertex 25.7496 -14.1504 0
    endloop
  endfacet
  facet normal 0 0 -1
    outer loop
      vertex -26.3084 -15.4325 0
      vertex -25.7496 -14.1504 0
      vertex -25.1294 -15.2246 0
    endloop
  endfacet
  facet normal -0 0 -1
    outer loop
      vertex -24.2982 -16.5189 0
      vertex -25.4647 -16.7882 0
      vertex -25.6942 -16.4348 0
    endloop
  endfacet
  facet normal -0 0 -1
    outer loop
      vertex 24.7989 -17.757 0
      vertex 24.5512 -18.0979 0
      vertex 23.7649 -17.2662 0
    endloop
  endfacet
  facet normal -0 0 -1
    outer loop
      vertex 25.6942 -16.4348 0
      vertex 24.2982 -16.5189 0
      vertex 24.9737 -15.4786 0
    endloop
  endfacet
  facet normal 0 0 -1
    outer loop
      vertex 25.4647 -16.7882 0
      vertex 24.2982 -16.5189 0
      vertex 25.6942 -16.4348 0
    endloop
  endfacet
  facet normal 0 0 -1
    outer loop
      vertex -25.6942 -16.4348 0
      vertex -24.9737 -15.4786 0
      vertex -24.2982 -16.5189 0
    endloop
  endfacet
  facet normal 0 0 -1
    outer loop
      vertex -23.7649 -17.2662 0
      vertex -24.5512 -18.0979 0
      vertex -24.7989 -17.757 0
    endloop
  endfacet
  facet normal 0 0 -1
    outer loop
      vertex -24.5512 -18.0979 0
      vertex -23.7649 -17.2662 0
      vertex -23.7647 -17.2664 0
    endloop
  endfacet
  facet normal 0 -0 -1
    outer loop
      vertex -23.765 -17.266 0
      vertex -23.7649 -17.2662 0
      vertex -24.7989 -17.757 0
    endloop
  endfacet
  facet normal 0 0 -1
    outer loop
      vertex -23.7647 -17.2664 0
      vertex -19.9356 -15.8008 0
      vertex -23.021 -18.2462 0
    endloop
  endfacet
  facet normal 0 0 -1
    outer loop
      vertex -23.765 -17.266 0
      vertex -21.1878 -14.0772 0
      vertex -20.5798 -14.9521 0
    endloop
  endfacet
  facet normal 0 -0 -1
    outer loop
      vertex 24.1294 -16.7645 0
      vertex 24.7989 -17.757 0
      vertex 23.765 -17.266 0
    endloop
  endfacet
  facet normal 0 0 -1
    outer loop
      vertex 24.5512 -18.0979 0
      vertex 23.4003 -17.7679 0
      vertex 23.7647 -17.2664 0
    endloop
  endfacet
  facet normal -0 0 -1
    outer loop
      vertex 24.4671 -16.2559 0
      vertex 23.765 -17.266 0
      vertex 21.1878 -14.0772 0
    endloop
  endfacet
  facet normal 0 -0 -1
    outer loop
      vertex 23.765 -17.266 0
      vertex 24.7989 -17.757 0
      vertex 23.7649 -17.2662 0
    endloop
  endfacet
  facet normal -0 0 -1
    outer loop
      vertex 23.7647 -17.2664 0
      vertex 23.021 -18.2462 0
      vertex 19.9356 -15.8008 0
    endloop
  endfacet
  facet normal 0 0 -1
    outer loop
      vertex -22.4384 -18.9682 0
      vertex -23.5703 -19.358 0
      vertex -23.8355 -19.0305 0
    endloop
  endfacet
  facet normal 0 0 -1
    outer loop
      vertex 23.8355 -19.0305 0
      vertex 22.4384 -18.9682 0
      vertex 23.2189 -18.0043 0
    endloop
  endfacet
  facet normal 0 0 -1
    outer loop
      vertex 23.5703 -19.358 0
      vertex 22.4384 -18.9682 0
      vertex 23.8355 -19.0305 0
    endloop
  endfacet
  facet normal 0 0 -1
    outer loop
      vertex -23.8355 -19.0305 0
      vertex -23.2189 -18.0043 0
      vertex -22.4384 -18.9682 0
    endloop
  endfacet
  facet normal 0 0 -1
    outer loop
      vertex -22.2449 -19.1948 0
      vertex -22.5249 -20.5651 0
      vertex -22.8069 -20.2519 0
    endloop
  endfacet
  facet normal -0 0 -1
    outer loop
      vertex 22.8069 -20.2519 0
      vertex 22.5249 -20.5651 0
      vertex 22.2449 -19.1948 0
    endloop
  endfacet
  facet normal 0 0 -1
    outer loop
      vertex 22.5249 -20.5651 0
      vertex 21.4149 -20.1166 0
      vertex 22.2449 -19.1948 0
    endloop
  endfacet
  facet normal 0 0 -1
    outer loop
      vertex -22.5249 -20.5651 0
      vertex -22.2449 -19.1948 0
      vertex -21.4149 -20.1166 0
    endloop
  endfacet
  facet normal 0 0 -1
    outer loop
      vertex -21.4178 -21.7157 0
      vertex -21.2098 -20.3327 0
      vertex -20.3327 -21.2098 0
    endloop
  endfacet
  facet normal -0 0 -1
    outer loop
      vertex 21.7157 -21.4178 0
      vertex 21.4178 -21.7157 0
      vertex 21.2098 -20.3327 0
    endloop
  endfacet
  facet normal 0 0 -1
    outer loop
      vertex 21.4178 -21.7157 0
      vertex 20.3327 -21.2098 0
      vertex 21.2098 -20.3327 0
    endloop
  endfacet
  facet normal 0 0 -1
    outer loop
      vertex -19.1948 -22.2449 0
      vertex -20.2519 -22.8069 0
      vertex -20.5651 -22.5249 0
    endloop
  endfacet
  facet normal 0 0 -1
    outer loop
      vertex 20.5651 -22.5249 0
      vertex 19.1948 -22.2449 0
      vertex 20.1166 -21.4149 0
    endloop
  endfacet
  facet normal 0 0 -1
    outer loop
      vertex 20.2519 -22.8069 0
      vertex 19.1948 -22.2449 0
      vertex 20.5651 -22.5249 0
    endloop
  endfacet
  facet normal 0 0 -1
    outer loop
      vertex -20.5651 -22.5249 0
      vertex -20.1166 -21.4149 0
      vertex -19.1948 -22.2449 0
    endloop
  endfacet
  facet normal 0 0 -1
    outer loop
      vertex -18.9682 -22.4384 0
      vertex -19.0305 -23.8355 0
      vertex -19.358 -23.5703 0
    endloop
  endfacet
  facet normal 0 0 -1
    outer loop
      vertex -19.0305 -23.8355 0
      vertex -18.9682 -22.4384 0
      vertex -18.0043 -23.2189 0
    endloop
  endfacet
  facet normal -0 0 -1
    outer loop
      vertex 19.358 -23.5703 0
      vertex 19.0305 -23.8355 0
      vertex 18.9682 -22.4384 0
    endloop
  endfacet
  facet normal 0 0 -1
    outer loop
      vertex 19.0305 -23.8355 0
      vertex 18.0043 -23.2189 0
      vertex 18.9682 -22.4384 0
    endloop
  endfacet
  facet normal 0 -0 -1
    outer loop
      vertex -17.7679 -23.4003 0
      vertex -17.757 -24.7989 0
      vertex -18.0979 -24.5512 0
    endloop
  endfacet
  facet normal -0 0 -1
    outer loop
      vertex 18.0979 -24.5512 0
      vertex 17.757 -24.7989 0
      vertex 17.7679 -23.4003 0
    endloop
  endfacet
  facet normal 0 0 -1
    outer loop
      vertex 17.757 -24.7989 0
      vertex 16.7645 -24.1294 0
      vertex 17.7679 -23.4003 0
    endloop
  endfacet
  facet normal 0 0 -1
    outer loop
      vertex -17.757 -24.7989 0
      vertex -17.7679 -23.4003 0
      vertex -16.7645 -24.1294 0
    endloop
  endfacet
  facet normal 0 -0 -1
    outer loop
      vertex -16.5189 -24.2982 0
      vertex -16.4348 -25.6942 0
      vertex -16.7882 -25.4647 0
    endloop
  endfacet
  facet normal -0 0 -1
    outer loop
      vertex 16.7882 -25.4647 0
      vertex 16.4348 -25.6942 0
      vertex 16.5189 -24.2982 0
    endloop
  endfacet
  facet normal 0 0 -1
    outer loop
      vertex 16.4348 -25.6942 0
      vertex 15.4786 -24.9737 0
      vertex 16.5189 -24.2982 0
    endloop
  endfacet
  facet normal 0 0 -1
    outer loop
      vertex -16.4348 -25.6942 0
      vertex -16.5189 -24.2982 0
      vertex -15.4786 -24.9737 0
    endloop
  endfacet
  facet normal 0 0 -1
    outer loop
      vertex -12.7834 -26.4549 0
      vertex -13.659 -27.2713 0
      vertex -14.0344 -27.08 0
    endloop
  endfacet
  facet normal 0 0 -1
    outer loop
      vertex -14.0344 -27.08 0
      vertex -13.8885 -25.8918 0
      vertex -12.7834 -26.4549 0
    endloop
  endfacet
  facet normal 0 0 -1
    outer loop
      vertex -11.3813 -27.0876 0
      vertex -12.213 -27.9488 0
      vertex -12.5979 -27.7774 0
    endloop
  endfacet
  facet normal 0 0 -1
    outer loop
      vertex 14.0344 -27.08 0
      vertex 12.7834 -26.4549 0
      vertex 13.8885 -25.8918 0
    endloop
  endfacet
  facet normal 0 0 -1
    outer loop
      vertex 13.659 -27.2713 0
      vertex 12.7834 -26.4549 0
      vertex 14.0344 -27.08 0
    endloop
  endfacet
  facet normal 0 0 -1
    outer loop
      vertex -12.5979 -27.7774 0
      vertex -12.5144 -26.5831 0
      vertex -11.3813 -27.0876 0
    endloop
  endfacet
  facet normal 0 0 -1
    outer loop
      vertex 12.5979 -27.7774 0
      vertex 11.3813 -27.0876 0
      vertex 12.5144 -26.5831 0
    endloop
  endfacet
  facet normal 0 0 -1
    outer loop
      vertex 12.213 -27.9488 0
      vertex 11.3813 -27.0876 0
      vertex 12.5979 -27.7774 0
    endloop
  endfacet
  facet normal 0 0 -1
    outer loop
      vertex -11.1269 -28.3987 0
      vertex -11.106 -27.2017 0
      vertex -9.94806 -27.6462 0
    endloop
  endfacet
  facet normal 0 0 -1
    outer loop
      vertex -8.20184 -28.2135 0
      vertex -7.69044 -29.5153 0
      vertex -8.0975 -29.4062 0
    endloop
  endfacet
  facet normal 0 0 -1
    outer loop
      vertex 11.1269 -28.3987 0
      vertex 9.94806 -27.6462 0
      vertex 11.106 -27.2017 0
    endloop
  endfacet
  facet normal 0 0 -1
    outer loop
      vertex 10.7335 -28.5497 0
      vertex 9.94806 -27.6462 0
      vertex 11.1269 -28.3987 0
    endloop
  endfacet
  facet normal -0 0 -1
    outer loop
      vertex 9.62541 -28.9421 0
      vertex 9.22461 -29.0723 0
      vertex 9.66719 -27.7456 0
    endloop
  endfacet
  facet normal 0 0 -1
    outer loop
      vertex 9.22461 -29.0723 0
      vertex 8.48755 -28.1289 0
      vertex 9.66719 -27.7456 0
    endloop
  endfacet
  facet normal 0 0 -1
    outer loop
      vertex -9.22461 -29.0723 0
      vertex -9.66719 -27.7456 0
      vertex -8.48755 -28.1289 0
    endloop
  endfacet
  facet normal -0 0 -1
    outer loop
      vertex 8.0975 -29.4062 0
      vertex 7.69044 -29.5153 0
      vertex 8.20184 -28.2135 0
    endloop
  endfacet
  facet normal 0 0 -1
    outer loop
      vertex 7.69044 -29.5153 0
      vertex 7.00375 -28.5346 0
      vertex 8.20184 -28.2135 0
    endloop
  endfacet
  facet normal 0 0 -1
    outer loop
      vertex -7.69044 -29.5153 0
      vertex -8.20184 -28.2135 0
      vertex -7.00375 -28.5346 0
    endloop
  endfacet
  facet normal 0 0 -1
    outer loop
      vertex -6.71402 -28.6041 0
      vertex -6.13519 -29.8773 0
      vertex -6.54741 -29.7897 0
    endloop
  endfacet
  facet normal -0 0 -1
    outer loop
      vertex 6.54741 -29.7897 0
      vertex 6.13519 -29.8773 0
      vertex 6.71402 -28.6041 0
    endloop
  endfacet
  facet normal 0 0 -1
    outer loop
      vertex 6.13519 -29.8773 0
      vertex 5.50078 -28.862 0
      vertex 6.71402 -28.6041 0
    endloop
  endfacet
  facet normal 0 0 -1
    outer loop
      vertex -6.13519 -29.8773 0
      vertex -6.71402 -28.6041 0
      vertex -5.50078 -28.862 0
    endloop
  endfacet
  facet normal 0 0 -1
    outer loop
      vertex -3.98271 -29.1104 0
      vertex -4.56313 -30.1575 0
      vertex -4.97935 -30.0915 0
    endloop
  endfacet
  facet normal 0 0 -1
    outer loop
      vertex 4.97935 -30.0915 0
      vertex 3.98271 -29.1104 0
      vertex 5.20779 -28.9163 0
    endloop
  endfacet
  facet normal 0 0 -1
    outer loop
      vertex 4.56313 -30.1575 0
      vertex 3.98271 -29.1104 0
      vertex 4.97935 -30.0915 0
    endloop
  endfacet
  facet normal 0 0 -1
    outer loop
      vertex -4.97935 -30.0915 0
      vertex -5.20779 -28.9163 0
      vertex -3.98271 -29.1104 0
    endloop
  endfacet
  facet normal 0 0 -1
    outer loop
      vertex -2.45374 -29.2789 0
      vertex -2.97856 -30.3549 0
      vertex -3.39766 -30.3109 0
    endloop
  endfacet
  facet normal 0 0 -1
    outer loop
      vertex -3.39766 -30.3109 0
      vertex -3.6873 -29.1492 0
      vertex -2.45374 -29.2789 0
    endloop
  endfacet
  facet normal 0 0 -1
    outer loop
      vertex 3.39766 -30.3109 0
      vertex 2.45374 -29.2789 0
      vertex 3.6873 -29.1492 0
    endloop
  endfacet
  facet normal 0 0 -1
    outer loop
      vertex 2.97856 -30.3549 0
      vertex 2.45374 -29.2789 0
      vertex 3.39766 -30.3109 0
    endloop
  endfacet
  facet normal 0 0 -1
    outer loop
      vertex -0.91803 -29.3672 0
      vertex -1.38582 -30.4692 0
      vertex -1.80666 -30.4472 0
    endloop
  endfacet
  facet normal 0 0 -1
    outer loop
      vertex 1.80666 -30.4472 0
      vertex 0.91803 -29.3672 0
      vertex 2.15669 -29.3023 0
    endloop
  endfacet
  facet normal 0 0 -1
    outer loop
      vertex 1.38582 -30.4692 0
      vertex 0.91803 -29.3672 0
      vertex 1.80666 -30.4472 0
    endloop
  endfacet
  facet normal 0 0 -1
    outer loop
      vertex -1.80666 -30.4472 0
      vertex -2.15669 -29.3023 0
      vertex -0.91803 -29.3672 0
    endloop
  endfacet
  facet normal 0 0 -1
    outer loop
      vertex -0.620178 -29.375 0
      vertex 0.210709 -30.5 0
      vertex -0.210709 -30.5 0
    endloop
  endfacet
  facet normal 0 0 -1
    outer loop
      vertex 0.210709 -30.5 0
      vertex -0.620178 -29.375 0
      vertex 0.620178 -29.375 0
    endloop
  endfacet
  facet normal 0 0 1
    outer loop
      vertex -0.620178 29.375 4
      vertex 0.210709 30.5 4
      vertex -0.210709 30.5 4
    endloop
  endfacet
  facet normal 0 -0 1
    outer loop
      vertex 10.831 23.017 4
      vertex 12.5073 26.5793 4
      vertex 9.85762 23.4503 4
    endloop
  endfacet
  facet normal 0 0 1
    outer loop
      vertex -0.620178 29.375 4
      vertex 0.620178 29.375 4
      vertex 0.210709 30.5 4
    endloop
  endfacet
  facet normal 0 0 1
    outer loop
      vertex 1.80666 30.4472 4
      vertex 1.38582 30.4692 4
      vertex 0.91803 29.3672 4
    endloop
  endfacet
  facet normal 0 0 1
    outer loop
      vertex -1.38582 30.4692 4
      vertex -1.80666 30.4472 4
      vertex -0.91803 29.3672 4
    endloop
  endfacet
  facet normal 0 -0 1
    outer loop
      vertex 9.07736 -27.9373 4
      vertex 10.2393 -27.5327 4
      vertex 8.86697 -23.8426 4
    endloop
  endfacet
  facet normal 0 0 1
    outer loop
      vertex 2.45374 29.2789 4
      vertex 3.39766 30.3109 4
      vertex 2.97856 30.3549 4
    endloop
  endfacet
  facet normal 0 0 1
    outer loop
      vertex 2.15669 29.3023 4
      vertex 1.80666 30.4472 4
      vertex 0.91803 29.3672 4
    endloop
  endfacet
  facet normal 0 0 1
    outer loop
      vertex 9.07736 -27.9373 4
      vertex 7.86076 -24.193 4
      vertex 6.84077 -24.5009 4
    endloop
  endfacet
  facet normal 0 0 1
    outer loop
      vertex -1.80666 30.4472 4
      vertex -2.15669 29.3023 4
      vertex -0.91803 29.3672 4
    endloop
  endfacet
  facet normal 0 0 1
    outer loop
      vertex -2.97856 30.3549 4
      vertex -3.39766 30.3109 4
      vertex -2.45374 29.2789 4
    endloop
  endfacet
  facet normal 0 0 1
    outer loop
      vertex 2.65898 -25.2986 4
      vertex 1.59726 -25.3878 4
      vertex 3.07051 -29.2141 4
    endloop
  endfacet
  facet normal 0 0 1
    outer loop
      vertex 13.6304 21.478 4
      vertex 16.7647 24.1212 4
      vertex 15.7399 24.8021 4
    endloop
  endfacet
  facet normal 0 0 1
    outer loop
      vertex -3.39766 30.3109 4
      vertex -3.6873 29.1492 4
      vertex -2.45374 29.2789 4
    endloop
  endfacet
  facet normal 0 0 1
    outer loop
      vertex -4.56313 30.1575 4
      vertex -4.97935 30.0915 4
      vertex -3.98271 29.1104 4
    endloop
  endfacet
  facet normal -0 0 1
    outer loop
      vertex 4.7666 24.9874 4
      vertex 5.80878 24.7659 4
      vertex 5.50432 28.8547 4
    endloop
  endfacet
  facet normal 0 0 1
    outer loop
      vertex 3.98271 29.1104 4
      vertex 4.97935 30.0915 4
      vertex 4.56313 30.1575 4
    endloop
  endfacet
  facet normal 0 0 1
    outer loop
      vertex 3.6873 29.1492 4
      vertex 3.39766 30.3109 4
      vertex 2.45374 29.2789 4
    endloop
  endfacet
  facet normal 0 0 1
    outer loop
      vertex 13.6304 -21.478 4
      vertex 12.719 -22.03 4
      vertex 14.6877 -25.4394 4
    endloop
  endfacet
  facet normal 0 0 1
    outer loop
      vertex 6.71402 28.6041 4
      vertex 6.54741 29.7897 4
      vertex 6.13519 29.8773 4
    endloop
  endfacet
  facet normal 0 -0 1
    outer loop
      vertex 6.84077 24.5009 4
      vertex 7.89951 28.2929 4
      vertex 5.80878 24.7659 4
    endloop
  endfacet
  facet normal 0 0 1
    outer loop
      vertex 5.20779 28.9163 4
      vertex 4.97935 30.0915 4
      vertex 3.98271 29.1104 4
    endloop
  endfacet
  facet normal 0 0 1
    outer loop
      vertex 9.85762 -23.4503 4
      vertex 11.3833 -27.0797 4
      vertex 12.5073 -26.5793 4
    endloop
  endfacet
  facet normal 0 -0 1
    outer loop
      vertex 6.70779 -28.5989 4
      vertex 7.89951 -28.2929 4
      vertex 5.80878 -24.7659 4
    endloop
  endfacet
  facet normal 0 0 1
    outer loop
      vertex -4.97935 30.0915 4
      vertex -5.20779 28.9163 4
      vertex -3.98271 29.1104 4
    endloop
  endfacet
  facet normal 0 0 1
    outer loop
      vertex -6.13519 29.8773 4
      vertex -6.71402 28.6041 4
      vertex -5.50078 28.862 4
    endloop
  endfacet
  facet normal 0 0 1
    outer loop
      vertex 19.2564 -16.6217 4
      vertex 22.2367 -19.1942 4
      vertex 23.021 -18.2462 4
    endloop
  endfacet
  facet normal 0 0 1
    outer loop
      vertex 8.20184 28.2135 4
      vertex 8.0975 29.4062 4
      vertex 7.69044 29.5153 4
    endloop
  endfacet
  facet normal 0 0 1
    outer loop
      vertex 2.65898 25.2986 4
      vertex 4.29118 29.0599 4
      vertex 3.07051 29.2141 4
    endloop
  endfacet
  facet normal 0 0 1
    outer loop
      vertex 6.71402 28.6041 4
      vertex 6.13519 29.8773 4
      vertex 5.50078 28.862 4
    endloop
  endfacet
  facet normal 0 -0 1
    outer loop
      vertex -2.65898 25.2986 4
      vertex -1.59726 25.3878 4
      vertex -3.07051 29.2141 4
    endloop
  endfacet
  facet normal 0 0 1
    outer loop
      vertex 16.7647 -24.1212 4
      vertex 13.6304 -21.478 4
      vertex 15.7399 -24.8021 4
    endloop
  endfacet
  facet normal -0 0 1
    outer loop
      vertex -6.54741 29.7897 4
      vertex -6.71402 28.6041 4
      vertex -6.13519 29.8773 4
    endloop
  endfacet
  facet normal 0 0 1
    outer loop
      vertex -7.69044 29.5153 4
      vertex -8.20184 28.2135 4
      vertex -7.00375 28.5346 4
    endloop
  endfacet
  facet normal 0 0 1
    outer loop
      vertex 17.7601 -23.3981 4
      vertex 16.2148 -19.6003 4
      vertex 15.3798 -20.2621 4
    endloop
  endfacet
  facet normal 0 0 1
    outer loop
      vertex 24.3523 -7.35239 4
      vertex 24.023 -8.36571 4
      vertex 28.1212 -8.4903 4
    endloop
  endfacet
  facet normal 0 0 1
    outer loop
      vertex -7.86076 24.193 4
      vertex -9.07736 27.9373 4
      vertex -8.86697 23.8426 4
    endloop
  endfacet
  facet normal 0 0 1
    outer loop
      vertex 8.20184 28.2135 4
      vertex 7.69044 29.5153 4
      vertex 7.00375 28.5346 4
    endloop
  endfacet
  facet normal 0 0 1
    outer loop
      vertex 21.4135 -20.1086 4
      vertex 18.5435 -17.4135 4
      vertex 20.5526 -20.9876 4
    endloop
  endfacet
  facet normal 0 0 1
    outer loop
      vertex 19.6557 -21.8299 4
      vertex 16.2148 -19.6003 4
      vertex 18.7243 -22.6338 4
    endloop
  endfacet
  facet normal -0 0 1
    outer loop
      vertex -8.0975 29.4062 4
      vertex -8.20184 28.2135 4
      vertex -7.69044 29.5153 4
    endloop
  endfacet
  facet normal 0 -0 1
    outer loop
      vertex -17.0213 18.9041 4
      vertex -16.2148 19.6003 4
      vertex -19.6557 21.8299 4
    endloop
  endfacet
  facet normal 0 0 1
    outer loop
      vertex 17.798 -18.1747 4
      vertex 17.0213 -18.9041 4
      vertex 19.6557 -21.8299 4
    endloop
  endfacet
  facet normal 0 0 1
    outer loop
      vertex 20.5798 -14.9521 4
      vertex 19.9356 -15.8008 4
      vertex 23.7647 -17.2664 4
    endloop
  endfacet
  facet normal 0 0 1
    outer loop
      vertex 21.1878 -14.0772 4
      vertex 24.4671 -16.2559 4
      vertex 25.1263 -15.217 4
    endloop
  endfacet
  facet normal -0 -0 1
    outer loop
      vertex -9.62541 -28.9421 4
      vertex -9.22461 -29.0723 4
      vertex -9.66719 -27.7456 4
    endloop
  endfacet
  facet normal -0 0 1
    outer loop
      vertex -11.1269 -28.3987 4
      vertex -10.7335 -28.5497 4
      vertex -9.94806 -27.6462 4
    endloop
  endfacet
  facet normal 0 0 1
    outer loop
      vertex 22.7851 -11.3106 4
      vertex 26.3115 -13.0612 4
      vertex 26.8354 -11.9479 4
    endloop
  endfacet
  facet normal -0 0 1
    outer loop
      vertex 23.2388 -10.3466 4
      vertex 26.8354 -11.9479 4
      vertex 23.6516 -9.36435 4
    endloop
  endfacet
  facet normal 0 0 1
    outer loop
      vertex 14.6873 -25.4396 4
      vertex 15.0675 -26.5191 4
      vertex 15.4325 -26.3084 4
    endloop
  endfacet
  facet normal 0 0 1
    outer loop
      vertex 15.0675 -26.5191 4
      vertex 14.6873 -25.4396 4
      vertex 14.1504 -25.7496 4
    endloop
  endfacet
  facet normal -0 0 1
    outer loop
      vertex 25.4157 -1.06523 4
      vertex 29.3492 -1.23009 4
      vertex 25.438 0 4
    endloop
  endfacet
  facet normal 0 0 1
    outer loop
      vertex 25.0818 -4.24225 4
      vertex 24.8821 -5.28885 4
      vertex 28.9636 -4.89882 4
    endloop
  endfacet
  facet normal -0 0 1
    outer loop
      vertex 14.6877 -25.4394 4
      vertex 15.4325 -26.3084 4
      vertex 15.2246 -25.1294 4
    endloop
  endfacet
  facet normal -0 0 1
    outer loop
      vertex 14.6873 -25.4396 4
      vertex 15.4325 -26.3084 4
      vertex 14.6877 -25.4394 4
    endloop
  endfacet
  facet normal 0 0 1
    outer loop
      vertex 25.3488 -2.12859 4
      vertex 25.2374 -3.18822 4
      vertex 29.272 -2.45802 4
    endloop
  endfacet
  facet normal 0 -0 1
    outer loop
      vertex 25.0818 4.24225 4
      vertex 28.9636 4.89882 4
      vertex 24.8821 5.28885 4
    endloop
  endfacet
  facet normal 0 0 1
    outer loop
      vertex 25.2374 3.18822 4
      vertex 29.1434 3.68166 4
      vertex 28.9636 4.89882 4
    endloop
  endfacet
  facet normal -0 0 1
    outer loop
      vertex 25.3488 2.12859 4
      vertex 25.4157 1.06523 4
      vertex 29.272 2.45802 4
    endloop
  endfacet
  facet normal 0 -0 1
    outer loop
      vertex 23.2388 10.3466 4
      vertex 26.8354 11.9479 4
      vertex 22.7851 11.3106 4
    endloop
  endfacet
  facet normal -0 0 1
    outer loop
      vertex -21.7157 -21.4178 4
      vertex -21.4178 -21.7157 4
      vertex -21.2098 -20.3327 4
    endloop
  endfacet
  facet normal 0 0 1
    outer loop
      vertex 23.6516 9.36435 4
      vertex 27.3122 10.8136 4
      vertex 26.8354 11.9479 4
    endloop
  endfacet
  facet normal 0 0 1
    outer loop
      vertex -23.4003 -17.7679 4
      vertex -23.7647 -17.2664 4
      vertex -24.5512 -18.0979 4
    endloop
  endfacet
  facet normal -0 0 1
    outer loop
      vertex 24.8821 5.28885 4
      vertex 28.9636 4.89882 4
      vertex 28.7331 6.10739 4
    endloop
  endfacet
  facet normal -0 0 1
    outer loop
      vertex 24.3523 7.35239 4
      vertex 24.6388 6.32617 4
      vertex 28.1212 8.4903 4
    endloop
  endfacet
  facet normal 0 -0 1
    outer loop
      vertex 21.7587 13.1776 4
      vertex 25.1263 15.217 4
      vertex 21.1878 14.0772 4
    endloop
  endfacet
  facet normal 0 0 1
    outer loop
      vertex -28.5346 -7.00375 4
      vertex -29.5153 -7.69044 4
      vertex -28.2135 -8.20184 4
    endloop
  endfacet
  facet normal 0 0 1
    outer loop
      vertex 21.1878 14.0772 4
      vertex 24.4671 16.2559 4
      vertex 23.765 17.266 4
    endloop
  endfacet
  facet normal 0 -0 1
    outer loop
      vertex 19.2564 16.6217 4
      vertex 22.2367 19.1942 4
      vertex 18.5435 17.4135 4
    endloop
  endfacet
  facet normal 0 -0 1
    outer loop
      vertex 19.9356 15.8008 4
      vertex 23.021 18.2462 4
      vertex 19.2564 16.6217 4
    endloop
  endfacet
  facet normal 0 0 1
    outer loop
      vertex -28.862 -5.50078 4
      vertex -29.8773 -6.13519 4
      vertex -28.6041 -6.71402 4
    endloop
  endfacet
  facet normal -0 0 1
    outer loop
      vertex 17.798 18.1747 4
      vertex 18.5435 17.4135 4
      vertex 20.5526 20.9876 4
    endloop
  endfacet
  facet normal 0 0 1
    outer loop
      vertex 18.5435 17.4135 4
      vertex 21.4135 20.1086 4
      vertex 20.5526 20.9876 4
    endloop
  endfacet
  facet normal 0 -0 1
    outer loop
      vertex 14.5178 20.8884 4
      vertex 16.7647 24.1212 4
      vertex 13.6304 21.478 4
    endloop
  endfacet
  facet normal -0 0 1
    outer loop
      vertex 29.375 0 4
      vertex 30.5 -0.210709 4
      vertex 30.5 0.210709 4
    endloop
  endfacet
  facet normal 0 0 1
    outer loop
      vertex 16.2148 19.6003 4
      vertex 18.7243 22.6338 4
      vertex 17.7601 23.3981 4
    endloop
  endfacet
  facet normal 0 0 1
    outer loop
      vertex -28.9163 5.20779 4
      vertex -30.0915 4.97935 4
      vertex -29.1104 3.98271 4
    endloop
  endfacet
  facet normal 0 -0 1
    outer loop
      vertex -4.7666 24.9874 4
      vertex -4.29118 29.0599 4
      vertex -5.50432 28.8547 4
    endloop
  endfacet
  facet normal 0 0 1
    outer loop
      vertex -28.2135 8.20184 4
      vertex -29.4062 8.0975 4
      vertex -29.5153 7.69044 4
    endloop
  endfacet
  facet normal 0 0 1
    outer loop
      vertex -27.2017 11.106 4
      vertex -28.3987 11.1269 4
      vertex -27.6462 9.94806 4
    endloop
  endfacet
  facet normal 0 0 1
    outer loop
      vertex 8.86697 23.8426 4
      vertex 10.2393 27.5327 4
      vertex 9.07736 27.9373 4
    endloop
  endfacet
  facet normal 0 -0 1
    outer loop
      vertex 3.71605 25.1651 4
      vertex 4.29118 29.0599 4
      vertex 2.65898 25.2986 4
    endloop
  endfacet
  facet normal 0 0 1
    outer loop
      vertex -9.85762 23.4503 4
      vertex -11.3833 27.0797 4
      vertex -12.5073 26.5793 4
    endloop
  endfacet
  facet normal 0 0 1
    outer loop
      vertex -25.8918 13.8885 4
      vertex -27.08 14.0344 4
      vertex -26.4549 12.7834 4
    endloop
  endfacet
  facet normal 0 0 1
    outer loop
      vertex 1.59726 25.3878 4
      vertex 3.07051 29.2141 4
      vertex 1.84447 29.317 4
    endloop
  endfacet
  facet normal 0 0 1
    outer loop
      vertex -1.59726 25.3878 4
      vertex -1.84447 29.317 4
      vertex -3.07051 29.2141 4
    endloop
  endfacet
  facet normal 0 0 1
    outer loop
      vertex -3.71605 25.1651 4
      vertex -4.29118 29.0599 4
      vertex -4.7666 24.9874 4
    endloop
  endfacet
  facet normal 0 0 1
    outer loop
      vertex -22.4384 18.9682 4
      vertex -23.5703 19.358 4
      vertex -23.8355 19.0305 4
    endloop
  endfacet
  facet normal 0 0 1
    outer loop
      vertex -5.80878 24.7659 4
      vertex -6.70779 28.5989 4
      vertex -7.89951 28.2929 4
    endloop
  endfacet
  facet normal 0 0 1
    outer loop
      vertex -10.831 23.017 4
      vertex -12.5073 26.5793 4
      vertex -11.7853 22.5432 4
    endloop
  endfacet
  facet normal 0 0 1
    outer loop
      vertex -18.0043 23.2189 4
      vertex -19.0305 23.8355 4
      vertex -18.9682 22.4384 4
    endloop
  endfacet
  facet normal 0 0 1
    outer loop
      vertex -13.6304 21.478 4
      vertex -15.7399 24.8021 4
      vertex -16.7647 24.1212 4
    endloop
  endfacet
  facet normal 0 0 1
    outer loop
      vertex -15.4786 24.9737 4
      vertex -16.4348 25.6942 4
      vertex -16.5189 24.2982 4
    endloop
  endfacet
  facet normal 0 -0 1
    outer loop
      vertex -20.5798 14.9521 4
      vertex -19.9356 15.8008 4
      vertex -23.7647 17.2664 4
    endloop
  endfacet
  facet normal 0 0 1
    outer loop
      vertex -12.7834 26.4549 4
      vertex -13.659 27.2713 4
      vertex -14.0344 27.08 4
    endloop
  endfacet
  facet normal 0 0 1
    outer loop
      vertex -16.4348 25.6942 4
      vertex -16.7882 25.4647 4
      vertex -16.5189 24.2982 4
    endloop
  endfacet
  facet normal 0 0 1
    outer loop
      vertex -15.3798 20.2621 4
      vertex -17.7601 23.3981 4
      vertex -16.2148 19.6003 4
    endloop
  endfacet
  facet normal 0 0 1
    outer loop
      vertex -12.7834 26.4549 4
      vertex -14.0344 27.08 4
      vertex -13.8885 25.8918 4
    endloop
  endfacet
  facet normal 0 0 1
    outer loop
      vertex -16.2148 19.6003 4
      vertex -18.7243 22.6338 4
      vertex -19.6557 21.8299 4
    endloop
  endfacet
  facet normal 0 0 1
    outer loop
      vertex -9.66719 27.7456 4
      vertex -9.22461 29.0723 4
      vertex -9.62541 28.9421 4
    endloop
  endfacet
  facet normal 0 0 1
    outer loop
      vertex -18.5435 17.4135 4
      vertex -20.5526 20.9876 4
      vertex -21.4135 20.1086 4
    endloop
  endfacet
  facet normal 0 0 1
    outer loop
      vertex -11.1269 28.3987 4
      vertex -11.106 27.2017 4
      vertex -9.94806 27.6462 4
    endloop
  endfacet
  facet normal 0 0 1
    outer loop
      vertex -17.798 18.1747 4
      vertex -20.5526 20.9876 4
      vertex -18.5435 17.4135 4
    endloop
  endfacet
  facet normal 0 -0 1
    outer loop
      vertex -19.2564 16.6217 4
      vertex -18.5435 17.4135 4
      vertex -22.2367 19.1942 4
    endloop
  endfacet
  facet normal 0 0 1
    outer loop
      vertex -21.1878 -14.0772 4
      vertex -25.1263 -15.217 4
      vertex -24.4671 -16.2559 4
    endloop
  endfacet
  facet normal 0 0 1
    outer loop
      vertex -11.3813 27.0876 4
      vertex -12.5979 27.7774 4
      vertex -12.5144 26.5831 4
    endloop
  endfacet
  facet normal 0 0 1
    outer loop
      vertex -25.438 0 4
      vertex -29.375 0 4
      vertex -29.3492 -1.23009 4
    endloop
  endfacet
  facet normal 0 0 1
    outer loop
      vertex -21.1878 14.0772 4
      vertex -24.4671 16.2559 4
      vertex -25.1263 15.217 4
    endloop
  endfacet
  facet normal 0 0 1
    outer loop
      vertex -14.6877 25.4394 4
      vertex -15.7399 24.8021 4
      vertex -13.6304 21.478 4
    endloop
  endfacet
  facet normal 0 0 1
    outer loop
      vertex -23.6516 9.36435 4
      vertex -26.8354 11.9479 4
      vertex -27.3122 10.8136 4
    endloop
  endfacet
  facet normal 0 0 1
    outer loop
      vertex -22.7851 11.3106 4
      vertex -26.3115 13.0612 4
      vertex -26.8354 11.9479 4
    endloop
  endfacet
  facet normal 0 0 1
    outer loop
      vertex -17.757 24.7989 4
      vertex -18.0979 24.5512 4
      vertex -17.7679 23.4003 4
    endloop
  endfacet
  facet normal 0 0 1
    outer loop
      vertex -23.2388 10.3466 4
      vertex -26.8354 11.9479 4
      vertex -23.6516 9.36435 4
    endloop
  endfacet
  facet normal 0 0 1
    outer loop
      vertex -24.3523 7.35239 4
      vertex -28.1212 8.4903 4
      vertex -24.6388 6.32617 4
    endloop
  endfacet
  facet normal 0 0 1
    outer loop
      vertex -22.2915 12.2548 4
      vertex -25.1263 15.217 4
      vertex -25.7415 14.1515 4
    endloop
  endfacet
  facet normal 0 0 1
    outer loop
      vertex -22.5249 20.5651 4
      vertex -22.8069 20.2519 4
      vertex -22.2449 19.1948 4
    endloop
  endfacet
  facet normal 0 0 1
    outer loop
      vertex -25.0818 4.24225 4
      vertex -28.9636 4.89882 4
      vertex -25.2374 3.18822 4
    endloop
  endfacet
  facet normal 0 0 1
    outer loop
      vertex -23.765 17.266 4
      vertex -24.4671 16.2559 4
      vertex -21.1878 14.0772 4
    endloop
  endfacet
  facet normal 0 0 1
    outer loop
      vertex -25.2374 3.18822 4
      vertex -28.9636 4.89882 4
      vertex -29.1434 3.68166 4
    endloop
  endfacet
  facet normal 0 0 1
    outer loop
      vertex -25.3488 2.12859 4
      vertex -29.272 2.45802 4
      vertex -25.4157 1.06523 4
    endloop
  endfacet
  facet normal 0 0 1
    outer loop
      vertex -19.2564 -16.6217 4
      vertex -22.2367 -19.1942 4
      vertex -18.5435 -17.4135 4
    endloop
  endfacet
  facet normal 0 0 1
    outer loop
      vertex -26.3084 15.4325 4
      vertex -26.5191 15.0675 4
      vertex -25.7496 14.1504 4
    endloop
  endfacet
  facet normal 0 0 1
    outer loop
      vertex -25.4157 -1.06523 4
      vertex -25.438 0 4
      vertex -29.3492 -1.23009 4
    endloop
  endfacet
  facet normal 0 0 1
    outer loop
      vertex -25.3488 -2.12859 4
      vertex -29.272 -2.45802 4
      vertex -25.2374 -3.18822 4
    endloop
  endfacet
  facet normal 0 0 1
    outer loop
      vertex -24.6388 -6.32617 4
      vertex -24.8821 -5.28885 4
      vertex -28.4521 -7.30525 4
    endloop
  endfacet
  facet normal 0 0 1
    outer loop
      vertex -27.7456 9.66719 4
      vertex -29.0723 9.22461 4
      vertex -28.1289 8.48755 4
    endloop
  endfacet
  facet normal 0 0 1
    outer loop
      vertex -24.8821 -5.28885 4
      vertex -28.7331 -6.10739 4
      vertex -28.4521 -7.30525 4
    endloop
  endfacet
  facet normal 0 0 1
    outer loop
      vertex -24.023 -8.36571 4
      vertex -28.1212 -8.4903 4
      vertex -27.741 -9.66045 4
    endloop
  endfacet
  facet normal 0 0 1
    outer loop
      vertex -24.3523 -7.35239 4
      vertex -28.1212 -8.4903 4
      vertex -24.023 -8.36571 4
    endloop
  endfacet
  facet normal 0 0 1
    outer loop
      vertex -23.6516 -9.36435 4
      vertex -24.023 -8.36571 4
      vertex -27.3122 -10.8136 4
    endloop
  endfacet
  facet normal 0 0 1
    outer loop
      vertex -30.3109 3.39766 4
      vertex -30.3549 2.97856 4
      vertex -29.2789 2.45374 4
    endloop
  endfacet
  facet normal 0 0 1
    outer loop
      vertex -22.7851 -11.3106 4
      vertex -26.8354 -11.9479 4
      vertex -26.3115 -13.0612 4
    endloop
  endfacet
  facet normal 0 0 1
    outer loop
      vertex -22.2915 -12.2548 4
      vertex -26.3115 -13.0612 4
      vertex -25.7415 -14.1515 4
    endloop
  endfacet
  facet normal 0 0 1
    outer loop
      vertex -25.0818 -4.24225 4
      vertex -25.2374 -3.18822 4
      vertex -28.9636 -4.89882 4
    endloop
  endfacet
  facet normal 0 0 1
    outer loop
      vertex -29.2789 -2.45374 4
      vertex -30.3109 -3.39766 4
      vertex -29.1492 -3.6873 4
    endloop
  endfacet
  facet normal 0 0 1
    outer loop
      vertex -19.9356 -15.8008 4
      vertex -23.021 -18.2462 4
      vertex -19.2564 -16.6217 4
    endloop
  endfacet
  facet normal 0 0 1
    outer loop
      vertex -17.798 -18.1747 4
      vertex -18.5435 -17.4135 4
      vertex -20.5526 -20.9876 4
    endloop
  endfacet
  facet normal 0 0 1
    outer loop
      vertex -18.5435 -17.4135 4
      vertex -21.4135 -20.1086 4
      vertex -20.5526 -20.9876 4
    endloop
  endfacet
  facet normal 0 0 1
    outer loop
      vertex -14.5178 -20.8884 4
      vertex -16.7647 -24.1212 4
      vertex -13.6304 -21.478 4
    endloop
  endfacet
  facet normal 0 0 1
    outer loop
      vertex -29.0723 -9.22461 4
      vertex -28.9421 -9.62541 4
      vertex -27.7456 -9.66719 4
    endloop
  endfacet
  facet normal 0 0 1
    outer loop
      vertex -16.2148 -19.6003 4
      vertex -18.7243 -22.6338 4
      vertex -17.7601 -23.3981 4
    endloop
  endfacet
  facet normal 0 0 1
    outer loop
      vertex 21.7587 -13.1776 4
      vertex 21.1878 -14.0772 4
      vertex 25.1263 -15.217 4
    endloop
  endfacet
  facet normal 0 0 1
    outer loop
      vertex -12.719 -22.03 4
      vertex -13.6304 -21.478 4
      vertex -14.6877 -25.4394 4
    endloop
  endfacet
  facet normal 0 0 1
    outer loop
      vertex -13.6304 -21.478 4
      vertex -15.7399 -24.8021 4
      vertex -14.6877 -25.4394 4
    endloop
  endfacet
  facet normal 0 0 1
    outer loop
      vertex -24.1294 -16.7645 4
      vertex -24.7989 -17.757 4
      vertex -23.765 -17.266 4
    endloop
  endfacet
  facet normal 0 0 1
    outer loop
      vertex -4.29118 -29.0599 4
      vertex -2.65898 -25.2986 4
      vertex -3.71605 -25.1651 4
    endloop
  endfacet
  facet normal 0 0 1
    outer loop
      vertex 1.59726 -25.3878 4
      vertex 0.53273 -25.4324 4
      vertex 0.615173 -29.3685 4
    endloop
  endfacet
  facet normal 0 0 1
    outer loop
      vertex -9.85762 -23.4503 4
      vertex -12.5073 -26.5793 4
      vertex -11.3833 -27.0797 4
    endloop
  endfacet
  facet normal 0 0 1
    outer loop
      vertex -8.86697 -23.8426 4
      vertex -9.85762 -23.4503 4
      vertex -11.3833 -27.0797 4
    endloop
  endfacet
  facet normal 0 0 1
    outer loop
      vertex -7.86076 -24.193 4
      vertex -8.86697 -23.8426 4
      vertex -9.07736 -27.9373 4
    endloop
  endfacet
  facet normal 0 0 1
    outer loop
      vertex -5.80878 -24.7659 4
      vertex -6.84077 -24.5009 4
      vertex -7.89951 -28.2929 4
    endloop
  endfacet
  facet normal 0 0 1
    outer loop
      vertex -5.80878 -24.7659 4
      vertex -5.50432 -28.8547 4
      vertex -4.7666 -24.9874 4
    endloop
  endfacet
  facet normal -0 0 1
    outer loop
      vertex -15.4325 -26.3084 4
      vertex -15.0675 -26.5191 4
      vertex -14.6873 -25.4396 4
    endloop
  endfacet
  facet normal 0 0 1
    outer loop
      vertex -15.4325 -26.3084 4
      vertex -14.6877 -25.4394 4
      vertex -15.2246 -25.1294 4
    endloop
  endfacet
  facet normal -0 0 1
    outer loop
      vertex -7.89951 -28.2929 4
      vertex -6.70779 -28.5989 4
      vertex -5.80878 -24.7659 4
    endloop
  endfacet
  facet normal 0 0 1
    outer loop
      vertex -4.29118 -29.0599 4
      vertex -4.7666 -24.9874 4
      vertex -5.50432 -28.8547 4
    endloop
  endfacet
  facet normal -0 0 1
    outer loop
      vertex -6.70779 -28.5989 4
      vertex -5.50432 -28.8547 4
      vertex -5.80878 -24.7659 4
    endloop
  endfacet
  facet normal 0 0 1
    outer loop
      vertex -15.4325 -26.3084 4
      vertex -14.6873 -25.4396 4
      vertex -14.6877 -25.4394 4
    endloop
  endfacet
  facet normal 0 0 1
    outer loop
      vertex -15.0675 -26.5191 4
      vertex -14.1504 -25.7496 4
      vertex -14.6873 -25.4396 4
    endloop
  endfacet
  facet normal 0 0 1
    outer loop
      vertex 4.29118 -29.0599 4
      vertex 5.50432 -28.8547 4
      vertex 4.7666 -24.9874 4
    endloop
  endfacet
  facet normal 0 -0 1
    outer loop
      vertex -4.29118 -29.0599 4
      vertex -3.71605 -25.1651 4
      vertex -4.7666 -24.9874 4
    endloop
  endfacet
  facet normal -0 0 1
    outer loop
      vertex -3.07051 -29.2141 4
      vertex -1.84447 -29.317 4
      vertex -1.59726 -25.3878 4
    endloop
  endfacet
  facet normal -0 0 1
    outer loop
      vertex -4.29118 -29.0599 4
      vertex -3.07051 -29.2141 4
      vertex -2.65898 -25.2986 4
    endloop
  endfacet
  facet normal 0 0 1
    outer loop
      vertex -3.07051 -29.2141 4
      vertex -1.59726 -25.3878 4
      vertex -2.65898 -25.2986 4
    endloop
  endfacet
  facet normal -0 0 1
    outer loop
      vertex -1.84447 -29.317 4
      vertex -0.615173 -29.3685 4
      vertex -1.59726 -25.3878 4
    endloop
  endfacet
  facet normal 0 -0 1
    outer loop
      vertex -0.615173 -29.3685 4
      vertex -0.53273 -25.4324 4
      vertex -1.59726 -25.3878 4
    endloop
  endfacet
  facet normal 0 0 1
    outer loop
      vertex 1.59726 -25.3878 4
      vertex 0.615173 -29.3685 4
      vertex 1.84447 -29.317 4
    endloop
  endfacet
  facet normal -0 0 1
    outer loop
      vertex -0.53273 -25.4324 4
      vertex -0.615173 -29.3685 4
      vertex 0.53273 -25.4324 4
    endloop
  endfacet
  facet normal 0 0 1
    outer loop
      vertex -0.615173 -29.3685 4
      vertex 0.615173 -29.3685 4
      vertex 0.53273 -25.4324 4
    endloop
  endfacet
  facet normal 0 0 1
    outer loop
      vertex 11.7853 -22.5432 4
      vertex 13.6093 -26.0322 4
      vertex 14.6873 -25.4396 4
    endloop
  endfacet
  facet normal 0 0 1
    outer loop
      vertex -9.07736 -27.9373 4
      vertex -6.84077 -24.5009 4
      vertex -7.86076 -24.193 4
    endloop
  endfacet
  facet normal -0 0 1
    outer loop
      vertex -9.07736 -27.9373 4
      vertex -7.89951 -28.2929 4
      vertex -6.84077 -24.5009 4
    endloop
  endfacet
  facet normal 0 0 1
    outer loop
      vertex -8.86697 -23.8426 4
      vertex -10.2393 -27.5327 4
      vertex -9.07736 -27.9373 4
    endloop
  endfacet
  facet normal 0 -0 1
    outer loop
      vertex -10.2393 -27.5327 4
      vertex -8.86697 -23.8426 4
      vertex -11.3833 -27.0797 4
    endloop
  endfacet
  facet normal 0 0 1
    outer loop
      vertex -10.831 -23.017 4
      vertex -12.5073 -26.5793 4
      vertex -9.85762 -23.4503 4
    endloop
  endfacet
  facet normal -0 0 1
    outer loop
      vertex -13.6093 -26.0322 4
      vertex -12.5073 -26.5793 4
      vertex -11.7853 -22.5432 4
    endloop
  endfacet
  facet normal 0 0 1
    outer loop
      vertex -11.7853 -22.5432 4
      vertex -12.5073 -26.5793 4
      vertex -10.831 -23.017 4
    endloop
  endfacet
  facet normal 0 0 1
    outer loop
      vertex -14.6873 -25.4396 4
      vertex -11.7853 -22.5432 4
      vertex -12.719 -22.03 4
    endloop
  endfacet
  facet normal -0 0 1
    outer loop
      vertex -14.6873 -25.4396 4
      vertex -13.6093 -26.0322 4
      vertex -11.7853 -22.5432 4
    endloop
  endfacet
  facet normal 0 -0 1
    outer loop
      vertex -14.6873 -25.4396 4
      vertex -12.719 -22.03 4
      vertex -14.6877 -25.4394 4
    endloop
  endfacet
  facet normal -0 0 1
    outer loop
      vertex -16.7647 -24.1212 4
      vertex -15.7399 -24.8021 4
      vertex -13.6304 -21.478 4
    endloop
  endfacet
  facet normal -0 0 1
    outer loop
      vertex -17.7601 -23.3981 4
      vertex -16.7647 -24.1212 4
      vertex -14.5178 -20.8884 4
    endloop
  endfacet
  facet normal 0 0 1
    outer loop
      vertex -17.7601 -23.3981 4
      vertex -15.3798 -20.2621 4
      vertex -16.2148 -19.6003 4
    endloop
  endfacet
  facet normal 0 0 1
    outer loop
      vertex -17.7601 -23.3981 4
      vertex -14.5178 -20.8884 4
      vertex -15.3798 -20.2621 4
    endloop
  endfacet
  facet normal -0 0 1
    outer loop
      vertex -19.6557 -21.8299 4
      vertex -18.7243 -22.6338 4
      vertex -16.2148 -19.6003 4
    endloop
  endfacet
  facet normal 0 0 1
    outer loop
      vertex -19.6557 -21.8299 4
      vertex -17.0213 -18.9041 4
      vertex -17.798 -18.1747 4
    endloop
  endfacet
  facet normal 0 0 1
    outer loop
      vertex -19.6557 -21.8299 4
      vertex -16.2148 -19.6003 4
      vertex -17.0213 -18.9041 4
    endloop
  endfacet
  facet normal 0 -0 1
    outer loop
      vertex -19.6557 -21.8299 4
      vertex -17.798 -18.1747 4
      vertex -20.5526 -20.9876 4
    endloop
  endfacet
  facet normal -0 0 1
    outer loop
      vertex -22.2367 -19.1942 4
      vertex -21.4135 -20.1086 4
      vertex -18.5435 -17.4135 4
    endloop
  endfacet
  facet normal -0 0 1
    outer loop
      vertex -23.021 -18.2462 4
      vertex -22.2367 -19.1942 4
      vertex -19.2564 -16.6217 4
    endloop
  endfacet
  facet normal 0 0 1
    outer loop
      vertex -20.5798 -14.9521 4
      vertex -23.7647 -17.2664 4
      vertex -19.9356 -15.8008 4
    endloop
  endfacet
  facet normal 0 -0 1
    outer loop
      vertex -23.7647 -17.2664 4
      vertex -20.5798 -14.9521 4
      vertex -23.765 -17.266 4
    endloop
  endfacet
  facet normal 0 -0 1
    outer loop
      vertex -23.765 -17.266 4
      vertex -21.1878 -14.0772 4
      vertex -24.4671 -16.2559 4
    endloop
  endfacet
  facet normal 0 0 1
    outer loop
      vertex -25.1263 -15.217 4
      vertex -21.7587 -13.1776 4
      vertex -22.2915 -12.2548 4
    endloop
  endfacet
  facet normal 0 0 1
    outer loop
      vertex -25.1263 -15.217 4
      vertex -21.1878 -14.0772 4
      vertex -21.7587 -13.1776 4
    endloop
  endfacet
  facet normal 0 -0 1
    outer loop
      vertex -25.1263 -15.217 4
      vertex -22.2915 -12.2548 4
      vertex -25.7415 -14.1515 4
    endloop
  endfacet
  facet normal 0 0 1
    outer loop
      vertex -22.2915 -12.2548 4
      vertex -22.7851 -11.3106 4
      vertex -26.3115 -13.0612 4
    endloop
  endfacet
  facet normal 0 0 1
    outer loop
      vertex -26.8354 -11.9479 4
      vertex -23.2388 -10.3466 4
      vertex -23.6516 -9.36435 4
    endloop
  endfacet
  facet normal 0 0 1
    outer loop
      vertex -26.8354 -11.9479 4
      vertex -22.7851 -11.3106 4
      vertex -23.2388 -10.3466 4
    endloop
  endfacet
  facet normal 0 -0 1
    outer loop
      vertex -26.8354 -11.9479 4
      vertex -23.6516 -9.36435 4
      vertex -27.3122 -10.8136 4
    endloop
  endfacet
  facet normal 0 -0 1
    outer loop
      vertex -27.3122 -10.8136 4
      vertex -24.023 -8.36571 4
      vertex -27.741 -9.66045 4
    endloop
  endfacet
  facet normal 0 0 1
    outer loop
      vertex -24.6388 -6.32617 4
      vertex -28.1212 -8.4903 4
      vertex -24.3523 -7.35239 4
    endloop
  endfacet
  facet normal 0 -0 1
    outer loop
      vertex -28.1212 -8.4903 4
      vertex -24.6388 -6.32617 4
      vertex -28.4521 -7.30525 4
    endloop
  endfacet
  facet normal 0 0 1
    outer loop
      vertex -28.9636 -4.89882 4
      vertex -28.7331 -6.10739 4
      vertex -24.8821 -5.28885 4
    endloop
  endfacet
  facet normal 0 0 1
    outer loop
      vertex -24.8821 -5.28885 4
      vertex -25.0818 -4.24225 4
      vertex -28.9636 -4.89882 4
    endloop
  endfacet
  facet normal 0 -0 1
    outer loop
      vertex -29.1434 -3.68166 4
      vertex -25.2374 -3.18822 4
      vertex -29.272 -2.45802 4
    endloop
  endfacet
  facet normal -0 0 1
    outer loop
      vertex -29.1434 -3.68166 4
      vertex -28.9636 -4.89882 4
      vertex -25.2374 -3.18822 4
    endloop
  endfacet
  facet normal 0 0 1
    outer loop
      vertex -25.4157 -1.06523 4
      vertex -29.272 -2.45802 4
      vertex -25.3488 -2.12859 4
    endloop
  endfacet
  facet normal 0 -0 1
    outer loop
      vertex -29.272 -2.45802 4
      vertex -25.4157 -1.06523 4
      vertex -29.3492 -1.23009 4
    endloop
  endfacet
  facet normal 0 0 1
    outer loop
      vertex -29.3492 1.23009 4
      vertex -29.375 0 4
      vertex -25.438 0 4
    endloop
  endfacet
  facet normal -0 0 1
    outer loop
      vertex -29.3492 1.23009 4
      vertex -25.4157 1.06523 4
      vertex -29.272 2.45802 4
    endloop
  endfacet
  facet normal 0 0 1
    outer loop
      vertex -29.3492 1.23009 4
      vertex -25.438 0 4
      vertex -25.4157 1.06523 4
    endloop
  endfacet
  facet normal 0 0 1
    outer loop
      vertex -25.2374 3.18822 4
      vertex -29.272 2.45802 4
      vertex -25.3488 2.12859 4
    endloop
  endfacet
  facet normal 0 0 1
    outer loop
      vertex -29.272 2.45802 4
      vertex -25.2374 3.18822 4
      vertex -29.1434 3.68166 4
    endloop
  endfacet
  facet normal 0 0 1
    outer loop
      vertex -24.8821 5.28885 4
      vertex -28.9636 4.89882 4
      vertex -25.0818 4.24225 4
    endloop
  endfacet
  facet normal -0 0 1
    outer loop
      vertex -28.7331 6.10739 4
      vertex -24.8821 5.28885 4
      vertex -28.4521 7.30525 4
    endloop
  endfacet
  facet normal 0 0 1
    outer loop
      vertex -28.7331 6.10739 4
      vertex -28.9636 4.89882 4
      vertex -24.8821 5.28885 4
    endloop
  endfacet
  facet normal -0 0 1
    outer loop
      vertex -28.4521 7.30525 4
      vertex -24.6388 6.32617 4
      vertex -28.1212 8.4903 4
    endloop
  endfacet
  facet normal 0 0 1
    outer loop
      vertex -28.4521 7.30525 4
      vertex -24.8821 5.28885 4
      vertex -24.6388 6.32617 4
    endloop
  endfacet
  facet normal 0 0 1
    outer loop
      vertex -24.023 8.36571 4
      vertex -28.1212 8.4903 4
      vertex -24.3523 7.35239 4
    endloop
  endfacet
  facet normal -0 0 1
    outer loop
      vertex -27.741 9.66045 4
      vertex -24.023 8.36571 4
      vertex -27.3122 10.8136 4
    endloop
  endfacet
  facet normal 0 0 1
    outer loop
      vertex -27.741 9.66045 4
      vertex -28.1212 8.4903 4
      vertex -24.023 8.36571 4
    endloop
  endfacet
  facet normal 0 -0 1
    outer loop
      vertex -24.023 8.36571 4
      vertex -23.6516 9.36435 4
      vertex -27.3122 10.8136 4
    endloop
  endfacet
  facet normal 0 0 1
    outer loop
      vertex -22.7851 11.3106 4
      vertex -26.8354 11.9479 4
      vertex -23.2388 10.3466 4
    endloop
  endfacet
  facet normal 0 0 1
    outer loop
      vertex -22.2915 12.2548 4
      vertex -26.3115 13.0612 4
      vertex -22.7851 11.3106 4
    endloop
  endfacet
  facet normal -0 0 1
    outer loop
      vertex -26.3115 13.0612 4
      vertex -22.2915 12.2548 4
      vertex -25.7415 14.1515 4
    endloop
  endfacet
  facet normal 0 0 1
    outer loop
      vertex -25.1263 15.217 4
      vertex -21.7587 13.1776 4
      vertex -21.1878 14.0772 4
    endloop
  endfacet
  facet normal 0 0 1
    outer loop
      vertex -25.1263 15.217 4
      vertex -22.2915 12.2548 4
      vertex -21.7587 13.1776 4
    endloop
  endfacet
  facet normal 0 0 1
    outer loop
      vertex -20.5798 14.9521 4
      vertex -23.765 17.266 4
      vertex -21.1878 14.0772 4
    endloop
  endfacet
  facet normal -0 0 1
    outer loop
      vertex -23.765 17.266 4
      vertex -20.5798 14.9521 4
      vertex -23.7647 17.2664 4
    endloop
  endfacet
  facet normal 0 0 1
    outer loop
      vertex -19.2564 16.6217 4
      vertex -23.021 18.2462 4
      vertex -19.9356 15.8008 4
    endloop
  endfacet
  facet normal -0 0 1
    outer loop
      vertex -23.021 18.2462 4
      vertex -19.2564 16.6217 4
      vertex -22.2367 19.1942 4
    endloop
  endfacet
  facet normal -0 0 1
    outer loop
      vertex -22.2367 19.1942 4
      vertex -18.5435 17.4135 4
      vertex -21.4135 20.1086 4
    endloop
  endfacet
  facet normal 0 0 1
    outer loop
      vertex -19.6557 21.8299 4
      vertex -20.5526 20.9876 4
      vertex -17.798 18.1747 4
    endloop
  endfacet
  facet normal 0 -0 1
    outer loop
      vertex -17.798 18.1747 4
      vertex -17.0213 18.9041 4
      vertex -19.6557 21.8299 4
    endloop
  endfacet
  facet normal 0 0 1
    outer loop
      vertex -17.7601 23.3981 4
      vertex -18.7243 22.6338 4
      vertex -16.2148 19.6003 4
    endloop
  endfacet
  facet normal 0 0 1
    outer loop
      vertex -14.5178 20.8884 4
      vertex -17.7601 23.3981 4
      vertex -15.3798 20.2621 4
    endloop
  endfacet
  facet normal 0 0 1
    outer loop
      vertex -16.7647 24.1212 4
      vertex -14.5178 20.8884 4
      vertex -13.6304 21.478 4
    endloop
  endfacet
  facet normal 0 0 1
    outer loop
      vertex -16.7647 24.1212 4
      vertex -17.7601 23.3981 4
      vertex -14.5178 20.8884 4
    endloop
  endfacet
  facet normal 0 0 1
    outer loop
      vertex -12.719 22.03 4
      vertex -14.6877 25.4394 4
      vertex -13.6304 21.478 4
    endloop
  endfacet
  facet normal 0 0 1
    outer loop
      vertex -14.6873 25.4396 4
      vertex -12.719 22.03 4
      vertex -11.7853 22.5432 4
    endloop
  endfacet
  facet normal 0 0 1
    outer loop
      vertex -14.6873 25.4396 4
      vertex -14.6877 25.4394 4
      vertex -12.719 22.03 4
    endloop
  endfacet
  facet normal 0 0 1
    outer loop
      vertex -12.5073 26.5793 4
      vertex -13.6093 26.0322 4
      vertex -11.7853 22.5432 4
    endloop
  endfacet
  facet normal 0 0 1
    outer loop
      vertex -9.85762 23.4503 4
      vertex -12.5073 26.5793 4
      vertex -10.831 23.017 4
    endloop
  endfacet
  facet normal 0 0 1
    outer loop
      vertex -8.86697 23.8426 4
      vertex -11.3833 27.0797 4
      vertex -9.85762 23.4503 4
    endloop
  endfacet
  facet normal -0 0 1
    outer loop
      vertex -10.2393 27.5327 4
      vertex -8.86697 23.8426 4
      vertex -9.07736 27.9373 4
    endloop
  endfacet
  facet normal 0 0 1
    outer loop
      vertex -10.2393 27.5327 4
      vertex -11.3833 27.0797 4
      vertex -8.86697 23.8426 4
    endloop
  endfacet
  facet normal 0 0 1
    outer loop
      vertex -6.84077 24.5009 4
      vertex -9.07736 27.9373 4
      vertex -7.86076 24.193 4
    endloop
  endfacet
  facet normal 0 0 1
    outer loop
      vertex -7.89951 28.2929 4
      vertex -6.84077 24.5009 4
      vertex -5.80878 24.7659 4
    endloop
  endfacet
  facet normal 0 0 1
    outer loop
      vertex -7.89951 28.2929 4
      vertex -9.07736 27.9373 4
      vertex -6.84077 24.5009 4
    endloop
  endfacet
  facet normal 0 0 1
    outer loop
      vertex -5.50432 28.8547 4
      vertex -6.70779 28.5989 4
      vertex -5.80878 24.7659 4
    endloop
  endfacet
  facet normal 0 0 1
    outer loop
      vertex -5.80878 24.7659 4
      vertex -4.7666 24.9874 4
      vertex -5.50432 28.8547 4
    endloop
  endfacet
  facet normal 0 0 1
    outer loop
      vertex -2.65898 25.2986 4
      vertex -4.29118 29.0599 4
      vertex -3.71605 25.1651 4
    endloop
  endfacet
  facet normal -0 0 1
    outer loop
      vertex -4.29118 29.0599 4
      vertex -2.65898 25.2986 4
      vertex -3.07051 29.2141 4
    endloop
  endfacet
  facet normal 0 0 1
    outer loop
      vertex -0.615173 29.3685 4
      vertex -1.84447 29.317 4
      vertex -1.59726 25.3878 4
    endloop
  endfacet
  facet normal 0 0 1
    outer loop
      vertex -0.615173 29.3685 4
      vertex -0.53273 25.4324 4
      vertex 0.53273 25.4324 4
    endloop
  endfacet
  facet normal 0 0 1
    outer loop
      vertex -0.615173 29.3685 4
      vertex -1.59726 25.3878 4
      vertex -0.53273 25.4324 4
    endloop
  endfacet
  facet normal 0 0 1
    outer loop
      vertex 0.615173 29.3685 4
      vertex 0.53273 25.4324 4
      vertex 1.59726 25.3878 4
    endloop
  endfacet
  facet normal 0 0 1
    outer loop
      vertex 0.615173 29.3685 4
      vertex -0.615173 29.3685 4
      vertex 0.53273 25.4324 4
    endloop
  endfacet
  facet normal 0 0 1
    outer loop
      vertex 0.615173 29.3685 4
      vertex 1.59726 25.3878 4
      vertex 1.84447 29.317 4
    endloop
  endfacet
  facet normal -0 0 1
    outer loop
      vertex 1.59726 25.3878 4
      vertex 2.65898 25.2986 4
      vertex 3.07051 29.2141 4
    endloop
  endfacet
  facet normal 0 0 1
    outer loop
      vertex 4.7666 24.9874 4
      vertex 4.29118 29.0599 4
      vertex 3.71605 25.1651 4
    endloop
  endfacet
  facet normal 0 0 1
    outer loop
      vertex 4.29118 29.0599 4
      vertex 4.7666 24.9874 4
      vertex 5.50432 28.8547 4
    endloop
  endfacet
  facet normal 0 0 1
    outer loop
      vertex 6.70779 28.5989 4
      vertex 5.80878 24.7659 4
      vertex 7.89951 28.2929 4
    endloop
  endfacet
  facet normal 0 0 1
    outer loop
      vertex 6.70779 28.5989 4
      vertex 5.50432 28.8547 4
      vertex 5.80878 24.7659 4
    endloop
  endfacet
  facet normal 0 0 1
    outer loop
      vertex 9.07736 27.9373 4
      vertex 7.89951 28.2929 4
      vertex 6.84077 24.5009 4
    endloop
  endfacet
  facet normal 0 0 1
    outer loop
      vertex 9.07736 27.9373 4
      vertex 7.86076 24.193 4
      vertex 8.86697 23.8426 4
    endloop
  endfacet
  facet normal 0 0 1
    outer loop
      vertex 9.07736 27.9373 4
      vertex 6.84077 24.5009 4
      vertex 7.86076 24.193 4
    endloop
  endfacet
  facet normal 0 0 1
    outer loop
      vertex 11.3833 27.0797 4
      vertex 10.2393 27.5327 4
      vertex 8.86697 23.8426 4
    endloop
  endfacet
  facet normal 0 0 1
    outer loop
      vertex 11.3833 27.0797 4
      vertex 9.85762 23.4503 4
      vertex 12.5073 26.5793 4
    endloop
  endfacet
  facet normal 0 0 1
    outer loop
      vertex 11.3833 27.0797 4
      vertex 8.86697 23.8426 4
      vertex 9.85762 23.4503 4
    endloop
  endfacet
  facet normal 0 -0 1
    outer loop
      vertex 11.7853 22.5432 4
      vertex 12.5073 26.5793 4
      vertex 10.831 23.017 4
    endloop
  endfacet
  facet normal 0 0 1
    outer loop
      vertex 14.6873 25.4396 4
      vertex 11.7853 22.5432 4
      vertex 12.719 22.03 4
    endloop
  endfacet
  facet normal 0 0 1
    outer loop
      vertex 13.6093 26.0322 4
      vertex 12.5073 26.5793 4
      vertex 11.7853 22.5432 4
    endloop
  endfacet
  facet normal 0 0 1
    outer loop
      vertex 14.6873 25.4396 4
      vertex 12.719 22.03 4
      vertex 14.6877 25.4394 4
    endloop
  endfacet
  facet normal 0 0 1
    outer loop
      vertex 14.6877 25.4394 4
      vertex 13.6304 21.478 4
      vertex 15.7399 24.8021 4
    endloop
  endfacet
  facet normal 0 0 1
    outer loop
      vertex 17.7601 23.3981 4
      vertex 16.7647 24.1212 4
      vertex 14.5178 20.8884 4
    endloop
  endfacet
  facet normal 0 0 1
    outer loop
      vertex 17.7601 23.3981 4
      vertex 15.3798 20.2621 4
      vertex 16.2148 19.6003 4
    endloop
  endfacet
  facet normal 0 0 1
    outer loop
      vertex 17.7601 23.3981 4
      vertex 14.5178 20.8884 4
      vertex 15.3798 20.2621 4
    endloop
  endfacet
  facet normal 0 0 1
    outer loop
      vertex 19.6557 21.8299 4
      vertex 18.7243 22.6338 4
      vertex 16.2148 19.6003 4
    endloop
  endfacet
  facet normal 0 0 1
    outer loop
      vertex 19.6557 21.8299 4
      vertex 17.0213 18.9041 4
      vertex 17.798 18.1747 4
    endloop
  endfacet
  facet normal 0 0 1
    outer loop
      vertex 19.6557 21.8299 4
      vertex 16.2148 19.6003 4
      vertex 17.0213 18.9041 4
    endloop
  endfacet
  facet normal 0 0 1
    outer loop
      vertex 19.6557 21.8299 4
      vertex 17.798 18.1747 4
      vertex 20.5526 20.9876 4
    endloop
  endfacet
  facet normal 0 0 1
    outer loop
      vertex 22.2367 19.1942 4
      vertex 21.4135 20.1086 4
      vertex 18.5435 17.4135 4
    endloop
  endfacet
  facet normal 0 0 1
    outer loop
      vertex 23.021 18.2462 4
      vertex 22.2367 19.1942 4
      vertex 19.2564 16.6217 4
    endloop
  endfacet
  facet normal 0 -0 1
    outer loop
      vertex 20.5798 14.9521 4
      vertex 23.7647 17.2664 4
      vertex 19.9356 15.8008 4
    endloop
  endfacet
  facet normal 0 0 1
    outer loop
      vertex 23.7647 17.2664 4
      vertex 20.5798 14.9521 4
      vertex 23.765 17.266 4
    endloop
  endfacet
  facet normal 0 0 1
    outer loop
      vertex 25.1263 15.217 4
      vertex 24.4671 16.2559 4
      vertex 21.1878 14.0772 4
    endloop
  endfacet
  facet normal 0 -0 1
    outer loop
      vertex 22.2915 12.2548 4
      vertex 25.1263 15.217 4
      vertex 21.7587 13.1776 4
    endloop
  endfacet
  facet normal 0 0 1
    outer loop
      vertex 25.7415 14.1515 4
      vertex 22.2915 12.2548 4
      vertex 26.3115 13.0612 4
    endloop
  endfacet
  facet normal 0 0 1
    outer loop
      vertex 25.7415 14.1515 4
      vertex 25.1263 15.217 4
      vertex 22.2915 12.2548 4
    endloop
  endfacet
  facet normal 0 0 1
    outer loop
      vertex 26.3115 13.0612 4
      vertex 22.7851 11.3106 4
      vertex 26.8354 11.9479 4
    endloop
  endfacet
  facet normal 0 0 1
    outer loop
      vertex 26.3115 13.0612 4
      vertex 22.2915 12.2548 4
      vertex 22.7851 11.3106 4
    endloop
  endfacet
  facet normal 0 -0 1
    outer loop
      vertex 23.6516 9.36435 4
      vertex 26.8354 11.9479 4
      vertex 23.2388 10.3466 4
    endloop
  endfacet
  facet normal 0 -0 1
    outer loop
      vertex 24.023 8.36571 4
      vertex 27.3122 10.8136 4
      vertex 23.6516 9.36435 4
    endloop
  endfacet
  facet normal 0 0 1
    outer loop
      vertex 27.741 9.66045 4
      vertex 24.023 8.36571 4
      vertex 28.1212 8.4903 4
    endloop
  endfacet
  facet normal 0 0 1
    outer loop
      vertex 27.741 9.66045 4
      vertex 27.3122 10.8136 4
      vertex 24.023 8.36571 4
    endloop
  endfacet
  facet normal -0 0 1
    outer loop
      vertex 24.023 8.36571 4
      vertex 24.3523 7.35239 4
      vertex 28.1212 8.4903 4
    endloop
  endfacet
  facet normal 0 0 1
    outer loop
      vertex 28.4521 7.30525 4
      vertex 24.6388 6.32617 4
      vertex 24.8821 5.28885 4
    endloop
  endfacet
  facet normal 0 0 1
    outer loop
      vertex 28.4521 7.30525 4
      vertex 28.1212 8.4903 4
      vertex 24.6388 6.32617 4
    endloop
  endfacet
  facet normal 0 0 1
    outer loop
      vertex 28.4521 7.30525 4
      vertex 24.8821 5.28885 4
      vertex 28.7331 6.10739 4
    endloop
  endfacet
  facet normal 0 -0 1
    outer loop
      vertex 25.2374 3.18822 4
      vertex 28.9636 4.89882 4
      vertex 25.0818 4.24225 4
    endloop
  endfacet
  facet normal 0 0 1
    outer loop
      vertex 29.272 2.45802 4
      vertex 29.1434 3.68166 4
      vertex 25.2374 3.18822 4
    endloop
  endfacet
  facet normal 0 0 1
    outer loop
      vertex 25.2374 3.18822 4
      vertex 25.3488 2.12859 4
      vertex 29.272 2.45802 4
    endloop
  endfacet
  facet normal 0 0 1
    outer loop
      vertex 29.3492 1.23009 4
      vertex 25.4157 1.06523 4
      vertex 25.438 0 4
    endloop
  endfacet
  facet normal 0 0 1
    outer loop
      vertex 29.3492 1.23009 4
      vertex 29.272 2.45802 4
      vertex 25.4157 1.06523 4
    endloop
  endfacet
  facet normal 0 0 1
    outer loop
      vertex 29.375 0 4
      vertex 25.438 0 4
      vertex 29.3492 -1.23009 4
    endloop
  endfacet
  facet normal 0 0 1
    outer loop
      vertex 29.375 0 4
      vertex 29.3492 1.23009 4
      vertex 25.438 0 4
    endloop
  endfacet
  facet normal 0 -0 1
    outer loop
      vertex 29.272 -2.45802 4
      vertex 29.3492 -1.23009 4
      vertex 25.4157 -1.06523 4
    endloop
  endfacet
  facet normal 0 0 1
    outer loop
      vertex 25.4157 -1.06523 4
      vertex 25.3488 -2.12859 4
      vertex 29.272 -2.45802 4
    endloop
  endfacet
  facet normal 0 0 1
    outer loop
      vertex 29.1434 -3.68166 4
      vertex 25.2374 -3.18822 4
      vertex 28.9636 -4.89882 4
    endloop
  endfacet
  facet normal 0 -0 1
    outer loop
      vertex 29.1434 -3.68166 4
      vertex 29.272 -2.45802 4
      vertex 25.2374 -3.18822 4
    endloop
  endfacet
  facet normal 0 0 1
    outer loop
      vertex 25.2374 -3.18822 4
      vertex 25.0818 -4.24225 4
      vertex 28.9636 -4.89882 4
    endloop
  endfacet
  facet normal 0 0 1
    outer loop
      vertex 28.7331 -6.10739 4
      vertex 24.8821 -5.28885 4
      vertex 28.4521 -7.30525 4
    endloop
  endfacet
  facet normal 0 -0 1
    outer loop
      vertex 28.7331 -6.10739 4
      vertex 28.9636 -4.89882 4
      vertex 24.8821 -5.28885 4
    endloop
  endfacet
  facet normal 0 0 1
    outer loop
      vertex 28.4521 -7.30525 4
      vertex 24.6388 -6.32617 4
      vertex 28.1212 -8.4903 4
    endloop
  endfacet
  facet normal 0 0 1
    outer loop
      vertex 28.4521 -7.30525 4
      vertex 24.8821 -5.28885 4
      vertex 24.6388 -6.32617 4
    endloop
  endfacet
  facet normal 0 0 1
    outer loop
      vertex 24.6388 -6.32617 4
      vertex 24.3523 -7.35239 4
      vertex 28.1212 -8.4903 4
    endloop
  endfacet
  facet normal 0 0 1
    outer loop
      vertex 27.741 -9.66045 4
      vertex 24.023 -8.36571 4
      vertex 27.3122 -10.8136 4
    endloop
  endfacet
  facet normal 0 -0 1
    outer loop
      vertex 27.741 -9.66045 4
      vertex 28.1212 -8.4903 4
      vertex 24.023 -8.36571 4
    endloop
  endfacet
  facet normal 0 0 1
    outer loop
      vertex 27.3122 -10.8136 4
      vertex 23.6516 -9.36435 4
      vertex 26.8354 -11.9479 4
    endloop
  endfacet
  facet normal 0 0 1
    outer loop
      vertex 27.3122 -10.8136 4
      vertex 24.023 -8.36571 4
      vertex 23.6516 -9.36435 4
    endloop
  endfacet
  facet normal -0 0 1
    outer loop
      vertex 22.7851 -11.3106 4
      vertex 26.8354 -11.9479 4
      vertex 23.2388 -10.3466 4
    endloop
  endfacet
  facet normal -0 0 1
    outer loop
      vertex 22.2915 -12.2548 4
      vertex 26.3115 -13.0612 4
      vertex 22.7851 -11.3106 4
    endloop
  endfacet
  facet normal 0 0 1
    outer loop
      vertex 25.7415 -14.1515 4
      vertex 22.2915 -12.2548 4
      vertex 25.1263 -15.217 4
    endloop
  endfacet
  facet normal 0 -0 1
    outer loop
      vertex 25.7415 -14.1515 4
      vertex 26.3115 -13.0612 4
      vertex 22.2915 -12.2548 4
    endloop
  endfacet
  facet normal 0 0 1
    outer loop
      vertex 22.2915 -12.2548 4
      vertex 21.7587 -13.1776 4
      vertex 25.1263 -15.217 4
    endloop
  endfacet
  facet normal -0 0 1
    outer loop
      vertex 20.5798 -14.9521 4
      vertex 23.765 -17.266 4
      vertex 21.1878 -14.0772 4
    endloop
  endfacet
  facet normal 0 0 1
    outer loop
      vertex 23.765 -17.266 4
      vertex 20.5798 -14.9521 4
      vertex 23.7647 -17.2664 4
    endloop
  endfacet
  facet normal -0 0 1
    outer loop
      vertex 19.2564 -16.6217 4
      vertex 23.021 -18.2462 4
      vertex 19.9356 -15.8008 4
    endloop
  endfacet
  facet normal -0 0 1
    outer loop
      vertex 18.5435 -17.4135 4
      vertex 22.2367 -19.1942 4
      vertex 19.2564 -16.6217 4
    endloop
  endfacet
  facet normal 0 0 1
    outer loop
      vertex 22.2367 -19.1942 4
      vertex 18.5435 -17.4135 4
      vertex 21.4135 -20.1086 4
    endloop
  endfacet
  facet normal 0 0 1
    outer loop
      vertex 18.5435 -17.4135 4
      vertex 17.798 -18.1747 4
      vertex 20.5526 -20.9876 4
    endloop
  endfacet
  facet normal 0 0 1
    outer loop
      vertex 17.798 -18.1747 4
      vertex 19.6557 -21.8299 4
      vertex 20.5526 -20.9876 4
    endloop
  endfacet
  facet normal 0 0 1
    outer loop
      vertex 17.0213 -18.9041 4
      vertex 16.2148 -19.6003 4
      vertex 19.6557 -21.8299 4
    endloop
  endfacet
  facet normal 0 0 1
    outer loop
      vertex 16.2148 -19.6003 4
      vertex 17.7601 -23.3981 4
      vertex 18.7243 -22.6338 4
    endloop
  endfacet
  facet normal 0 0 1
    outer loop
      vertex 15.3798 -20.2621 4
      vertex 14.5178 -20.8884 4
      vertex 17.7601 -23.3981 4
    endloop
  endfacet
  facet normal 0 0 1
    outer loop
      vertex 14.5178 -20.8884 4
      vertex 16.7647 -24.1212 4
      vertex 17.7601 -23.3981 4
    endloop
  endfacet
  facet normal -0 0 1
    outer loop
      vertex 13.6304 -21.478 4
      vertex 16.7647 -24.1212 4
      vertex 14.5178 -20.8884 4
    endloop
  endfacet
  facet normal 0 -0 1
    outer loop
      vertex 14.6877 -25.4394 4
      vertex 15.7399 -24.8021 4
      vertex 13.6304 -21.478 4
    endloop
  endfacet
  facet normal 0 -0 1
    outer loop
      vertex 14.6873 -25.4396 4
      vertex 14.6877 -25.4394 4
      vertex 12.719 -22.03 4
    endloop
  endfacet
  facet normal 0 0 1
    outer loop
      vertex 14.6873 -25.4396 4
      vertex 12.719 -22.03 4
      vertex 11.7853 -22.5432 4
    endloop
  endfacet
  facet normal 0 0 1
    outer loop
      vertex 13.6093 -26.0322 4
      vertex 11.7853 -22.5432 4
      vertex 12.5073 -26.5793 4
    endloop
  endfacet
  facet normal 0 0 1
    outer loop
      vertex 11.7853 -22.5432 4
      vertex 10.831 -23.017 4
      vertex 12.5073 -26.5793 4
    endloop
  endfacet
  facet normal 0 0 1
    outer loop
      vertex 10.831 -23.017 4
      vertex 9.85762 -23.4503 4
      vertex 12.5073 -26.5793 4
    endloop
  endfacet
  facet normal 0 0 1
    outer loop
      vertex 9.85762 -23.4503 4
      vertex 8.86697 -23.8426 4
      vertex 11.3833 -27.0797 4
    endloop
  endfacet
  facet normal 0 0 1
    outer loop
      vertex 8.86697 -23.8426 4
      vertex 10.2393 -27.5327 4
      vertex 11.3833 -27.0797 4
    endloop
  endfacet
  facet normal -0 0 1
    outer loop
      vertex 7.86076 -24.193 4
      vertex 9.07736 -27.9373 4
      vertex 8.86697 -23.8426 4
    endloop
  endfacet
  facet normal 0 0 1
    outer loop
      vertex 6.84077 -24.5009 4
      vertex 7.89951 -28.2929 4
      vertex 9.07736 -27.9373 4
    endloop
  endfacet
  facet normal -0 0 1
    outer loop
      vertex 5.80878 -24.7659 4
      vertex 7.89951 -28.2929 4
      vertex 6.84077 -24.5009 4
    endloop
  endfacet
  facet normal 0 0 1
    outer loop
      vertex 5.50432 -28.8547 4
      vertex 6.70779 -28.5989 4
      vertex 5.80878 -24.7659 4
    endloop
  endfacet
  facet normal 0 -0 1
    outer loop
      vertex 5.50432 -28.8547 4
      vertex 5.80878 -24.7659 4
      vertex 4.7666 -24.9874 4
    endloop
  endfacet
  facet normal 0 -0 1
    outer loop
      vertex 4.29118 -29.0599 4
      vertex 4.7666 -24.9874 4
      vertex 3.71605 -25.1651 4
    endloop
  endfacet
  facet normal 0 0 1
    outer loop
      vertex 4.29118 -29.0599 4
      vertex 3.71605 -25.1651 4
      vertex 2.65898 -25.2986 4
    endloop
  endfacet
  facet normal 0 0 1
    outer loop
      vertex 4.29118 -29.0599 4
      vertex 2.65898 -25.2986 4
      vertex 3.07051 -29.2141 4
    endloop
  endfacet
  facet normal 0 0 1
    outer loop
      vertex 3.07051 -29.2141 4
      vertex 1.59726 -25.3878 4
      vertex 1.84447 -29.317 4
    endloop
  endfacet
  facet normal 0 -0 1
    outer loop
      vertex 14.6877 25.4394 4
      vertex 15.4325 26.3084 4
      vertex 14.6875 25.4395 4
    endloop
  endfacet
  facet normal 0 0 1
    outer loop
      vertex -9.22461 29.0723 4
      vertex -9.66719 27.7456 4
      vertex -8.48755 28.1289 4
    endloop
  endfacet
  facet normal -0 0 1
    outer loop
      vertex 8.48755 28.1289 4
      vertex 9.66719 27.7456 4
      vertex 9.22461 29.0723 4
    endloop
  endfacet
  facet normal 0 0 1
    outer loop
      vertex 9.22461 29.0723 4
      vertex 9.66719 27.7456 4
      vertex 9.62541 28.9421 4
    endloop
  endfacet
  facet normal 0 0 1
    outer loop
      vertex -21.4178 21.7157 4
      vertex -21.7157 21.4178 4
      vertex -21.2098 20.3327 4
    endloop
  endfacet
  facet normal 0 0 1
    outer loop
      vertex -10.7335 28.5497 4
      vertex -11.1269 28.3987 4
      vertex -9.94806 27.6462 4
    endloop
  endfacet
  facet normal 0 0 1
    outer loop
      vertex 9.94806 27.6462 4
      vertex 11.1269 28.3987 4
      vertex 10.7335 28.5497 4
    endloop
  endfacet
  facet normal -0 0 1
    outer loop
      vertex 9.94806 27.6462 4
      vertex 11.106 27.2017 4
      vertex 11.1269 28.3987 4
    endloop
  endfacet
  facet normal 0 0 1
    outer loop
      vertex -12.213 27.9488 4
      vertex -12.5979 27.7774 4
      vertex -11.3813 27.0876 4
    endloop
  endfacet
  facet normal 0 0 1
    outer loop
      vertex -14.6877 25.4394 4
      vertex -15.4325 26.3084 4
      vertex -15.2246 25.1294 4
    endloop
  endfacet
  facet normal 0 0 1
    outer loop
      vertex 11.3813 27.0876 4
      vertex 12.5979 27.7774 4
      vertex 12.213 27.9488 4
    endloop
  endfacet
  facet normal -0 0 1
    outer loop
      vertex 11.3813 27.0876 4
      vertex 12.5144 26.5831 4
      vertex 12.5979 27.7774 4
    endloop
  endfacet
  facet normal 0 0 1
    outer loop
      vertex 14.6875 25.4395 4
      vertex 15.4325 26.3084 4
      vertex 15.0675 26.5191 4
    endloop
  endfacet
  facet normal -0 0 1
    outer loop
      vertex 14.6877 25.4394 4
      vertex 15.2246 25.1294 4
      vertex 15.4325 26.3084 4
    endloop
  endfacet
  facet normal 0 0 1
    outer loop
      vertex 12.7834 26.4549 4
      vertex 14.0344 27.08 4
      vertex 13.659 27.2713 4
    endloop
  endfacet
  facet normal -0 0 1
    outer loop
      vertex 12.7834 26.4549 4
      vertex 13.8885 25.8918 4
      vertex 14.0344 27.08 4
    endloop
  endfacet
  facet normal 0 -0 1
    outer loop
      vertex 14.6873 25.4396 4
      vertex 15.0675 26.5191 4
      vertex 14.1504 25.7496 4
    endloop
  endfacet
  facet normal 0 0 1
    outer loop
      vertex 11.7853 22.5432 4
      vertex 14.6873 25.4396 4
      vertex 13.6093 26.0322 4
    endloop
  endfacet
  facet normal 0 -0 1
    outer loop
      vertex 14.6875 25.4395 4
      vertex 15.0675 26.5191 4
      vertex 14.6873 25.4396 4
    endloop
  endfacet
  facet normal -0 0 1
    outer loop
      vertex 12.719 22.03 4
      vertex 13.6304 21.478 4
      vertex 14.6877 25.4394 4
    endloop
  endfacet
  facet normal 0 0 1
    outer loop
      vertex -14.6875 25.4395 4
      vertex -15.0675 26.5191 4
      vertex -15.4325 26.3084 4
    endloop
  endfacet
  facet normal 0 -0 1
    outer loop
      vertex -14.6877 25.4394 4
      vertex -14.6875 25.4395 4
      vertex -15.4325 26.3084 4
    endloop
  endfacet
  facet normal 0 0 1
    outer loop
      vertex -14.1504 25.7496 4
      vertex -15.0675 26.5191 4
      vertex -14.6873 25.4396 4
    endloop
  endfacet
  facet normal 0 0 1
    outer loop
      vertex -14.6873 25.4396 4
      vertex -15.0675 26.5191 4
      vertex -14.6875 25.4395 4
    endloop
  endfacet
  facet normal 0 0 1
    outer loop
      vertex -11.7853 22.5432 4
      vertex -13.6093 26.0322 4
      vertex -14.6873 25.4396 4
    endloop
  endfacet
  facet normal 0 0 1
    outer loop
      vertex -24.2982 16.5189 4
      vertex -25.6942 16.4348 4
      vertex -24.9737 15.4786 4
    endloop
  endfacet
  facet normal -0 0 1
    outer loop
      vertex 15.4786 24.9737 4
      vertex 16.5189 24.2982 4
      vertex 16.4348 25.6942 4
    endloop
  endfacet
  facet normal 0 0 1
    outer loop
      vertex 16.4348 25.6942 4
      vertex 16.5189 24.2982 4
      vertex 16.7882 25.4647 4
    endloop
  endfacet
  facet normal 0 0 1
    outer loop
      vertex -19.0305 23.8355 4
      vertex -19.358 23.5703 4
      vertex -18.9682 22.4384 4
    endloop
  endfacet
  facet normal 0 0 1
    outer loop
      vertex -17.757 24.7989 4
      vertex -17.7679 23.4003 4
      vertex -16.7645 24.1294 4
    endloop
  endfacet
  facet normal 0 0 1
    outer loop
      vertex -19.1948 22.2449 4
      vertex -20.5651 22.5249 4
      vertex -20.1166 21.4149 4
    endloop
  endfacet
  facet normal 0 0 1
    outer loop
      vertex -19.1948 22.2449 4
      vertex -20.2519 22.8069 4
      vertex -20.5651 22.5249 4
    endloop
  endfacet
  facet normal -0 0 1
    outer loop
      vertex 16.7645 24.1294 4
      vertex 17.7679 23.4003 4
      vertex 17.757 24.7989 4
    endloop
  endfacet
  facet normal 0 0 1
    outer loop
      vertex 17.757 24.7989 4
      vertex 17.7679 23.4003 4
      vertex 18.0979 24.5512 4
    endloop
  endfacet
  facet normal 0 0 1
    outer loop
      vertex -20.3327 21.2098 4
      vertex -21.4178 21.7157 4
      vertex -21.2098 20.3327 4
    endloop
  endfacet
  facet normal -0 0 1
    outer loop
      vertex 18.0043 23.2189 4
      vertex 18.9682 22.4384 4
      vertex 19.0305 23.8355 4
    endloop
  endfacet
  facet normal 0 0 1
    outer loop
      vertex 19.0305 23.8355 4
      vertex 18.9682 22.4384 4
      vertex 19.358 23.5703 4
    endloop
  endfacet
  facet normal 0 -0 1
    outer loop
      vertex 23.765 17.266 4
      vertex 24.7989 17.757 4
      vertex 23.7649 17.2662 4
    endloop
  endfacet
  facet normal 0 0 1
    outer loop
      vertex 19.1948 22.2449 4
      vertex 20.5651 22.5249 4
      vertex 20.2519 22.8069 4
    endloop
  endfacet
  facet normal -0 0 1
    outer loop
      vertex 19.1948 22.2449 4
      vertex 20.1166 21.4149 4
      vertex 20.5651 22.5249 4
    endloop
  endfacet
  facet normal 0 0 1
    outer loop
      vertex -22.4384 18.9682 4
      vertex -23.8355 19.0305 4
      vertex -23.2189 18.0043 4
    endloop
  endfacet
  facet normal 0 0 1
    outer loop
      vertex -22.5249 20.5651 4
      vertex -22.2449 19.1948 4
      vertex -21.4149 20.1166 4
    endloop
  endfacet
  facet normal -0 0 1
    outer loop
      vertex 20.3327 21.2098 4
      vertex 21.2098 20.3327 4
      vertex 21.4178 21.7157 4
    endloop
  endfacet
  facet normal 0 0 1
    outer loop
      vertex 21.4178 21.7157 4
      vertex 21.2098 20.3327 4
      vertex 21.7157 21.4178 4
    endloop
  endfacet
  facet normal 0 0 1
    outer loop
      vertex -23.765 17.266 4
      vertex -24.7989 17.757 4
      vertex -24.1294 16.7645 4
    endloop
  endfacet
  facet normal 0 -0 1
    outer loop
      vertex -23.765 17.266 4
      vertex -23.7649 17.2662 4
      vertex -24.7989 17.757 4
    endloop
  endfacet
  facet normal -0 0 1
    outer loop
      vertex 21.4149 20.1166 4
      vertex 22.2449 19.1948 4
      vertex 22.5249 20.5651 4
    endloop
  endfacet
  facet normal 0 0 1
    outer loop
      vertex 22.5249 20.5651 4
      vertex 22.2449 19.1948 4
      vertex 22.8069 20.2519 4
    endloop
  endfacet
  facet normal 0 0 1
    outer loop
      vertex 23.7649 17.2662 4
      vertex 24.7989 17.757 4
      vertex 24.5512 18.0979 4
    endloop
  endfacet
  facet normal 0 0 1
    outer loop
      vertex -23.7649 17.2662 4
      vertex -24.5512 18.0979 4
      vertex -24.7989 17.757 4
    endloop
  endfacet
  facet normal 0 0 1
    outer loop
      vertex 22.4384 18.9682 4
      vertex 23.8355 19.0305 4
      vertex 23.5703 19.358 4
    endloop
  endfacet
  facet normal -0 0 1
    outer loop
      vertex 22.4384 18.9682 4
      vertex 23.2189 18.0043 4
      vertex 23.8355 19.0305 4
    endloop
  endfacet
  facet normal 0 0 1
    outer loop
      vertex -23.4003 17.7679 4
      vertex -24.5512 18.0979 4
      vertex -23.7647 17.2664 4
    endloop
  endfacet
  facet normal 0 0 1
    outer loop
      vertex -23.7647 17.2664 4
      vertex -24.5512 18.0979 4
      vertex -23.7649 17.2662 4
    endloop
  endfacet
  facet normal 0 0 1
    outer loop
      vertex -19.9356 15.8008 4
      vertex -23.021 18.2462 4
      vertex -23.7647 17.2664 4
    endloop
  endfacet
  facet normal -0 0 1
    outer loop
      vertex 23.765 17.266 4
      vertex 24.1294 16.7645 4
      vertex 24.7989 17.757 4
    endloop
  endfacet
  facet normal 0 -0 1
    outer loop
      vertex 23.7647 17.2664 4
      vertex 24.5512 18.0979 4
      vertex 23.4003 17.7679 4
    endloop
  endfacet
  facet normal 0 0 1
    outer loop
      vertex 19.9356 15.8008 4
      vertex 23.7647 17.2664 4
      vertex 23.021 18.2462 4
    endloop
  endfacet
  facet normal 0 -0 1
    outer loop
      vertex 23.7649 17.2662 4
      vertex 24.5512 18.0979 4
      vertex 23.7647 17.2664 4
    endloop
  endfacet
  facet normal -0 0 1
    outer loop
      vertex 20.5798 14.9521 4
      vertex 21.1878 14.0772 4
      vertex 23.765 17.266 4
    endloop
  endfacet
  facet normal 0 0 1
    outer loop
      vertex -24.2982 16.5189 4
      vertex -25.4647 16.7882 4
      vertex -25.6942 16.4348 4
    endloop
  endfacet
  facet normal 0 0 1
    outer loop
      vertex -27.08 14.0344 4
      vertex -27.2713 13.659 4
      vertex -26.4549 12.7834 4
    endloop
  endfacet
  facet normal 0 0 1
    outer loop
      vertex -30.0915 4.97935 4
      vertex -30.1575 4.56313 4
      vertex -29.1104 3.98271 4
    endloop
  endfacet
  facet normal -0 0 1
    outer loop
      vertex 24.2982 16.5189 4
      vertex 25.6942 16.4348 4
      vertex 25.4647 16.7882 4
    endloop
  endfacet
  facet normal 0 0 1
    outer loop
      vertex 24.2982 16.5189 4
      vertex 24.9737 15.4786 4
      vertex 25.6942 16.4348 4
    endloop
  endfacet
  facet normal 0 0 1
    outer loop
      vertex -26.3084 15.4325 4
      vertex -25.7496 14.1504 4
      vertex -25.1294 15.2246 4
    endloop
  endfacet
  facet normal -0 0 1
    outer loop
      vertex 25.1294 15.2246 4
      vertex 25.7496 14.1504 4
      vertex 26.3084 15.4325 4
    endloop
  endfacet
  facet normal 0 0 1
    outer loop
      vertex 26.3084 15.4325 4
      vertex 25.7496 14.1504 4
      vertex 26.5191 15.0675 4
    endloop
  endfacet
  facet normal 0 0 1
    outer loop
      vertex -27.7774 12.5979 4
      vertex -27.9488 12.213 4
      vertex -27.0876 11.3813 4
    endloop
  endfacet
  facet normal -0 0 1
    outer loop
      vertex 25.8918 13.8885 4
      vertex 26.4549 12.7834 4
      vertex 27.08 14.0344 4
    endloop
  endfacet
  facet normal 0 0 1
    outer loop
      vertex 27.08 14.0344 4
      vertex 26.4549 12.7834 4
      vertex 27.2713 13.659 4
    endloop
  endfacet
  facet normal 0 0 1
    outer loop
      vertex -28.3987 11.1269 4
      vertex -28.5497 10.7335 4
      vertex -27.6462 9.94806 4
    endloop
  endfacet
  facet normal 0 0 1
    outer loop
      vertex -26.5831 12.5144 4
      vertex -27.7774 12.5979 4
      vertex -27.0876 11.3813 4
    endloop
  endfacet
  facet normal -0 0 1
    outer loop
      vertex 26.5831 12.5144 4
      vertex 27.0876 11.3813 4
      vertex 27.7774 12.5979 4
    endloop
  endfacet
  facet normal 0 0 1
    outer loop
      vertex 27.7774 12.5979 4
      vertex 27.0876 11.3813 4
      vertex 27.9488 12.213 4
    endloop
  endfacet
  facet normal -0 0 1
    outer loop
      vertex 27.2017 11.106 4
      vertex 27.6462 9.94806 4
      vertex 28.3987 11.1269 4
    endloop
  endfacet
  facet normal 0 0 1
    outer loop
      vertex 28.3987 11.1269 4
      vertex 27.6462 9.94806 4
      vertex 28.5497 10.7335 4
    endloop
  endfacet
  facet normal 0 0 1
    outer loop
      vertex -28.2135 8.20184 4
      vertex -29.5153 7.69044 4
      vertex -28.5346 7.00375 4
    endloop
  endfacet
  facet normal -0 0 1
    outer loop
      vertex -28.9421 9.62541 4
      vertex -29.0723 9.22461 4
      vertex -27.7456 9.66719 4
    endloop
  endfacet
  facet normal 0 0 1
    outer loop
      vertex -28.6041 6.71402 4
      vertex -29.8773 6.13519 4
      vertex -28.862 5.50078 4
    endloop
  endfacet
  facet normal 0 0 1
    outer loop
      vertex -28.6041 6.71402 4
      vertex -29.7897 6.54741 4
      vertex -29.8773 6.13519 4
    endloop
  endfacet
  facet normal 0 0 1
    outer loop
      vertex -30.4472 1.80666 4
      vertex -30.4692 1.38582 4
      vertex -29.3672 0.91803 4
    endloop
  endfacet
  facet normal 0 0 1
    outer loop
      vertex 27.7456 9.66719 4
      vertex 29.0723 9.22461 4
      vertex 28.9421 9.62541 4
    endloop
  endfacet
  facet normal 0 0 1
    outer loop
      vertex 27.7456 9.66719 4
      vertex 28.1289 8.48755 4
      vertex 29.0723 9.22461 4
    endloop
  endfacet
  facet normal 0 0 1
    outer loop
      vertex 28.2135 8.20184 4
      vertex 29.5153 7.69044 4
      vertex 29.4062 8.0975 4
    endloop
  endfacet
  facet normal 0 0 1
    outer loop
      vertex 28.2135 8.20184 4
      vertex 28.5346 7.00375 4
      vertex 29.5153 7.69044 4
    endloop
  endfacet
  facet normal 0 0 1
    outer loop
      vertex 29.375 -0.620178 4
      vertex 30.5 -0.210709 4
      vertex 29.375 0 4
    endloop
  endfacet
  facet normal 0 0 1
    outer loop
      vertex 28.6041 6.71402 4
      vertex 29.8773 6.13519 4
      vertex 29.7897 6.54741 4
    endloop
  endfacet
  facet normal 0 0 1
    outer loop
      vertex 28.6041 6.71402 4
      vertex 28.862 5.50078 4
      vertex 29.8773 6.13519 4
    endloop
  endfacet
  facet normal 0 0 1
    outer loop
      vertex 28.9163 5.20779 4
      vertex 29.1104 3.98271 4
      vertex 30.0915 4.97935 4
    endloop
  endfacet
  facet normal 0 0 1
    outer loop
      vertex 30.0915 4.97935 4
      vertex 29.1104 3.98271 4
      vertex 30.1575 4.56313 4
    endloop
  endfacet
  facet normal -0 0 1
    outer loop
      vertex -30.3109 3.39766 4
      vertex -29.2789 2.45374 4
      vertex -29.1492 3.6873 4
    endloop
  endfacet
  facet normal 0 0 1
    outer loop
      vertex -29.375 0 4
      vertex -30.5 -0.210709 4
      vertex -29.375 -0.620178 4
    endloop
  endfacet
  facet normal 0 0 1
    outer loop
      vertex -29.3023 2.15669 4
      vertex -30.4472 1.80666 4
      vertex -29.3672 0.91803 4
    endloop
  endfacet
  facet normal 0 0 1
    outer loop
      vertex 29.1492 3.6873 4
      vertex 29.2789 2.45374 4
      vertex 30.3109 3.39766 4
    endloop
  endfacet
  facet normal 0 0 1
    outer loop
      vertex 30.3109 3.39766 4
      vertex 29.2789 2.45374 4
      vertex 30.3549 2.97856 4
    endloop
  endfacet
  facet normal 0 0 1
    outer loop
      vertex 29.3023 2.15669 4
      vertex 29.3672 0.91803 4
      vertex 30.4472 1.80666 4
    endloop
  endfacet
  facet normal 0 0 1
    outer loop
      vertex 30.4472 1.80666 4
      vertex 29.3672 0.91803 4
      vertex 30.4692 1.38582 4
    endloop
  endfacet
  facet normal 0 0 1
    outer loop
      vertex -29.3672 -0.91803 4
      vertex -30.4472 -1.80666 4
      vertex -29.3023 -2.15669 4
    endloop
  endfacet
  facet normal 0 0 1
    outer loop
      vertex 29.375 0 4
      vertex 30.5 0.210709 4
      vertex 29.375 0.620178 4
    endloop
  endfacet
  facet normal 0 0 1
    outer loop
      vertex -29.375 0.620178 4
      vertex -30.5 0.210709 4
      vertex -29.375 0 4
    endloop
  endfacet
  facet normal 0 0 1
    outer loop
      vertex -29.375 0 4
      vertex -30.5 0.210709 4
      vertex -30.5 -0.210709 4
    endloop
  endfacet
  facet normal 0 0 1
    outer loop
      vertex -29.3672 -0.91803 4
      vertex -30.4692 -1.38582 4
      vertex -30.4472 -1.80666 4
    endloop
  endfacet
  facet normal 0 0 1
    outer loop
      vertex -29.1104 -3.98271 4
      vertex -30.0915 -4.97935 4
      vertex -28.9163 -5.20779 4
    endloop
  endfacet
  facet normal 0 0 1
    outer loop
      vertex 29.3672 -0.91803 4
      vertex 30.4472 -1.80666 4
      vertex 30.4692 -1.38582 4
    endloop
  endfacet
  facet normal 0 0 1
    outer loop
      vertex 29.3672 -0.91803 4
      vertex 29.3023 -2.15669 4
      vertex 30.4472 -1.80666 4
    endloop
  endfacet
  facet normal -0 0 1
    outer loop
      vertex -30.3549 -2.97856 4
      vertex -30.3109 -3.39766 4
      vertex -29.2789 -2.45374 4
    endloop
  endfacet
  facet normal 0 0 1
    outer loop
      vertex 29.2789 -2.45374 4
      vertex 30.3109 -3.39766 4
      vertex 30.3549 -2.97856 4
    endloop
  endfacet
  facet normal 0 0 1
    outer loop
      vertex 29.2789 -2.45374 4
      vertex 29.1492 -3.6873 4
      vertex 30.3109 -3.39766 4
    endloop
  endfacet
  facet normal 0 0 1
    outer loop
      vertex -29.8773 -6.13519 4
      vertex -29.7897 -6.54741 4
      vertex -28.6041 -6.71402 4
    endloop
  endfacet
  facet normal 0 0 1
    outer loop
      vertex -29.1104 -3.98271 4
      vertex -30.1575 -4.56313 4
      vertex -30.0915 -4.97935 4
    endloop
  endfacet
  facet normal 0 0 1
    outer loop
      vertex -29.5153 -7.69044 4
      vertex -29.4062 -8.0975 4
      vertex -28.2135 -8.20184 4
    endloop
  endfacet
  facet normal 0 0 1
    outer loop
      vertex 29.1104 -3.98271 4
      vertex 30.0915 -4.97935 4
      vertex 30.1575 -4.56313 4
    endloop
  endfacet
  facet normal 0 0 1
    outer loop
      vertex 29.1104 -3.98271 4
      vertex 28.9163 -5.20779 4
      vertex 30.0915 -4.97935 4
    endloop
  endfacet
  facet normal 0 0 1
    outer loop
      vertex 28.862 -5.50078 4
      vertex 28.6041 -6.71402 4
      vertex 29.8773 -6.13519 4
    endloop
  endfacet
  facet normal 0 0 1
    outer loop
      vertex 29.8773 -6.13519 4
      vertex 28.6041 -6.71402 4
      vertex 29.7897 -6.54741 4
    endloop
  endfacet
  facet normal 0 0 1
    outer loop
      vertex 28.5346 -7.00375 4
      vertex 28.2135 -8.20184 4
      vertex 29.5153 -7.69044 4
    endloop
  endfacet
  facet normal 0 0 1
    outer loop
      vertex 29.5153 -7.69044 4
      vertex 28.2135 -8.20184 4
      vertex 29.4062 -8.0975 4
    endloop
  endfacet
  facet normal -0 0 1
    outer loop
      vertex -29.0723 -9.22461 4
      vertex -27.7456 -9.66719 4
      vertex -28.1289 -8.48755 4
    endloop
  endfacet
  facet normal 0 0 1
    outer loop
      vertex 28.1289 -8.48755 4
      vertex 27.7456 -9.66719 4
      vertex 29.0723 -9.22461 4
    endloop
  endfacet
  facet normal 0 0 1
    outer loop
      vertex 29.0723 -9.22461 4
      vertex 27.7456 -9.66719 4
      vertex 28.9421 -9.62541 4
    endloop
  endfacet
  facet normal -0 0 1
    outer loop
      vertex -28.5497 -10.7335 4
      vertex -28.3987 -11.1269 4
      vertex -27.6462 -9.94806 4
    endloop
  endfacet
  facet normal 0 0 1
    outer loop
      vertex 27.6462 -9.94806 4
      vertex 28.3987 -11.1269 4
      vertex 28.5497 -10.7335 4
    endloop
  endfacet
  facet normal 0 0 1
    outer loop
      vertex 27.6462 -9.94806 4
      vertex 27.2017 -11.106 4
      vertex 28.3987 -11.1269 4
    endloop
  endfacet
  facet normal 0 0 1
    outer loop
      vertex -27.2017 -11.106 4
      vertex -27.6462 -9.94806 4
      vertex -28.3987 -11.1269 4
    endloop
  endfacet
  facet normal -0 0 1
    outer loop
      vertex -27.9488 -12.213 4
      vertex -27.7774 -12.5979 4
      vertex -27.0876 -11.3813 4
    endloop
  endfacet
  facet normal 0 0 1
    outer loop
      vertex -26.5831 -12.5144 4
      vertex -27.0876 -11.3813 4
      vertex -27.7774 -12.5979 4
    endloop
  endfacet
  facet normal -0 0 1
    outer loop
      vertex 23.7647 -17.2664 4
      vertex 24.5512 -18.0979 4
      vertex 23.7649 -17.2662 4
    endloop
  endfacet
  facet normal 0 0 1
    outer loop
      vertex 27.0876 -11.3813 4
      vertex 27.7774 -12.5979 4
      vertex 27.9488 -12.213 4
    endloop
  endfacet
  facet normal 0 0 1
    outer loop
      vertex 27.0876 -11.3813 4
      vertex 26.5831 -12.5144 4
      vertex 27.7774 -12.5979 4
    endloop
  endfacet
  facet normal -0 0 1
    outer loop
      vertex -27.2713 -13.659 4
      vertex -27.08 -14.0344 4
      vertex -26.4549 -12.7834 4
    endloop
  endfacet
  facet normal 0 0 1
    outer loop
      vertex 26.4549 -12.7834 4
      vertex 27.08 -14.0344 4
      vertex 27.2713 -13.659 4
    endloop
  endfacet
  facet normal 0 0 1
    outer loop
      vertex 26.4549 -12.7834 4
      vertex 25.8918 -13.8885 4
      vertex 27.08 -14.0344 4
    endloop
  endfacet
  facet normal 0 0 1
    outer loop
      vertex -25.8918 -13.8885 4
      vertex -26.4549 -12.7834 4
      vertex -27.08 -14.0344 4
    endloop
  endfacet
  facet normal -0 0 1
    outer loop
      vertex -26.5191 -15.0675 4
      vertex -26.3084 -15.4325 4
      vertex -25.7496 -14.1504 4
    endloop
  endfacet
  facet normal 0 0 1
    outer loop
      vertex 25.7496 -14.1504 4
      vertex 26.3084 -15.4325 4
      vertex 26.5191 -15.0675 4
    endloop
  endfacet
  facet normal 0 0 1
    outer loop
      vertex 25.7496 -14.1504 4
      vertex 25.1294 -15.2246 4
      vertex 26.3084 -15.4325 4
    endloop
  endfacet
  facet normal 0 0 1
    outer loop
      vertex -25.1294 -15.2246 4
      vertex -25.7496 -14.1504 4
      vertex -26.3084 -15.4325 4
    endloop
  endfacet
  facet normal 0 0 1
    outer loop
      vertex -25.6942 -16.4348 4
      vertex -25.4647 -16.7882 4
      vertex -24.2982 -16.5189 4
    endloop
  endfacet
  facet normal 0 0 1
    outer loop
      vertex 23.7649 -17.2662 4
      vertex 24.5512 -18.0979 4
      vertex 24.7989 -17.757 4
    endloop
  endfacet
  facet normal 0 0 1
    outer loop
      vertex 24.9737 -15.4786 4
      vertex 24.2982 -16.5189 4
      vertex 25.6942 -16.4348 4
    endloop
  endfacet
  facet normal 0 0 1
    outer loop
      vertex 25.6942 -16.4348 4
      vertex 24.2982 -16.5189 4
      vertex 25.4647 -16.7882 4
    endloop
  endfacet
  facet normal 0 0 1
    outer loop
      vertex -24.2982 -16.5189 4
      vertex -24.9737 -15.4786 4
      vertex -25.6942 -16.4348 4
    endloop
  endfacet
  facet normal -0 0 1
    outer loop
      vertex -24.7989 -17.757 4
      vertex -24.5512 -18.0979 4
      vertex -23.7649 -17.2662 4
    endloop
  endfacet
  facet normal 0 0 1
    outer loop
      vertex -23.7647 -17.2664 4
      vertex -23.7649 -17.2662 4
      vertex -24.5512 -18.0979 4
    endloop
  endfacet
  facet normal 0 0 1
    outer loop
      vertex -24.7989 -17.757 4
      vertex -23.7649 -17.2662 4
      vertex -23.765 -17.266 4
    endloop
  endfacet
  facet normal 0 -0 1
    outer loop
      vertex -23.021 -18.2462 4
      vertex -19.9356 -15.8008 4
      vertex -23.7647 -17.2664 4
    endloop
  endfacet
  facet normal 0 0 1
    outer loop
      vertex -20.5798 -14.9521 4
      vertex -21.1878 -14.0772 4
      vertex -23.765 -17.266 4
    endloop
  endfacet
  facet normal -0 0 1
    outer loop
      vertex 23.765 -17.266 4
      vertex 24.7989 -17.757 4
      vertex 24.1294 -16.7645 4
    endloop
  endfacet
  facet normal 0 0 1
    outer loop
      vertex 23.7647 -17.2664 4
      vertex 23.4003 -17.7679 4
      vertex 24.5512 -18.0979 4
    endloop
  endfacet
  facet normal 0 0 1
    outer loop
      vertex 21.1878 -14.0772 4
      vertex 23.765 -17.266 4
      vertex 24.4671 -16.2559 4
    endloop
  endfacet
  facet normal -0 0 1
    outer loop
      vertex 23.7649 -17.2662 4
      vertex 24.7989 -17.757 4
      vertex 23.765 -17.266 4
    endloop
  endfacet
  facet normal 0 0 1
    outer loop
      vertex 19.9356 -15.8008 4
      vertex 23.021 -18.2462 4
      vertex 23.7647 -17.2664 4
    endloop
  endfacet
  facet normal -0 0 1
    outer loop
      vertex -23.8355 -19.0305 4
      vertex -23.5703 -19.358 4
      vertex -22.4384 -18.9682 4
    endloop
  endfacet
  facet normal 0 0 1
    outer loop
      vertex 23.2189 -18.0043 4
      vertex 22.4384 -18.9682 4
      vertex 23.8355 -19.0305 4
    endloop
  endfacet
  facet normal 0 0 1
    outer loop
      vertex 23.8355 -19.0305 4
      vertex 22.4384 -18.9682 4
      vertex 23.5703 -19.358 4
    endloop
  endfacet
  facet normal 0 0 1
    outer loop
      vertex -22.4384 -18.9682 4
      vertex -23.2189 -18.0043 4
      vertex -23.8355 -19.0305 4
    endloop
  endfacet
  facet normal -0 0 1
    outer loop
      vertex -22.8069 -20.2519 4
      vertex -22.5249 -20.5651 4
      vertex -22.2449 -19.1948 4
    endloop
  endfacet
  facet normal 0 0 1
    outer loop
      vertex 22.2449 -19.1948 4
      vertex 22.5249 -20.5651 4
      vertex 22.8069 -20.2519 4
    endloop
  endfacet
  facet normal 0 0 1
    outer loop
      vertex 22.2449 -19.1948 4
      vertex 21.4149 -20.1166 4
      vertex 22.5249 -20.5651 4
    endloop
  endfacet
  facet normal 0 0 1
    outer loop
      vertex -21.4149 -20.1166 4
      vertex -22.2449 -19.1948 4
      vertex -22.5249 -20.5651 4
    endloop
  endfacet
  facet normal 0 0 1
    outer loop
      vertex -20.3327 -21.2098 4
      vertex -21.2098 -20.3327 4
      vertex -21.4178 -21.7157 4
    endloop
  endfacet
  facet normal 0 0 1
    outer loop
      vertex 21.2098 -20.3327 4
      vertex 21.4178 -21.7157 4
      vertex 21.7157 -21.4178 4
    endloop
  endfacet
  facet normal 0 0 1
    outer loop
      vertex 21.2098 -20.3327 4
      vertex 20.3327 -21.2098 4
      vertex 21.4178 -21.7157 4
    endloop
  endfacet
  facet normal -0 0 1
    outer loop
      vertex -20.5651 -22.5249 4
      vertex -20.2519 -22.8069 4
      vertex -19.1948 -22.2449 4
    endloop
  endfacet
  facet normal 0 0 1
    outer loop
      vertex 20.1166 -21.4149 4
      vertex 19.1948 -22.2449 4
      vertex 20.5651 -22.5249 4
    endloop
  endfacet
  facet normal 0 0 1
    outer loop
      vertex 20.5651 -22.5249 4
      vertex 19.1948 -22.2449 4
      vertex 20.2519 -22.8069 4
    endloop
  endfacet
  facet normal 0 0 1
    outer loop
      vertex -19.1948 -22.2449 4
      vertex -20.1166 -21.4149 4
      vertex -20.5651 -22.5249 4
    endloop
  endfacet
  facet normal -0 0 1
    outer loop
      vertex -19.358 -23.5703 4
      vertex -19.0305 -23.8355 4
      vertex -18.9682 -22.4384 4
    endloop
  endfacet
  facet normal 0 0 1
    outer loop
      vertex -18.0043 -23.2189 4
      vertex -18.9682 -22.4384 4
      vertex -19.0305 -23.8355 4
    endloop
  endfacet
  facet normal 0 0 1
    outer loop
      vertex 18.9682 -22.4384 4
      vertex 19.0305 -23.8355 4
      vertex 19.358 -23.5703 4
    endloop
  endfacet
  facet normal 0 0 1
    outer loop
      vertex 18.9682 -22.4384 4
      vertex 18.0043 -23.2189 4
      vertex 19.0305 -23.8355 4
    endloop
  endfacet
  facet normal -0 0 1
    outer loop
      vertex -18.0979 -24.5512 4
      vertex -17.757 -24.7989 4
      vertex -17.7679 -23.4003 4
    endloop
  endfacet
  facet normal 0 0 1
    outer loop
      vertex 17.7679 -23.4003 4
      vertex 17.757 -24.7989 4
      vertex 18.0979 -24.5512 4
    endloop
  endfacet
  facet normal 0 0 1
    outer loop
      vertex 17.7679 -23.4003 4
      vertex 16.7645 -24.1294 4
      vertex 17.757 -24.7989 4
    endloop
  endfacet
  facet normal 0 0 1
    outer loop
      vertex -16.7645 -24.1294 4
      vertex -17.7679 -23.4003 4
      vertex -17.757 -24.7989 4
    endloop
  endfacet
  facet normal -0 0 1
    outer loop
      vertex -16.7882 -25.4647 4
      vertex -16.4348 -25.6942 4
      vertex -16.5189 -24.2982 4
    endloop
  endfacet
  facet normal 0 0 1
    outer loop
      vertex 16.5189 -24.2982 4
      vertex 16.4348 -25.6942 4
      vertex 16.7882 -25.4647 4
    endloop
  endfacet
  facet normal 0 0 1
    outer loop
      vertex 16.5189 -24.2982 4
      vertex 15.4786 -24.9737 4
      vertex 16.4348 -25.6942 4
    endloop
  endfacet
  facet normal 0 0 1
    outer loop
      vertex -15.4786 -24.9737 4
      vertex -16.5189 -24.2982 4
      vertex -16.4348 -25.6942 4
    endloop
  endfacet
  facet normal -0 0 1
    outer loop
      vertex -14.0344 -27.08 4
      vertex -13.659 -27.2713 4
      vertex -12.7834 -26.4549 4
    endloop
  endfacet
  facet normal 0 0 1
    outer loop
      vertex -12.7834 -26.4549 4
      vertex -13.8885 -25.8918 4
      vertex -14.0344 -27.08 4
    endloop
  endfacet
  facet normal -0 0 1
    outer loop
      vertex -12.5979 -27.7774 4
      vertex -12.213 -27.9488 4
      vertex -11.3813 -27.0876 4
    endloop
  endfacet
  facet normal 0 0 1
    outer loop
      vertex 13.8885 -25.8918 4
      vertex 12.7834 -26.4549 4
      vertex 14.0344 -27.08 4
    endloop
  endfacet
  facet normal 0 0 1
    outer loop
      vertex 14.0344 -27.08 4
      vertex 12.7834 -26.4549 4
      vertex 13.659 -27.2713 4
    endloop
  endfacet
  facet normal 0 0 1
    outer loop
      vertex -11.3813 -27.0876 4
      vertex -12.5144 -26.5831 4
      vertex -12.5979 -27.7774 4
    endloop
  endfacet
  facet normal 0 0 1
    outer loop
      vertex 12.5144 -26.5831 4
      vertex 11.3813 -27.0876 4
      vertex 12.5979 -27.7774 4
    endloop
  endfacet
  facet normal 0 0 1
    outer loop
      vertex 12.5979 -27.7774 4
      vertex 11.3813 -27.0876 4
      vertex 12.213 -27.9488 4
    endloop
  endfacet
  facet normal 0 0 1
    outer loop
      vertex -9.94806 -27.6462 4
      vertex -11.106 -27.2017 4
      vertex -11.1269 -28.3987 4
    endloop
  endfacet
  facet normal -0 -0 1
    outer loop
      vertex -8.0975 -29.4062 4
      vertex -7.69044 -29.5153 4
      vertex -8.20184 -28.2135 4
    endloop
  endfacet
  facet normal 0 0 1
    outer loop
      vertex 11.106 -27.2017 4
      vertex 9.94806 -27.6462 4
      vertex 11.1269 -28.3987 4
    endloop
  endfacet
  facet normal 0 0 1
    outer loop
      vertex 11.1269 -28.3987 4
      vertex 9.94806 -27.6462 4
      vertex 10.7335 -28.5497 4
    endloop
  endfacet
  facet normal 0 0 1
    outer loop
      vertex 9.66719 -27.7456 4
      vertex 9.22461 -29.0723 4
      vertex 9.62541 -28.9421 4
    endloop
  endfacet
  facet normal 0 0 1
    outer loop
      vertex 9.66719 -27.7456 4
      vertex 8.48755 -28.1289 4
      vertex 9.22461 -29.0723 4
    endloop
  endfacet
  facet normal 0 0 1
    outer loop
      vertex -8.48755 -28.1289 4
      vertex -9.66719 -27.7456 4
      vertex -9.22461 -29.0723 4
    endloop
  endfacet
  facet normal 0 0 1
    outer loop
      vertex 8.20184 -28.2135 4
      vertex 7.69044 -29.5153 4
      vertex 8.0975 -29.4062 4
    endloop
  endfacet
  facet normal 0 0 1
    outer loop
      vertex 8.20184 -28.2135 4
      vertex 7.00375 -28.5346 4
      vertex 7.69044 -29.5153 4
    endloop
  endfacet
  facet normal 0 0 1
    outer loop
      vertex -7.00375 -28.5346 4
      vertex -8.20184 -28.2135 4
      vertex -7.69044 -29.5153 4
    endloop
  endfacet
  facet normal -0 -0 1
    outer loop
      vertex -6.54741 -29.7897 4
      vertex -6.13519 -29.8773 4
      vertex -6.71402 -28.6041 4
    endloop
  endfacet
  facet normal 0 0 1
    outer loop
      vertex 6.71402 -28.6041 4
      vertex 6.13519 -29.8773 4
      vertex 6.54741 -29.7897 4
    endloop
  endfacet
  facet normal 0 0 1
    outer loop
      vertex 6.71402 -28.6041 4
      vertex 5.50078 -28.862 4
      vertex 6.13519 -29.8773 4
    endloop
  endfacet
  facet normal 0 0 1
    outer loop
      vertex -5.50078 -28.862 4
      vertex -6.71402 -28.6041 4
      vertex -6.13519 -29.8773 4
    endloop
  endfacet
  facet normal -0 0 1
    outer loop
      vertex -4.97935 -30.0915 4
      vertex -4.56313 -30.1575 4
      vertex -3.98271 -29.1104 4
    endloop
  endfacet
  facet normal 0 0 1
    outer loop
      vertex 5.20779 -28.9163 4
      vertex 3.98271 -29.1104 4
      vertex 4.97935 -30.0915 4
    endloop
  endfacet
  facet normal 0 0 1
    outer loop
      vertex 4.97935 -30.0915 4
      vertex 3.98271 -29.1104 4
      vertex 4.56313 -30.1575 4
    endloop
  endfacet
  facet normal 0 0 1
    outer loop
      vertex -3.98271 -29.1104 4
      vertex -5.20779 -28.9163 4
      vertex -4.97935 -30.0915 4
    endloop
  endfacet
  facet normal -0 0 1
    outer loop
      vertex -3.39766 -30.3109 4
      vertex -2.97856 -30.3549 4
      vertex -2.45374 -29.2789 4
    endloop
  endfacet
  facet normal 0 0 1
    outer loop
      vertex -2.45374 -29.2789 4
      vertex -3.6873 -29.1492 4
      vertex -3.39766 -30.3109 4
    endloop
  endfacet
  facet normal 0 0 1
    outer loop
      vertex 3.6873 -29.1492 4
      vertex 2.45374 -29.2789 4
      vertex 3.39766 -30.3109 4
    endloop
  endfacet
  facet normal 0 0 1
    outer loop
      vertex 3.39766 -30.3109 4
      vertex 2.45374 -29.2789 4
      vertex 2.97856 -30.3549 4
    endloop
  endfacet
  facet normal -0 0 1
    outer loop
      vertex -1.80666 -30.4472 4
      vertex -1.38582 -30.4692 4
      vertex -0.91803 -29.3672 4
    endloop
  endfacet
  facet normal 0 0 1
    outer loop
      vertex 2.15669 -29.3023 4
      vertex 0.91803 -29.3672 4
      vertex 1.80666 -30.4472 4
    endloop
  endfacet
  facet normal 0 0 1
    outer loop
      vertex 1.80666 -30.4472 4
      vertex 0.91803 -29.3672 4
      vertex 1.38582 -30.4692 4
    endloop
  endfacet
  facet normal 0 0 1
    outer loop
      vertex -0.91803 -29.3672 4
      vertex -2.15669 -29.3023 4
      vertex -1.80666 -30.4472 4
    endloop
  endfacet
  facet normal 0 -0 1
    outer loop
      vertex -0.210709 -30.5 4
      vertex 0.210709 -30.5 4
      vertex -0.620178 -29.375 4
    endloop
  endfacet
  facet normal 0 0 1
    outer loop
      vertex 0.620178 -29.375 4
      vertex -0.620178 -29.375 4
      vertex 0.210709 -30.5 4
    endloop
  endfacet
  facet normal 0 1 0
    outer loop
      vertex -0.210709 30.5 0
      vertex 0.210709 30.5 4
      vertex 0.210709 30.5 0
    endloop
  endfacet
  facet normal 0 1 0
    outer loop
      vertex -0.210709 30.5 0
      vertex -0.210709 30.5 4
      vertex 0.210709 30.5 4
    endloop
  endfacet
  facet normal -0.939692 0.342022 0
    outer loop
      vertex -0.620178 29.375 0
      vertex -0.210709 30.5 4
      vertex -0.210709 30.5 0
    endloop
  endfacet
  facet normal -0.939692 0.342022 0
    outer loop
      vertex -0.620178 29.375 0
      vertex -0.620178 29.375 4
      vertex -0.210709 30.5 4
    endloop
  endfacet
  facet normal 0 -1 0
    outer loop
      vertex 0.620178 29.375 0
      vertex -0.620178 29.375 4
      vertex -0.620178 29.375 0
    endloop
  endfacet
  facet normal 0 -1 0
    outer loop
      vertex 0.620178 29.375 0
      vertex 0.620178 29.375 4
      vertex -0.620178 29.375 4
    endloop
  endfacet
  facet normal 0.939692 0.342022 0
    outer loop
      vertex 0.210709 30.5 0
      vertex 0.620178 29.375 4
      vertex 0.620178 29.375 0
    endloop
  endfacet
  facet normal 0.939692 0.342022 -0
    outer loop
      vertex 0.210709 30.5 0
      vertex 0.210709 30.5 4
      vertex 0.620178 29.375 4
    endloop
  endfacet
  facet normal 0.0522051 0.998636 0
    outer loop
      vertex 1.38582 30.4692 0
      vertex 1.80666 30.4472 4
      vertex 1.80666 30.4472 0
    endloop
  endfacet
  facet normal 0.0522051 0.998636 -0
    outer loop
      vertex 1.38582 30.4692 0
      vertex 1.38582 30.4692 4
      vertex 1.80666 30.4472 4
    endloop
  endfacet
  facet normal -0.920499 0.390744 0
    outer loop
      vertex 0.91803 29.3672 0
      vertex 1.38582 30.4692 4
      vertex 1.38582 30.4692 0
    endloop
  endfacet
  facet normal -0.920499 0.390744 0
    outer loop
      vertex 0.91803 29.3672 0
      vertex 0.91803 29.3672 4
      vertex 1.38582 30.4692 4
    endloop
  endfacet
  facet normal -0.0523236 -0.99863 0
    outer loop
      vertex 2.15669 29.3023 0
      vertex 0.91803 29.3672 4
      vertex 0.91803 29.3672 0
    endloop
  endfacet
  facet normal -0.0523236 -0.99863 0
    outer loop
      vertex 2.15669 29.3023 0
      vertex 2.15669 29.3023 4
      vertex 0.91803 29.3672 4
    endloop
  endfacet
  facet normal 0.956305 0.292371 0
    outer loop
      vertex 1.80666 30.4472 0
      vertex 2.15669 29.3023 4
      vertex 2.15669 29.3023 0
    endloop
  endfacet
  facet normal 0.956305 0.292371 -0
    outer loop
      vertex 1.80666 30.4472 0
      vertex 1.80666 30.4472 4
      vertex 2.15669 29.3023 4
    endloop
  endfacet
  facet normal 0.920499 0.390744 0
    outer loop
      vertex -1.38582 30.4692 0
      vertex -0.91803 29.3672 4
      vertex -0.91803 29.3672 0
    endloop
  endfacet
  facet normal 0.920499 0.390744 -0
    outer loop
      vertex -1.38582 30.4692 0
      vertex -1.38582 30.4692 4
      vertex -0.91803 29.3672 4
    endloop
  endfacet
  facet normal -0.0522051 0.998636 0
    outer loop
      vertex -1.80666 30.4472 0
      vertex -1.38582 30.4692 4
      vertex -1.38582 30.4692 0
    endloop
  endfacet
  facet normal -0.0522051 0.998636 0
    outer loop
      vertex -1.80666 30.4472 0
      vertex -1.80666 30.4472 4
      vertex -1.38582 30.4692 4
    endloop
  endfacet
  facet normal -0.956305 0.292371 0
    outer loop
      vertex -2.15669 29.3023 0
      vertex -1.80666 30.4472 4
      vertex -1.80666 30.4472 0
    endloop
  endfacet
  facet normal -0.956305 0.292371 0
    outer loop
      vertex -2.15669 29.3023 0
      vertex -2.15669 29.3023 4
      vertex -1.80666 30.4472 4
    endloop
  endfacet
  facet normal 0.0523236 -0.99863 0
    outer loop
      vertex -0.91803 29.3672 0
      vertex -2.15669 29.3023 4
      vertex -2.15669 29.3023 0
    endloop
  endfacet
  facet normal 0.0523236 -0.99863 0
    outer loop
      vertex -0.91803 29.3672 0
      vertex -0.91803 29.3672 4
      vertex -2.15669 29.3023 4
    endloop
  endfacet
  facet normal 0.898788 0.438384 0
    outer loop
      vertex -2.97856 30.3549 0
      vertex -2.45374 29.2789 4
      vertex -2.45374 29.2789 0
    endloop
  endfacet
  facet normal 0.898788 0.438384 -0
    outer loop
      vertex -2.97856 30.3549 0
      vertex -2.97856 30.3549 4
      vertex -2.45374 29.2789 4
    endloop
  endfacet
  facet normal -0.104413 0.994534 0
    outer loop
      vertex -3.39766 30.3109 0
      vertex -2.97856 30.3549 4
      vertex -2.97856 30.3549 0
    endloop
  endfacet
  facet normal -0.104413 0.994534 0
    outer loop
      vertex -3.39766 30.3109 0
      vertex -3.39766 30.3109 4
      vertex -2.97856 30.3549 4
    endloop
  endfacet
  facet normal -0.970297 0.241918 0
    outer loop
      vertex -3.6873 29.1492 0
      vertex -3.39766 30.3109 4
      vertex -3.39766 30.3109 0
    endloop
  endfacet
  facet normal -0.970297 0.241918 0
    outer loop
      vertex -3.6873 29.1492 0
      vertex -3.6873 29.1492 4
      vertex -3.39766 30.3109 4
    endloop
  endfacet
  facet normal 0.104566 -0.994518 0
    outer loop
      vertex -2.45374 29.2789 0
      vertex -3.6873 29.1492 4
      vertex -3.6873 29.1492 0
    endloop
  endfacet
  facet normal 0.104566 -0.994518 0
    outer loop
      vertex -2.45374 29.2789 0
      vertex -2.45374 29.2789 4
      vertex -3.6873 29.1492 4
    endloop
  endfacet
  facet normal 0.104413 0.994534 0
    outer loop
      vertex 2.97856 30.3549 0
      vertex 3.39766 30.3109 4
      vertex 3.39766 30.3109 0
    endloop
  endfacet
  facet normal 0.104413 0.994534 -0
    outer loop
      vertex 2.97856 30.3549 0
      vertex 2.97856 30.3549 4
      vertex 3.39766 30.3109 4
    endloop
  endfacet
  facet normal -0.898788 0.438384 0
    outer loop
      vertex 2.45374 29.2789 0
      vertex 2.97856 30.3549 4
      vertex 2.97856 30.3549 0
    endloop
  endfacet
  facet normal -0.898788 0.438384 0
    outer loop
      vertex 2.45374 29.2789 0
      vertex 2.45374 29.2789 4
      vertex 2.97856 30.3549 4
    endloop
  endfacet
  facet normal -0.104566 -0.994518 0
    outer loop
      vertex 3.6873 29.1492 0
      vertex 2.45374 29.2789 4
      vertex 2.45374 29.2789 0
    endloop
  endfacet
  facet normal -0.104566 -0.994518 0
    outer loop
      vertex 3.6873 29.1492 0
      vertex 3.6873 29.1492 4
      vertex 2.45374 29.2789 4
    endloop
  endfacet
  facet normal 0.970297 0.241918 0
    outer loop
      vertex 3.39766 30.3109 0
      vertex 3.6873 29.1492 4
      vertex 3.6873 29.1492 0
    endloop
  endfacet
  facet normal 0.970297 0.241918 -0
    outer loop
      vertex 3.39766 30.3109 0
      vertex 3.39766 30.3109 4
      vertex 3.6873 29.1492 4
    endloop
  endfacet
  facet normal 0.156613 0.98766 0
    outer loop
      vertex 4.56313 30.1575 0
      vertex 4.97935 30.0915 4
      vertex 4.97935 30.0915 0
    endloop
  endfacet
  facet normal 0.156613 0.98766 -0
    outer loop
      vertex 4.56313 30.1575 0
      vertex 4.56313 30.1575 4
      vertex 4.97935 30.0915 4
    endloop
  endfacet
  facet normal -0.874619 0.484812 0
    outer loop
      vertex 3.98271 29.1104 0
      vertex 4.56313 30.1575 4
      vertex 4.56313 30.1575 0
    endloop
  endfacet
  facet normal -0.874619 0.484812 0
    outer loop
      vertex 3.98271 29.1104 0
      vertex 3.98271 29.1104 4
      vertex 4.56313 30.1575 4
    endloop
  endfacet
  facet normal -0.156487 -0.98768 0
    outer loop
      vertex 5.20779 28.9163 0
      vertex 3.98271 29.1104 4
      vertex 3.98271 29.1104 0
    endloop
  endfacet
  facet normal -0.156487 -0.98768 0
    outer loop
      vertex 5.20779 28.9163 0
      vertex 5.20779 28.9163 4
      vertex 3.98271 29.1104 4
    endloop
  endfacet
  facet normal 0.981627 0.190812 0
    outer loop
      vertex 4.97935 30.0915 0
      vertex 5.20779 28.9163 4
      vertex 5.20779 28.9163 0
    endloop
  endfacet
  facet normal 0.981627 0.190812 -0
    outer loop
      vertex 4.97935 30.0915 0
      vertex 4.97935 30.0915 4
      vertex 5.20779 28.9163 4
    endloop
  endfacet
  facet normal 0.874619 0.484812 0
    outer loop
      vertex -4.56313 30.1575 0
      vertex -3.98271 29.1104 4
      vertex -3.98271 29.1104 0
    endloop
  endfacet
  facet normal 0.874619 0.484812 -0
    outer loop
      vertex -4.56313 30.1575 0
      vertex -4.56313 30.1575 4
      vertex -3.98271 29.1104 4
    endloop
  endfacet
  facet normal -0.156613 0.98766 0
    outer loop
      vertex -4.97935 30.0915 0
      vertex -4.56313 30.1575 4
      vertex -4.56313 30.1575 0
    endloop
  endfacet
  facet normal -0.156613 0.98766 0
    outer loop
      vertex -4.97935 30.0915 0
      vertex -4.97935 30.0915 4
      vertex -4.56313 30.1575 4
    endloop
  endfacet
  facet normal -0.981627 0.190812 0
    outer loop
      vertex -5.20779 28.9163 0
      vertex -4.97935 30.0915 4
      vertex -4.97935 30.0915 0
    endloop
  endfacet
  facet normal -0.981627 0.190812 0
    outer loop
      vertex -5.20779 28.9163 0
      vertex -5.20779 28.9163 4
      vertex -4.97935 30.0915 4
    endloop
  endfacet
  facet normal 0.156487 -0.98768 0
    outer loop
      vertex -3.98271 29.1104 0
      vertex -5.20779 28.9163 4
      vertex -5.20779 28.9163 0
    endloop
  endfacet
  facet normal 0.156487 -0.98768 0
    outer loop
      vertex -3.98271 29.1104 0
      vertex -3.98271 29.1104 4
      vertex -5.20779 28.9163 4
    endloop
  endfacet
  facet normal 0.207866 0.978157 0
    outer loop
      vertex 6.13519 29.8773 0
      vertex 6.54741 29.7897 4
      vertex 6.54741 29.7897 0
    endloop
  endfacet
  facet normal 0.207866 0.978157 -0
    outer loop
      vertex 6.13519 29.8773 0
      vertex 6.13519 29.8773 4
      vertex 6.54741 29.7897 4
    endloop
  endfacet
  facet normal -0.848056 0.529907 0
    outer loop
      vertex 5.50078 28.862 0
      vertex 6.13519 29.8773 4
      vertex 6.13519 29.8773 0
    endloop
  endfacet
  facet normal -0.848056 0.529907 0
    outer loop
      vertex 5.50078 28.862 0
      vertex 5.50078 28.862 4
      vertex 6.13519 29.8773 4
    endloop
  endfacet
  facet normal -0.207925 -0.978145 0
    outer loop
      vertex 6.71402 28.6041 0
      vertex 5.50078 28.862 4
      vertex 5.50078 28.862 0
    endloop
  endfacet
  facet normal -0.207925 -0.978145 0
    outer loop
      vertex 6.71402 28.6041 0
      vertex 6.71402 28.6041 4
      vertex 5.50078 28.862 4
    endloop
  endfacet
  facet normal 0.99027 0.139161 0
    outer loop
      vertex 6.54741 29.7897 0
      vertex 6.71402 28.6041 4
      vertex 6.71402 28.6041 0
    endloop
  endfacet
  facet normal 0.99027 0.139161 -0
    outer loop
      vertex 6.54741 29.7897 0
      vertex 6.54741 29.7897 4
      vertex 6.71402 28.6041 4
    endloop
  endfacet
  facet normal 0.848056 0.529907 0
    outer loop
      vertex -6.13519 29.8773 0
      vertex -5.50078 28.862 4
      vertex -5.50078 28.862 0
    endloop
  endfacet
  facet normal 0.848056 0.529907 -0
    outer loop
      vertex -6.13519 29.8773 0
      vertex -6.13519 29.8773 4
      vertex -5.50078 28.862 4
    endloop
  endfacet
  facet normal -0.207866 0.978157 0
    outer loop
      vertex -6.54741 29.7897 0
      vertex -6.13519 29.8773 4
      vertex -6.13519 29.8773 0
    endloop
  endfacet
  facet normal -0.207866 0.978157 0
    outer loop
      vertex -6.54741 29.7897 0
      vertex -6.54741 29.7897 4
      vertex -6.13519 29.8773 4
    endloop
  endfacet
  facet normal -0.99027 0.139161 0
    outer loop
      vertex -6.71402 28.6041 0
      vertex -6.54741 29.7897 4
      vertex -6.54741 29.7897 0
    endloop
  endfacet
  facet normal -0.99027 0.139161 0
    outer loop
      vertex -6.71402 28.6041 0
      vertex -6.71402 28.6041 4
      vertex -6.54741 29.7897 4
    endloop
  endfacet
  facet normal 0.207925 -0.978145 0
    outer loop
      vertex -5.50078 28.862 0
      vertex -6.71402 28.6041 4
      vertex -6.71402 28.6041 0
    endloop
  endfacet
  facet normal 0.207925 -0.978145 0
    outer loop
      vertex -5.50078 28.862 0
      vertex -5.50078 28.862 4
      vertex -6.71402 28.6041 4
    endloop
  endfacet
  facet normal 0.258882 0.965909 0
    outer loop
      vertex 7.69044 29.5153 0
      vertex 8.0975 29.4062 4
      vertex 8.0975 29.4062 0
    endloop
  endfacet
  facet normal 0.258882 0.965909 -0
    outer loop
      vertex 7.69044 29.5153 0
      vertex 7.69044 29.5153 4
      vertex 8.0975 29.4062 4
    endloop
  endfacet
  facet normal -0.819153 0.573574 0
    outer loop
      vertex 7.00375 28.5346 0
      vertex 7.69044 29.5153 4
      vertex 7.69044 29.5153 0
    endloop
  endfacet
  facet normal -0.819153 0.573574 0
    outer loop
      vertex 7.00375 28.5346 0
      vertex 7.00375 28.5346 4
      vertex 7.69044 29.5153 4
    endloop
  endfacet
  facet normal -0.258874 -0.965911 0
    outer loop
      vertex 8.20184 28.2135 0
      vertex 7.00375 28.5346 4
      vertex 7.00375 28.5346 0
    endloop
  endfacet
  facet normal -0.258874 -0.965911 0
    outer loop
      vertex 8.20184 28.2135 0
      vertex 8.20184 28.2135 4
      vertex 7.00375 28.5346 4
    endloop
  endfacet
  facet normal 0.996195 0.0871493 0
    outer loop
      vertex 8.0975 29.4062 0
      vertex 8.20184 28.2135 4
      vertex 8.20184 28.2135 0
    endloop
  endfacet
  facet normal 0.996195 0.0871493 -0
    outer loop
      vertex 8.0975 29.4062 0
      vertex 8.0975 29.4062 4
      vertex 8.20184 28.2135 4
    endloop
  endfacet
  facet normal 0.819153 0.573574 0
    outer loop
      vertex -7.69044 29.5153 0
      vertex -7.00375 28.5346 4
      vertex -7.00375 28.5346 0
    endloop
  endfacet
  facet normal 0.819153 0.573574 -0
    outer loop
      vertex -7.69044 29.5153 0
      vertex -7.69044 29.5153 4
      vertex -7.00375 28.5346 4
    endloop
  endfacet
  facet normal -0.258882 0.965909 0
    outer loop
      vertex -8.0975 29.4062 0
      vertex -7.69044 29.5153 4
      vertex -7.69044 29.5153 0
    endloop
  endfacet
  facet normal -0.258882 0.965909 0
    outer loop
      vertex -8.0975 29.4062 0
      vertex -8.0975 29.4062 4
      vertex -7.69044 29.5153 4
    endloop
  endfacet
  facet normal -0.996195 0.0871493 0
    outer loop
      vertex -8.20184 28.2135 0
      vertex -8.0975 29.4062 4
      vertex -8.0975 29.4062 0
    endloop
  endfacet
  facet normal -0.996195 0.0871493 0
    outer loop
      vertex -8.20184 28.2135 0
      vertex -8.20184 28.2135 4
      vertex -8.0975 29.4062 4
    endloop
  endfacet
  facet normal 0.258874 -0.965911 0
    outer loop
      vertex -7.00375 28.5346 0
      vertex -8.20184 28.2135 4
      vertex -8.20184 28.2135 0
    endloop
  endfacet
  facet normal 0.258874 -0.965911 0
    outer loop
      vertex -7.00375 28.5346 0
      vertex -7.00375 28.5346 4
      vertex -8.20184 28.2135 4
    endloop
  endfacet
  facet normal 0.0836347 -0.996496 0
    outer loop
      vertex 3.07051 -29.2141 0
      vertex 1.84447 -29.317 4
      vertex 1.84447 -29.317 0
    endloop
  endfacet
  facet normal 0.0836347 -0.996496 0
    outer loop
      vertex 3.07051 -29.2141 0
      vertex 3.07051 -29.2141 4
      vertex 1.84447 -29.317 4
    endloop
  endfacet
  facet normal 0.125328 -0.992115 0
    outer loop
      vertex 4.29118 -29.0599 0
      vertex 3.07051 -29.2141 4
      vertex 3.07051 -29.2141 0
    endloop
  endfacet
  facet normal 0.125328 -0.992115 0
    outer loop
      vertex 4.29118 -29.0599 0
      vertex 4.29118 -29.0599 4
      vertex 3.07051 -29.2141 4
    endloop
  endfacet
  facet normal 0.166779 -0.985994 0
    outer loop
      vertex 5.50432 -28.8547 0
      vertex 4.29118 -29.0599 4
      vertex 4.29118 -29.0599 0
    endloop
  endfacet
  facet normal 0.166779 -0.985994 0
    outer loop
      vertex 5.50432 -28.8547 0
      vertex 5.50432 -28.8547 4
      vertex 4.29118 -29.0599 4
    endloop
  endfacet
  facet normal 0.207907 -0.978149 0
    outer loop
      vertex 6.70779 -28.5989 0
      vertex 5.50432 -28.8547 4
      vertex 5.50432 -28.8547 0
    endloop
  endfacet
  facet normal 0.207907 -0.978149 0
    outer loop
      vertex 6.70779 -28.5989 0
      vertex 6.70779 -28.5989 4
      vertex 5.50432 -28.8547 4
    endloop
  endfacet
  facet normal 0.248704 -0.96858 0
    outer loop
      vertex 7.89951 -28.2929 0
      vertex 6.70779 -28.5989 4
      vertex 6.70779 -28.5989 0
    endloop
  endfacet
  facet normal 0.248704 -0.96858 0
    outer loop
      vertex 7.89951 -28.2929 0
      vertex 7.89951 -28.2929 4
      vertex 6.70779 -28.5989 4
    endloop
  endfacet
  facet normal 0.289021 -0.957323 0
    outer loop
      vertex 9.07736 -27.9373 0
      vertex 7.89951 -28.2929 4
      vertex 7.89951 -28.2929 0
    endloop
  endfacet
  facet normal 0.289021 -0.957323 0
    outer loop
      vertex 9.07736 -27.9373 0
      vertex 9.07736 -27.9373 4
      vertex 7.89951 -28.2929 4
    endloop
  endfacet
  facet normal 0.328845 -0.944384 0
    outer loop
      vertex 10.2393 -27.5327 0
      vertex 9.07736 -27.9373 4
      vertex 9.07736 -27.9373 0
    endloop
  endfacet
  facet normal 0.328845 -0.944384 0
    outer loop
      vertex 10.2393 -27.5327 0
      vertex 10.2393 -27.5327 4
      vertex 9.07736 -27.9373 4
    endloop
  endfacet
  facet normal 0.368166 -0.92976 0
    outer loop
      vertex 11.3833 -27.0797 0
      vertex 10.2393 -27.5327 4
      vertex 10.2393 -27.5327 0
    endloop
  endfacet
  facet normal 0.368166 -0.92976 0
    outer loop
      vertex 11.3833 -27.0797 0
      vertex 11.3833 -27.0797 4
      vertex 10.2393 -27.5327 4
    endloop
  endfacet
  facet normal 0.406712 -0.913557 0
    outer loop
      vertex 12.5073 -26.5793 0
      vertex 11.3833 -27.0797 4
      vertex 11.3833 -27.0797 0
    endloop
  endfacet
  facet normal 0.406712 -0.913557 0
    outer loop
      vertex 12.5073 -26.5793 0
      vertex 12.5073 -26.5793 4
      vertex 11.3833 -27.0797 4
    endloop
  endfacet
  facet normal 0.444676 -0.895692 0
    outer loop
      vertex 13.6093 -26.0322 0
      vertex 12.5073 -26.5793 4
      vertex 12.5073 -26.5793 0
    endloop
  endfacet
  facet normal 0.444676 -0.895692 0
    outer loop
      vertex 13.6093 -26.0322 0
      vertex 13.6093 -26.0322 4
      vertex 12.5073 -26.5793 4
    endloop
  endfacet
  facet normal 0.481732 -0.876319 0
    outer loop
      vertex 14.6873 -25.4396 0
      vertex 13.6093 -26.0322 4
      vertex 13.6093 -26.0322 0
    endloop
  endfacet
  facet normal 0.481732 -0.876319 0
    outer loop
      vertex 14.6873 -25.4396 0
      vertex 14.6873 -25.4396 4
      vertex 13.6093 -26.0322 4
    endloop
  endfacet
  facet normal -0.500025 0.866011 0
    outer loop
      vertex 14.1504 -25.7496 0
      vertex 14.6873 -25.4396 4
      vertex 14.6873 -25.4396 0
    endloop
  endfacet
  facet normal -0.500025 0.866011 0
    outer loop
      vertex 14.1504 -25.7496 0
      vertex 14.1504 -25.7496 4
      vertex 14.6873 -25.4396 4
    endloop
  endfacet
  facet normal -0.642769 -0.76606 0
    outer loop
      vertex 15.0675 -26.5191 0
      vertex 14.1504 -25.7496 4
      vertex 14.1504 -25.7496 0
    endloop
  endfacet
  facet normal -0.642769 -0.76606 0
    outer loop
      vertex 15.0675 -26.5191 0
      vertex 15.0675 -26.5191 4
      vertex 14.1504 -25.7496 4
    endloop
  endfacet
  facet normal 0.499942 -0.866059 0
    outer loop
      vertex 15.4325 -26.3084 0
      vertex 15.0675 -26.5191 4
      vertex 15.0675 -26.5191 0
    endloop
  endfacet
  facet normal 0.499942 -0.866059 0
    outer loop
      vertex 15.4325 -26.3084 0
      vertex 15.4325 -26.3084 4
      vertex 15.0675 -26.5191 4
    endloop
  endfacet
  facet normal 0.984806 0.173657 0
    outer loop
      vertex 15.2246 -25.1294 0
      vertex 15.4325 -26.3084 4
      vertex 15.4325 -26.3084 0
    endloop
  endfacet
  facet normal 0.984806 0.173657 -0
    outer loop
      vertex 15.2246 -25.1294 0
      vertex 15.2246 -25.1294 4
      vertex 15.4325 -26.3084 4
    endloop
  endfacet
  facet normal -0.500025 0.866011 0
    outer loop
      vertex 14.6877 -25.4394 0
      vertex 15.2246 -25.1294 4
      vertex 15.2246 -25.1294 0
    endloop
  endfacet
  facet normal -0.500025 0.866011 0
    outer loop
      vertex 14.6877 -25.4394 0
      vertex 14.6877 -25.4394 4
      vertex 15.2246 -25.1294 4
    endloop
  endfacet
  facet normal 0.518066 -0.855341 0
    outer loop
      vertex 15.7399 -24.8021 0
      vertex 14.6877 -25.4394 4
      vertex 14.6877 -25.4394 0
    endloop
  endfacet
  facet normal 0.518066 -0.855341 0
    outer loop
      vertex 15.7399 -24.8021 0
      vertex 15.7399 -24.8021 4
      vertex 14.6877 -25.4394 4
    endloop
  endfacet
  facet normal 0.553405 -0.832912 0
    outer loop
      vertex 16.7647 -24.1212 0
      vertex 15.7399 -24.8021 4
      vertex 15.7399 -24.8021 0
    endloop
  endfacet
  facet normal 0.553405 -0.832912 0
    outer loop
      vertex 16.7647 -24.1212 0
      vertex 16.7647 -24.1212 4
      vertex 15.7399 -24.8021 4
    endloop
  endfacet
  facet normal 0.587732 -0.809056 0
    outer loop
      vertex 17.7601 -23.3981 0
      vertex 16.7647 -24.1212 4
      vertex 16.7647 -24.1212 0
    endloop
  endfacet
  facet normal 0.587732 -0.809056 0
    outer loop
      vertex 17.7601 -23.3981 0
      vertex 17.7601 -23.3981 4
      vertex 16.7647 -24.1212 4
    endloop
  endfacet
  facet normal 0.62119 -0.78366 0
    outer loop
      vertex 18.7243 -22.6338 0
      vertex 17.7601 -23.3981 4
      vertex 17.7601 -23.3981 0
    endloop
  endfacet
  facet normal 0.62119 -0.78366 0
    outer loop
      vertex 18.7243 -22.6338 0
      vertex 18.7243 -22.6338 4
      vertex 17.7601 -23.3981 4
    endloop
  endfacet
  facet normal 0.653391 -0.75702 0
    outer loop
      vertex 19.6557 -21.8299 0
      vertex 18.7243 -22.6338 4
      vertex 18.7243 -22.6338 0
    endloop
  endfacet
  facet normal 0.653391 -0.75702 0
    outer loop
      vertex 19.6557 -21.8299 0
      vertex 19.6557 -21.8299 4
      vertex 18.7243 -22.6338 4
    endloop
  endfacet
  facet normal 0.684571 -0.728946 0
    outer loop
      vertex 20.5526 -20.9876 0
      vertex 19.6557 -21.8299 4
      vertex 19.6557 -21.8299 0
    endloop
  endfacet
  facet normal 0.684571 -0.728946 0
    outer loop
      vertex 20.5526 -20.9876 0
      vertex 20.5526 -20.9876 4
      vertex 19.6557 -21.8299 4
    endloop
  endfacet
  facet normal 0.714424 -0.699713 0
    outer loop
      vertex 21.4135 -20.1086 0
      vertex 20.5526 -20.9876 4
      vertex 20.5526 -20.9876 0
    endloop
  endfacet
  facet normal 0.714424 -0.699713 0
    outer loop
      vertex 21.4135 -20.1086 0
      vertex 21.4135 -20.1086 4
      vertex 20.5526 -20.9876 4
    endloop
  endfacet
  facet normal 0.743197 -0.669072 0
    outer loop
      vertex 22.2367 -19.1942 0
      vertex 21.4135 -20.1086 4
      vertex 21.4135 -20.1086 0
    endloop
  endfacet
  facet normal 0.743197 -0.669072 0
    outer loop
      vertex 22.2367 -19.1942 0
      vertex 22.2367 -19.1942 4
      vertex 21.4135 -20.1086 4
    endloop
  endfacet
  facet normal 0.770495 -0.637446 0
    outer loop
      vertex 23.021 -18.2462 0
      vertex 22.2367 -19.1942 4
      vertex 22.2367 -19.1942 0
    endloop
  endfacet
  facet normal 0.770495 -0.637446 0
    outer loop
      vertex 23.021 -18.2462 0
      vertex 23.021 -18.2462 4
      vertex 22.2367 -19.1942 4
    endloop
  endfacet
  facet normal 0.796514 -0.604619 0
    outer loop
      vertex 23.7649 -17.2662 0
      vertex 23.021 -18.2462 4
      vertex 23.021 -18.2462 0
    endloop
  endfacet
  facet normal 0.796514 -0.604619 0
    outer loop
      vertex 23.7649 -17.2662 0
      vertex 23.7649 -17.2662 4
      vertex 23.021 -18.2462 4
    endloop
  endfacet
  facet normal 0.82114 -0.570726 0
    outer loop
      vertex 24.4671 -16.2559 0
      vertex 23.7649 -17.2662 4
      vertex 23.7649 -17.2662 0
    endloop
  endfacet
  facet normal 0.82114 -0.570726 0
    outer loop
      vertex 24.4671 -16.2559 0
      vertex 24.4671 -16.2559 4
      vertex 23.7649 -17.2662 4
    endloop
  endfacet
  facet normal 0.844367 -0.535765 0
    outer loop
      vertex 25.1263 -15.217 0
      vertex 24.4671 -16.2559 4
      vertex 24.4671 -16.2559 0
    endloop
  endfacet
  facet normal 0.844367 -0.535765 0
    outer loop
      vertex 25.1263 -15.217 0
      vertex 25.1263 -15.217 4
      vertex 24.4671 -16.2559 4
    endloop
  endfacet
  facet normal 0.866014 -0.50002 0
    outer loop
      vertex 25.7415 -14.1515 0
      vertex 25.1263 -15.217 4
      vertex 25.1263 -15.217 0
    endloop
  endfacet
  facet normal 0.866014 -0.50002 0
    outer loop
      vertex 25.7415 -14.1515 0
      vertex 25.7415 -14.1515 4
      vertex 25.1263 -15.217 4
    endloop
  endfacet
  facet normal 0.886202 -0.463299 0
    outer loop
      vertex 26.3115 -13.0612 0
      vertex 25.7415 -14.1515 4
      vertex 25.7415 -14.1515 0
    endloop
  endfacet
  facet normal 0.886202 -0.463299 0
    outer loop
      vertex 26.3115 -13.0612 0
      vertex 26.3115 -13.0612 4
      vertex 25.7415 -14.1515 4
    endloop
  endfacet
  facet normal 0.904821 -0.425793 0
    outer loop
      vertex 26.8354 -11.9479 0
      vertex 26.3115 -13.0612 4
      vertex 26.3115 -13.0612 0
    endloop
  endfacet
  facet normal 0.904821 -0.425793 0
    outer loop
      vertex 26.8354 -11.9479 0
      vertex 26.8354 -11.9479 4
      vertex 26.3115 -13.0612 4
    endloop
  endfacet
  facet normal 0.921868 -0.387505 0
    outer loop
      vertex 27.3122 -10.8136 0
      vertex 26.8354 -11.9479 4
      vertex 26.8354 -11.9479 0
    endloop
  endfacet
  facet normal 0.921868 -0.387505 0
    outer loop
      vertex 27.3122 -10.8136 0
      vertex 27.3122 -10.8136 4
      vertex 26.8354 -11.9479 4
    endloop
  endfacet
  facet normal 0.937296 -0.348534 0
    outer loop
      vertex 27.741 -9.66045 0
      vertex 27.3122 -10.8136 4
      vertex 27.3122 -10.8136 0
    endloop
  endfacet
  facet normal 0.937296 -0.348534 0
    outer loop
      vertex 27.741 -9.66045 0
      vertex 27.741 -9.66045 4
      vertex 27.3122 -10.8136 4
    endloop
  endfacet
  facet normal 0.951058 -0.309013 0
    outer loop
      vertex 28.1212 -8.4903 0
      vertex 27.741 -9.66045 4
      vertex 27.741 -9.66045 0
    endloop
  endfacet
  facet normal 0.951058 -0.309013 0
    outer loop
      vertex 28.1212 -8.4903 0
      vertex 28.1212 -8.4903 4
      vertex 27.741 -9.66045 4
    endloop
  endfacet
  facet normal 0.963157 -0.268941 0
    outer loop
      vertex 28.4521 -7.30525 0
      vertex 28.1212 -8.4903 4
      vertex 28.1212 -8.4903 0
    endloop
  endfacet
  facet normal 0.963157 -0.268941 0
    outer loop
      vertex 28.4521 -7.30525 0
      vertex 28.4521 -7.30525 4
      vertex 28.1212 -8.4903 4
    endloop
  endfacet
  facet normal 0.973571 -0.228385 0
    outer loop
      vertex 28.7331 -6.10739 0
      vertex 28.4521 -7.30525 4
      vertex 28.4521 -7.30525 0
    endloop
  endfacet
  facet normal 0.973571 -0.228385 0
    outer loop
      vertex 28.7331 -6.10739 0
      vertex 28.7331 -6.10739 4
      vertex 28.4521 -7.30525 4
    endloop
  endfacet
  facet normal 0.982294 -0.187344 0
    outer loop
      vertex 28.9636 -4.89882 0
      vertex 28.7331 -6.10739 4
      vertex 28.7331 -6.10739 0
    endloop
  endfacet
  facet normal 0.982294 -0.187344 0
    outer loop
      vertex 28.9636 -4.89882 0
      vertex 28.9636 -4.89882 4
      vertex 28.7331 -6.10739 4
    endloop
  endfacet
  facet normal 0.989265 -0.146135 0
    outer loop
      vertex 29.1434 -3.68166 0
      vertex 28.9636 -4.89882 4
      vertex 28.9636 -4.89882 0
    endloop
  endfacet
  facet normal 0.989265 -0.146135 0
    outer loop
      vertex 29.1434 -3.68166 0
      vertex 29.1434 -3.68166 4
      vertex 28.9636 -4.89882 4
    endloop
  endfacet
  facet normal 0.994523 -0.104521 0
    outer loop
      vertex 29.272 -2.45802 0
      vertex 29.1434 -3.68166 4
      vertex 29.1434 -3.68166 0
    endloop
  endfacet
  facet normal 0.994523 -0.104521 0
    outer loop
      vertex 29.272 -2.45802 0
      vertex 29.272 -2.45802 4
      vertex 29.1434 -3.68166 4
    endloop
  endfacet
  facet normal 0.99803 -0.0627461 0
    outer loop
      vertex 29.3492 -1.23009 0
      vertex 29.272 -2.45802 4
      vertex 29.272 -2.45802 0
    endloop
  endfacet
  facet normal 0.99803 -0.0627461 0
    outer loop
      vertex 29.3492 -1.23009 0
      vertex 29.3492 -1.23009 4
      vertex 29.272 -2.45802 4
    endloop
  endfacet
  facet normal 0.99978 -0.0209695 0
    outer loop
      vertex 29.375 0 0
      vertex 29.3492 -1.23009 4
      vertex 29.3492 -1.23009 0
    endloop
  endfacet
  facet normal 0.99978 -0.0209695 0
    outer loop
      vertex 29.375 0 0
      vertex 29.375 0 4
      vertex 29.3492 -1.23009 4
    endloop
  endfacet
  facet normal 0.99978 0.0209695 0
    outer loop
      vertex 29.3492 1.23009 0
      vertex 29.375 0 4
      vertex 29.375 0 0
    endloop
  endfacet
  facet normal 0.99978 0.0209695 -0
    outer loop
      vertex 29.3492 1.23009 0
      vertex 29.3492 1.23009 4
      vertex 29.375 0 4
    endloop
  endfacet
  facet normal 0.99803 0.0627461 0
    outer loop
      vertex 29.272 2.45802 0
      vertex 29.3492 1.23009 4
      vertex 29.3492 1.23009 0
    endloop
  endfacet
  facet normal 0.99803 0.0627461 -0
    outer loop
      vertex 29.272 2.45802 0
      vertex 29.272 2.45802 4
      vertex 29.3492 1.23009 4
    endloop
  endfacet
  facet normal 0.994523 0.104521 0
    outer loop
      vertex 29.1434 3.68166 0
      vertex 29.272 2.45802 4
      vertex 29.272 2.45802 0
    endloop
  endfacet
  facet normal 0.994523 0.104521 -0
    outer loop
      vertex 29.1434 3.68166 0
      vertex 29.1434 3.68166 4
      vertex 29.272 2.45802 4
    endloop
  endfacet
  facet normal 0.989265 0.146135 0
    outer loop
      vertex 28.9636 4.89882 0
      vertex 29.1434 3.68166 4
      vertex 29.1434 3.68166 0
    endloop
  endfacet
  facet normal 0.989265 0.146135 -0
    outer loop
      vertex 28.9636 4.89882 0
      vertex 28.9636 4.89882 4
      vertex 29.1434 3.68166 4
    endloop
  endfacet
  facet normal 0.982294 0.187344 0
    outer loop
      vertex 28.7331 6.10739 0
      vertex 28.9636 4.89882 4
      vertex 28.9636 4.89882 0
    endloop
  endfacet
  facet normal 0.982294 0.187344 -0
    outer loop
      vertex 28.7331 6.10739 0
      vertex 28.7331 6.10739 4
      vertex 28.9636 4.89882 4
    endloop
  endfacet
  facet normal 0.973571 0.228385 0
    outer loop
      vertex 28.4521 7.30525 0
      vertex 28.7331 6.10739 4
      vertex 28.7331 6.10739 0
    endloop
  endfacet
  facet normal 0.973571 0.228385 -0
    outer loop
      vertex 28.4521 7.30525 0
      vertex 28.4521 7.30525 4
      vertex 28.7331 6.10739 4
    endloop
  endfacet
  facet normal 0.963157 0.268941 0
    outer loop
      vertex 28.1212 8.4903 0
      vertex 28.4521 7.30525 4
      vertex 28.4521 7.30525 0
    endloop
  endfacet
  facet normal 0.963157 0.268941 -0
    outer loop
      vertex 28.1212 8.4903 0
      vertex 28.1212 8.4903 4
      vertex 28.4521 7.30525 4
    endloop
  endfacet
  facet normal 0.951058 0.309013 0
    outer loop
      vertex 27.741 9.66045 0
      vertex 28.1212 8.4903 4
      vertex 28.1212 8.4903 0
    endloop
  endfacet
  facet normal 0.951058 0.309013 -0
    outer loop
      vertex 27.741 9.66045 0
      vertex 27.741 9.66045 4
      vertex 28.1212 8.4903 4
    endloop
  endfacet
  facet normal 0.937296 0.348534 0
    outer loop
      vertex 27.3122 10.8136 0
      vertex 27.741 9.66045 4
      vertex 27.741 9.66045 0
    endloop
  endfacet
  facet normal 0.937296 0.348534 -0
    outer loop
      vertex 27.3122 10.8136 0
      vertex 27.3122 10.8136 4
      vertex 27.741 9.66045 4
    endloop
  endfacet
  facet normal 0.921868 0.387505 0
    outer loop
      vertex 26.8354 11.9479 0
      vertex 27.3122 10.8136 4
      vertex 27.3122 10.8136 0
    endloop
  endfacet
  facet normal 0.921868 0.387505 -0
    outer loop
      vertex 26.8354 11.9479 0
      vertex 26.8354 11.9479 4
      vertex 27.3122 10.8136 4
    endloop
  endfacet
  facet normal 0.904821 0.425793 0
    outer loop
      vertex 26.3115 13.0612 0
      vertex 26.8354 11.9479 4
      vertex 26.8354 11.9479 0
    endloop
  endfacet
  facet normal 0.904821 0.425793 -0
    outer loop
      vertex 26.3115 13.0612 0
      vertex 26.3115 13.0612 4
      vertex 26.8354 11.9479 4
    endloop
  endfacet
  facet normal 0.886202 0.463299 0
    outer loop
      vertex 25.7415 14.1515 0
      vertex 26.3115 13.0612 4
      vertex 26.3115 13.0612 0
    endloop
  endfacet
  facet normal 0.886202 0.463299 -0
    outer loop
      vertex 25.7415 14.1515 0
      vertex 25.7415 14.1515 4
      vertex 26.3115 13.0612 4
    endloop
  endfacet
  facet normal 0.866014 0.50002 0
    outer loop
      vertex 25.1263 15.217 0
      vertex 25.7415 14.1515 4
      vertex 25.7415 14.1515 0
    endloop
  endfacet
  facet normal 0.866014 0.50002 -0
    outer loop
      vertex 25.1263 15.217 0
      vertex 25.1263 15.217 4
      vertex 25.7415 14.1515 4
    endloop
  endfacet
  facet normal 0.844367 0.535765 0
    outer loop
      vertex 24.4671 16.2559 0
      vertex 25.1263 15.217 4
      vertex 25.1263 15.217 0
    endloop
  endfacet
  facet normal 0.844367 0.535765 -0
    outer loop
      vertex 24.4671 16.2559 0
      vertex 24.4671 16.2559 4
      vertex 25.1263 15.217 4
    endloop
  endfacet
  facet normal 0.82114 0.570726 0
    outer loop
      vertex 23.7649 17.2662 0
      vertex 24.4671 16.2559 4
      vertex 24.4671 16.2559 0
    endloop
  endfacet
  facet normal 0.82114 0.570726 -0
    outer loop
      vertex 23.7649 17.2662 0
      vertex 23.7649 17.2662 4
      vertex 24.4671 16.2559 4
    endloop
  endfacet
  facet normal 0.796514 0.604619 0
    outer loop
      vertex 23.021 18.2462 0
      vertex 23.7649 17.2662 4
      vertex 23.7649 17.2662 0
    endloop
  endfacet
  facet normal 0.796514 0.604619 -0
    outer loop
      vertex 23.021 18.2462 0
      vertex 23.021 18.2462 4
      vertex 23.7649 17.2662 4
    endloop
  endfacet
  facet normal 0.770495 0.637446 0
    outer loop
      vertex 22.2367 19.1942 0
      vertex 23.021 18.2462 4
      vertex 23.021 18.2462 0
    endloop
  endfacet
  facet normal 0.770495 0.637446 -0
    outer loop
      vertex 22.2367 19.1942 0
      vertex 22.2367 19.1942 4
      vertex 23.021 18.2462 4
    endloop
  endfacet
  facet normal 0.743197 0.669072 0
    outer loop
      vertex 21.4135 20.1086 0
      vertex 22.2367 19.1942 4
      vertex 22.2367 19.1942 0
    endloop
  endfacet
  facet normal 0.743197 0.669072 -0
    outer loop
      vertex 21.4135 20.1086 0
      vertex 21.4135 20.1086 4
      vertex 22.2367 19.1942 4
    endloop
  endfacet
  facet normal 0.714424 0.699713 0
    outer loop
      vertex 20.5526 20.9876 0
      vertex 21.4135 20.1086 4
      vertex 21.4135 20.1086 0
    endloop
  endfacet
  facet normal 0.714424 0.699713 -0
    outer loop
      vertex 20.5526 20.9876 0
      vertex 20.5526 20.9876 4
      vertex 21.4135 20.1086 4
    endloop
  endfacet
  facet normal 0.684571 0.728946 0
    outer loop
      vertex 19.6557 21.8299 0
      vertex 20.5526 20.9876 4
      vertex 20.5526 20.9876 0
    endloop
  endfacet
  facet normal 0.684571 0.728946 -0
    outer loop
      vertex 19.6557 21.8299 0
      vertex 19.6557 21.8299 4
      vertex 20.5526 20.9876 4
    endloop
  endfacet
  facet normal 0.653391 0.75702 0
    outer loop
      vertex 18.7243 22.6338 0
      vertex 19.6557 21.8299 4
      vertex 19.6557 21.8299 0
    endloop
  endfacet
  facet normal 0.653391 0.75702 -0
    outer loop
      vertex 18.7243 22.6338 0
      vertex 18.7243 22.6338 4
      vertex 19.6557 21.8299 4
    endloop
  endfacet
  facet normal 0.62119 0.78366 0
    outer loop
      vertex 17.7601 23.3981 0
      vertex 18.7243 22.6338 4
      vertex 18.7243 22.6338 0
    endloop
  endfacet
  facet normal 0.62119 0.78366 -0
    outer loop
      vertex 17.7601 23.3981 0
      vertex 17.7601 23.3981 4
      vertex 18.7243 22.6338 4
    endloop
  endfacet
  facet normal 0.587732 0.809056 0
    outer loop
      vertex 16.7647 24.1212 0
      vertex 17.7601 23.3981 4
      vertex 17.7601 23.3981 0
    endloop
  endfacet
  facet normal 0.587732 0.809056 -0
    outer loop
      vertex 16.7647 24.1212 0
      vertex 16.7647 24.1212 4
      vertex 17.7601 23.3981 4
    endloop
  endfacet
  facet normal 0.553405 0.832912 0
    outer loop
      vertex 15.7399 24.8021 0
      vertex 16.7647 24.1212 4
      vertex 16.7647 24.1212 0
    endloop
  endfacet
  facet normal 0.553405 0.832912 -0
    outer loop
      vertex 15.7399 24.8021 0
      vertex 15.7399 24.8021 4
      vertex 16.7647 24.1212 4
    endloop
  endfacet
  facet normal 0.518053 0.855348 0
    outer loop
      vertex 14.6875 25.4395 0
      vertex 15.7399 24.8021 4
      vertex 15.7399 24.8021 0
    endloop
  endfacet
  facet normal 0.518053 0.855348 -0
    outer loop
      vertex 14.6875 25.4395 0
      vertex 14.6875 25.4395 4
      vertex 15.7399 24.8021 4
    endloop
  endfacet
  facet normal 0.481725 0.876322 0
    outer loop
      vertex 13.6093 26.0322 0
      vertex 14.6875 25.4395 4
      vertex 14.6875 25.4395 0
    endloop
  endfacet
  facet normal 0.481725 0.876322 -0
    outer loop
      vertex 13.6093 26.0322 0
      vertex 13.6093 26.0322 4
      vertex 14.6875 25.4395 4
    endloop
  endfacet
  facet normal 0.444676 0.895692 0
    outer loop
      vertex 12.5073 26.5793 0
      vertex 13.6093 26.0322 4
      vertex 13.6093 26.0322 0
    endloop
  endfacet
  facet normal 0.444676 0.895692 -0
    outer loop
      vertex 12.5073 26.5793 0
      vertex 12.5073 26.5793 4
      vertex 13.6093 26.0322 4
    endloop
  endfacet
  facet normal 0.406712 0.913557 0
    outer loop
      vertex 11.3833 27.0797 0
      vertex 12.5073 26.5793 4
      vertex 12.5073 26.5793 0
    endloop
  endfacet
  facet normal 0.406712 0.913557 -0
    outer loop
      vertex 11.3833 27.0797 0
      vertex 11.3833 27.0797 4
      vertex 12.5073 26.5793 4
    endloop
  endfacet
  facet normal 0.368166 0.92976 0
    outer loop
      vertex 10.2393 27.5327 0
      vertex 11.3833 27.0797 4
      vertex 11.3833 27.0797 0
    endloop
  endfacet
  facet normal 0.368166 0.92976 -0
    outer loop
      vertex 10.2393 27.5327 0
      vertex 10.2393 27.5327 4
      vertex 11.3833 27.0797 4
    endloop
  endfacet
  facet normal 0.328845 0.944384 0
    outer loop
      vertex 9.07736 27.9373 0
      vertex 10.2393 27.5327 4
      vertex 10.2393 27.5327 0
    endloop
  endfacet
  facet normal 0.328845 0.944384 -0
    outer loop
      vertex 9.07736 27.9373 0
      vertex 9.07736 27.9373 4
      vertex 10.2393 27.5327 4
    endloop
  endfacet
  facet normal 0.289021 0.957323 0
    outer loop
      vertex 7.89951 28.2929 0
      vertex 9.07736 27.9373 4
      vertex 9.07736 27.9373 0
    endloop
  endfacet
  facet normal 0.289021 0.957323 -0
    outer loop
      vertex 7.89951 28.2929 0
      vertex 7.89951 28.2929 4
      vertex 9.07736 27.9373 4
    endloop
  endfacet
  facet normal 0.248704 0.96858 0
    outer loop
      vertex 6.70779 28.5989 0
      vertex 7.89951 28.2929 4
      vertex 7.89951 28.2929 0
    endloop
  endfacet
  facet normal 0.248704 0.96858 -0
    outer loop
      vertex 6.70779 28.5989 0
      vertex 6.70779 28.5989 4
      vertex 7.89951 28.2929 4
    endloop
  endfacet
  facet normal 0.207907 0.978149 0
    outer loop
      vertex 5.50432 28.8547 0
      vertex 6.70779 28.5989 4
      vertex 6.70779 28.5989 0
    endloop
  endfacet
  facet normal 0.207907 0.978149 -0
    outer loop
      vertex 5.50432 28.8547 0
      vertex 5.50432 28.8547 4
      vertex 6.70779 28.5989 4
    endloop
  endfacet
  facet normal 0.166779 0.985994 0
    outer loop
      vertex 4.29118 29.0599 0
      vertex 5.50432 28.8547 4
      vertex 5.50432 28.8547 0
    endloop
  endfacet
  facet normal 0.166779 0.985994 -0
    outer loop
      vertex 4.29118 29.0599 0
      vertex 4.29118 29.0599 4
      vertex 5.50432 28.8547 4
    endloop
  endfacet
  facet normal 0.125328 0.992115 0
    outer loop
      vertex 3.07051 29.2141 0
      vertex 4.29118 29.0599 4
      vertex 4.29118 29.0599 0
    endloop
  endfacet
  facet normal 0.125328 0.992115 -0
    outer loop
      vertex 3.07051 29.2141 0
      vertex 3.07051 29.2141 4
      vertex 4.29118 29.0599 4
    endloop
  endfacet
  facet normal 0.0836347 0.996496 0
    outer loop
      vertex 1.84447 29.317 0
      vertex 3.07051 29.2141 4
      vertex 3.07051 29.2141 0
    endloop
  endfacet
  facet normal 0.0836347 0.996496 -0
    outer loop
      vertex 1.84447 29.317 0
      vertex 1.84447 29.317 4
      vertex 3.07051 29.2141 4
    endloop
  endfacet
  facet normal 0.0418571 0.999124 0
    outer loop
      vertex 0.615173 29.3685 0
      vertex 1.84447 29.317 4
      vertex 1.84447 29.317 0
    endloop
  endfacet
  facet normal 0.0418571 0.999124 -0
    outer loop
      vertex 0.615173 29.3685 0
      vertex 0.615173 29.3685 4
      vertex 1.84447 29.317 4
    endloop
  endfacet
  facet normal 0 1 0
    outer loop
      vertex -0.615173 29.3685 0
      vertex 0.615173 29.3685 4
      vertex 0.615173 29.3685 0
    endloop
  endfacet
  facet normal 0 1 0
    outer loop
      vertex -0.615173 29.3685 0
      vertex -0.615173 29.3685 4
      vertex 0.615173 29.3685 4
    endloop
  endfacet
  facet normal -0.0418571 0.999124 0
    outer loop
      vertex -1.84447 29.317 0
      vertex -0.615173 29.3685 4
      vertex -0.615173 29.3685 0
    endloop
  endfacet
  facet normal -0.0418571 0.999124 0
    outer loop
      vertex -1.84447 29.317 0
      vertex -1.84447 29.317 4
      vertex -0.615173 29.3685 4
    endloop
  endfacet
  facet normal -0.0836347 0.996496 0
    outer loop
      vertex -3.07051 29.2141 0
      vertex -1.84447 29.317 4
      vertex -1.84447 29.317 0
    endloop
  endfacet
  facet normal -0.0836347 0.996496 0
    outer loop
      vertex -3.07051 29.2141 0
      vertex -3.07051 29.2141 4
      vertex -1.84447 29.317 4
    endloop
  endfacet
  facet normal -0.125328 0.992115 0
    outer loop
      vertex -4.29118 29.0599 0
      vertex -3.07051 29.2141 4
      vertex -3.07051 29.2141 0
    endloop
  endfacet
  facet normal -0.125328 0.992115 0
    outer loop
      vertex -4.29118 29.0599 0
      vertex -4.29118 29.0599 4
      vertex -3.07051 29.2141 4
    endloop
  endfacet
  facet normal -0.166779 0.985994 0
    outer loop
      vertex -5.50432 28.8547 0
      vertex -4.29118 29.0599 4
      vertex -4.29118 29.0599 0
    endloop
  endfacet
  facet normal -0.166779 0.985994 0
    outer loop
      vertex -5.50432 28.8547 0
      vertex -5.50432 28.8547 4
      vertex -4.29118 29.0599 4
    endloop
  endfacet
  facet normal -0.207907 0.978149 0
    outer loop
      vertex -6.70779 28.5989 0
      vertex -5.50432 28.8547 4
      vertex -5.50432 28.8547 0
    endloop
  endfacet
  facet normal -0.207907 0.978149 0
    outer loop
      vertex -6.70779 28.5989 0
      vertex -6.70779 28.5989 4
      vertex -5.50432 28.8547 4
    endloop
  endfacet
  facet normal -0.248704 0.96858 0
    outer loop
      vertex -7.89951 28.2929 0
      vertex -6.70779 28.5989 4
      vertex -6.70779 28.5989 0
    endloop
  endfacet
  facet normal -0.248704 0.96858 0
    outer loop
      vertex -7.89951 28.2929 0
      vertex -7.89951 28.2929 4
      vertex -6.70779 28.5989 4
    endloop
  endfacet
  facet normal -0.289021 0.957323 0
    outer loop
      vertex -9.07736 27.9373 0
      vertex -7.89951 28.2929 4
      vertex -7.89951 28.2929 0
    endloop
  endfacet
  facet normal -0.289021 0.957323 0
    outer loop
      vertex -9.07736 27.9373 0
      vertex -9.07736 27.9373 4
      vertex -7.89951 28.2929 4
    endloop
  endfacet
  facet normal -0.328845 0.944384 0
    outer loop
      vertex -10.2393 27.5327 0
      vertex -9.07736 27.9373 4
      vertex -9.07736 27.9373 0
    endloop
  endfacet
  facet normal -0.328845 0.944384 0
    outer loop
      vertex -10.2393 27.5327 0
      vertex -10.2393 27.5327 4
      vertex -9.07736 27.9373 4
    endloop
  endfacet
  facet normal -0.368166 0.92976 0
    outer loop
      vertex -11.3833 27.0797 0
      vertex -10.2393 27.5327 4
      vertex -10.2393 27.5327 0
    endloop
  endfacet
  facet normal -0.368166 0.92976 0
    outer loop
      vertex -11.3833 27.0797 0
      vertex -11.3833 27.0797 4
      vertex -10.2393 27.5327 4
    endloop
  endfacet
  facet normal -0.406712 0.913557 0
    outer loop
      vertex -12.5073 26.5793 0
      vertex -11.3833 27.0797 4
      vertex -11.3833 27.0797 0
    endloop
  endfacet
  facet normal -0.406712 0.913557 0
    outer loop
      vertex -12.5073 26.5793 0
      vertex -12.5073 26.5793 4
      vertex -11.3833 27.0797 4
    endloop
  endfacet
  facet normal -0.444676 0.895692 0
    outer loop
      vertex -13.6093 26.0322 0
      vertex -12.5073 26.5793 4
      vertex -12.5073 26.5793 0
    endloop
  endfacet
  facet normal -0.444676 0.895692 0
    outer loop
      vertex -13.6093 26.0322 0
      vertex -13.6093 26.0322 4
      vertex -12.5073 26.5793 4
    endloop
  endfacet
  facet normal -0.481725 0.876322 0
    outer loop
      vertex -14.6875 25.4395 0
      vertex -13.6093 26.0322 4
      vertex -13.6093 26.0322 0
    endloop
  endfacet
  facet normal -0.481725 0.876322 0
    outer loop
      vertex -14.6875 25.4395 0
      vertex -14.6875 25.4395 4
      vertex -13.6093 26.0322 4
    endloop
  endfacet
  facet normal -0.518053 0.855348 0
    outer loop
      vertex -15.7399 24.8021 0
      vertex -14.6875 25.4395 4
      vertex -14.6875 25.4395 0
    endloop
  endfacet
  facet normal -0.518053 0.855348 0
    outer loop
      vertex -15.7399 24.8021 0
      vertex -15.7399 24.8021 4
      vertex -14.6875 25.4395 4
    endloop
  endfacet
  facet normal -0.553405 0.832912 0
    outer loop
      vertex -16.7647 24.1212 0
      vertex -15.7399 24.8021 4
      vertex -15.7399 24.8021 0
    endloop
  endfacet
  facet normal -0.553405 0.832912 0
    outer loop
      vertex -16.7647 24.1212 0
      vertex -16.7647 24.1212 4
      vertex -15.7399 24.8021 4
    endloop
  endfacet
  facet normal -0.587732 0.809056 0
    outer loop
      vertex -17.7601 23.3981 0
      vertex -16.7647 24.1212 4
      vertex -16.7647 24.1212 0
    endloop
  endfacet
  facet normal -0.587732 0.809056 0
    outer loop
      vertex -17.7601 23.3981 0
      vertex -17.7601 23.3981 4
      vertex -16.7647 24.1212 4
    endloop
  endfacet
  facet normal -0.62119 0.78366 0
    outer loop
      vertex -18.7243 22.6338 0
      vertex -17.7601 23.3981 4
      vertex -17.7601 23.3981 0
    endloop
  endfacet
  facet normal -0.62119 0.78366 0
    outer loop
      vertex -18.7243 22.6338 0
      vertex -18.7243 22.6338 4
      vertex -17.7601 23.3981 4
    endloop
  endfacet
  facet normal -0.653391 0.75702 0
    outer loop
      vertex -19.6557 21.8299 0
      vertex -18.7243 22.6338 4
      vertex -18.7243 22.6338 0
    endloop
  endfacet
  facet normal -0.653391 0.75702 0
    outer loop
      vertex -19.6557 21.8299 0
      vertex -19.6557 21.8299 4
      vertex -18.7243 22.6338 4
    endloop
  endfacet
  facet normal -0.684571 0.728946 0
    outer loop
      vertex -20.5526 20.9876 0
      vertex -19.6557 21.8299 4
      vertex -19.6557 21.8299 0
    endloop
  endfacet
  facet normal -0.684571 0.728946 0
    outer loop
      vertex -20.5526 20.9876 0
      vertex -20.5526 20.9876 4
      vertex -19.6557 21.8299 4
    endloop
  endfacet
  facet normal -0.714424 0.699713 0
    outer loop
      vertex -21.4135 20.1086 0
      vertex -20.5526 20.9876 4
      vertex -20.5526 20.9876 0
    endloop
  endfacet
  facet normal -0.714424 0.699713 0
    outer loop
      vertex -21.4135 20.1086 0
      vertex -21.4135 20.1086 4
      vertex -20.5526 20.9876 4
    endloop
  endfacet
  facet normal -0.743197 0.669072 0
    outer loop
      vertex -22.2367 19.1942 0
      vertex -21.4135 20.1086 4
      vertex -21.4135 20.1086 0
    endloop
  endfacet
  facet normal -0.743197 0.669072 0
    outer loop
      vertex -22.2367 19.1942 0
      vertex -22.2367 19.1942 4
      vertex -21.4135 20.1086 4
    endloop
  endfacet
  facet normal -0.770495 0.637446 0
    outer loop
      vertex -23.021 18.2462 0
      vertex -22.2367 19.1942 4
      vertex -22.2367 19.1942 0
    endloop
  endfacet
  facet normal -0.770495 0.637446 0
    outer loop
      vertex -23.021 18.2462 0
      vertex -23.021 18.2462 4
      vertex -22.2367 19.1942 4
    endloop
  endfacet
  facet normal -0.796514 0.604619 0
    outer loop
      vertex -23.7649 17.2662 0
      vertex -23.021 18.2462 4
      vertex -23.021 18.2462 0
    endloop
  endfacet
  facet normal -0.796514 0.604619 0
    outer loop
      vertex -23.7649 17.2662 0
      vertex -23.7649 17.2662 4
      vertex -23.021 18.2462 4
    endloop
  endfacet
  facet normal -0.82114 0.570726 0
    outer loop
      vertex -24.4671 16.2559 0
      vertex -23.7649 17.2662 4
      vertex -23.7649 17.2662 0
    endloop
  endfacet
  facet normal -0.82114 0.570726 0
    outer loop
      vertex -24.4671 16.2559 0
      vertex -24.4671 16.2559 4
      vertex -23.7649 17.2662 4
    endloop
  endfacet
  facet normal -0.844367 0.535765 0
    outer loop
      vertex -25.1263 15.217 0
      vertex -24.4671 16.2559 4
      vertex -24.4671 16.2559 0
    endloop
  endfacet
  facet normal -0.844367 0.535765 0
    outer loop
      vertex -25.1263 15.217 0
      vertex -25.1263 15.217 4
      vertex -24.4671 16.2559 4
    endloop
  endfacet
  facet normal -0.866014 0.50002 0
    outer loop
      vertex -25.7415 14.1515 0
      vertex -25.1263 15.217 4
      vertex -25.1263 15.217 0
    endloop
  endfacet
  facet normal -0.866014 0.50002 0
    outer loop
      vertex -25.7415 14.1515 0
      vertex -25.7415 14.1515 4
      vertex -25.1263 15.217 4
    endloop
  endfacet
  facet normal -0.886202 0.463299 0
    outer loop
      vertex -26.3115 13.0612 0
      vertex -25.7415 14.1515 4
      vertex -25.7415 14.1515 0
    endloop
  endfacet
  facet normal -0.886202 0.463299 0
    outer loop
      vertex -26.3115 13.0612 0
      vertex -26.3115 13.0612 4
      vertex -25.7415 14.1515 4
    endloop
  endfacet
  facet normal -0.904821 0.425793 0
    outer loop
      vertex -26.8354 11.9479 0
      vertex -26.3115 13.0612 4
      vertex -26.3115 13.0612 0
    endloop
  endfacet
  facet normal -0.904821 0.425793 0
    outer loop
      vertex -26.8354 11.9479 0
      vertex -26.8354 11.9479 4
      vertex -26.3115 13.0612 4
    endloop
  endfacet
  facet normal -0.921868 0.387505 0
    outer loop
      vertex -27.3122 10.8136 0
      vertex -26.8354 11.9479 4
      vertex -26.8354 11.9479 0
    endloop
  endfacet
  facet normal -0.921868 0.387505 0
    outer loop
      vertex -27.3122 10.8136 0
      vertex -27.3122 10.8136 4
      vertex -26.8354 11.9479 4
    endloop
  endfacet
  facet normal -0.937296 0.348534 0
    outer loop
      vertex -27.741 9.66045 0
      vertex -27.3122 10.8136 4
      vertex -27.3122 10.8136 0
    endloop
  endfacet
  facet normal -0.937296 0.348534 0
    outer loop
      vertex -27.741 9.66045 0
      vertex -27.741 9.66045 4
      vertex -27.3122 10.8136 4
    endloop
  endfacet
  facet normal -0.951058 0.309013 0
    outer loop
      vertex -28.1212 8.4903 0
      vertex -27.741 9.66045 4
      vertex -27.741 9.66045 0
    endloop
  endfacet
  facet normal -0.951058 0.309013 0
    outer loop
      vertex -28.1212 8.4903 0
      vertex -28.1212 8.4903 4
      vertex -27.741 9.66045 4
    endloop
  endfacet
  facet normal -0.963157 0.268941 0
    outer loop
      vertex -28.4521 7.30525 0
      vertex -28.1212 8.4903 4
      vertex -28.1212 8.4903 0
    endloop
  endfacet
  facet normal -0.963157 0.268941 0
    outer loop
      vertex -28.4521 7.30525 0
      vertex -28.4521 7.30525 4
      vertex -28.1212 8.4903 4
    endloop
  endfacet
  facet normal -0.973571 0.228385 0
    outer loop
      vertex -28.7331 6.10739 0
      vertex -28.4521 7.30525 4
      vertex -28.4521 7.30525 0
    endloop
  endfacet
  facet normal -0.973571 0.228385 0
    outer loop
      vertex -28.7331 6.10739 0
      vertex -28.7331 6.10739 4
      vertex -28.4521 7.30525 4
    endloop
  endfacet
  facet normal -0.982294 0.187344 0
    outer loop
      vertex -28.9636 4.89882 0
      vertex -28.7331 6.10739 4
      vertex -28.7331 6.10739 0
    endloop
  endfacet
  facet normal -0.982294 0.187344 0
    outer loop
      vertex -28.9636 4.89882 0
      vertex -28.9636 4.89882 4
      vertex -28.7331 6.10739 4
    endloop
  endfacet
  facet normal -0.989265 0.146135 0
    outer loop
      vertex -29.1434 3.68166 0
      vertex -28.9636 4.89882 4
      vertex -28.9636 4.89882 0
    endloop
  endfacet
  facet normal -0.989265 0.146135 0
    outer loop
      vertex -29.1434 3.68166 0
      vertex -29.1434 3.68166 4
      vertex -28.9636 4.89882 4
    endloop
  endfacet
  facet normal -0.994523 0.104521 0
    outer loop
      vertex -29.272 2.45802 0
      vertex -29.1434 3.68166 4
      vertex -29.1434 3.68166 0
    endloop
  endfacet
  facet normal -0.994523 0.104521 0
    outer loop
      vertex -29.272 2.45802 0
      vertex -29.272 2.45802 4
      vertex -29.1434 3.68166 4
    endloop
  endfacet
  facet normal -0.99803 0.0627461 0
    outer loop
      vertex -29.3492 1.23009 0
      vertex -29.272 2.45802 4
      vertex -29.272 2.45802 0
    endloop
  endfacet
  facet normal -0.99803 0.0627461 0
    outer loop
      vertex -29.3492 1.23009 0
      vertex -29.3492 1.23009 4
      vertex -29.272 2.45802 4
    endloop
  endfacet
  facet normal -0.99978 0.0209695 0
    outer loop
      vertex -29.375 0 0
      vertex -29.3492 1.23009 4
      vertex -29.3492 1.23009 0
    endloop
  endfacet
  facet normal -0.99978 0.0209695 0
    outer loop
      vertex -29.375 0 0
      vertex -29.375 0 4
      vertex -29.3492 1.23009 4
    endloop
  endfacet
  facet normal -0.99978 -0.0209695 0
    outer loop
      vertex -29.3492 -1.23009 0
      vertex -29.375 0 4
      vertex -29.375 0 0
    endloop
  endfacet
  facet normal -0.99978 -0.0209695 0
    outer loop
      vertex -29.3492 -1.23009 0
      vertex -29.3492 -1.23009 4
      vertex -29.375 0 4
    endloop
  endfacet
  facet normal -0.99803 -0.0627461 0
    outer loop
      vertex -29.272 -2.45802 0
      vertex -29.3492 -1.23009 4
      vertex -29.3492 -1.23009 0
    endloop
  endfacet
  facet normal -0.99803 -0.0627461 0
    outer loop
      vertex -29.272 -2.45802 0
      vertex -29.272 -2.45802 4
      vertex -29.3492 -1.23009 4
    endloop
  endfacet
  facet normal -0.994523 -0.104521 0
    outer loop
      vertex -29.1434 -3.68166 0
      vertex -29.272 -2.45802 4
      vertex -29.272 -2.45802 0
    endloop
  endfacet
  facet normal -0.994523 -0.104521 0
    outer loop
      vertex -29.1434 -3.68166 0
      vertex -29.1434 -3.68166 4
      vertex -29.272 -2.45802 4
    endloop
  endfacet
  facet normal -0.989265 -0.146135 0
    outer loop
      vertex -28.9636 -4.89882 0
      vertex -29.1434 -3.68166 4
      vertex -29.1434 -3.68166 0
    endloop
  endfacet
  facet normal -0.989265 -0.146135 0
    outer loop
      vertex -28.9636 -4.89882 0
      vertex -28.9636 -4.89882 4
      vertex -29.1434 -3.68166 4
    endloop
  endfacet
  facet normal -0.982294 -0.187344 0
    outer loop
      vertex -28.7331 -6.10739 0
      vertex -28.9636 -4.89882 4
      vertex -28.9636 -4.89882 0
    endloop
  endfacet
  facet normal -0.982294 -0.187344 0
    outer loop
      vertex -28.7331 -6.10739 0
      vertex -28.7331 -6.10739 4
      vertex -28.9636 -4.89882 4
    endloop
  endfacet
  facet normal -0.973571 -0.228385 0
    outer loop
      vertex -28.4521 -7.30525 0
      vertex -28.7331 -6.10739 4
      vertex -28.7331 -6.10739 0
    endloop
  endfacet
  facet normal -0.973571 -0.228385 0
    outer loop
      vertex -28.4521 -7.30525 0
      vertex -28.4521 -7.30525 4
      vertex -28.7331 -6.10739 4
    endloop
  endfacet
  facet normal -0.963157 -0.268941 0
    outer loop
      vertex -28.1212 -8.4903 0
      vertex -28.4521 -7.30525 4
      vertex -28.4521 -7.30525 0
    endloop
  endfacet
  facet normal -0.963157 -0.268941 0
    outer loop
      vertex -28.1212 -8.4903 0
      vertex -28.1212 -8.4903 4
      vertex -28.4521 -7.30525 4
    endloop
  endfacet
  facet normal -0.951058 -0.309013 0
    outer loop
      vertex -27.741 -9.66045 0
      vertex -28.1212 -8.4903 4
      vertex -28.1212 -8.4903 0
    endloop
  endfacet
  facet normal -0.951058 -0.309013 0
    outer loop
      vertex -27.741 -9.66045 0
      vertex -27.741 -9.66045 4
      vertex -28.1212 -8.4903 4
    endloop
  endfacet
  facet normal -0.937296 -0.348534 0
    outer loop
      vertex -27.3122 -10.8136 0
      vertex -27.741 -9.66045 4
      vertex -27.741 -9.66045 0
    endloop
  endfacet
  facet normal -0.937296 -0.348534 0
    outer loop
      vertex -27.3122 -10.8136 0
      vertex -27.3122 -10.8136 4
      vertex -27.741 -9.66045 4
    endloop
  endfacet
  facet normal -0.921868 -0.387505 0
    outer loop
      vertex -26.8354 -11.9479 0
      vertex -27.3122 -10.8136 4
      vertex -27.3122 -10.8136 0
    endloop
  endfacet
  facet normal -0.921868 -0.387505 0
    outer loop
      vertex -26.8354 -11.9479 0
      vertex -26.8354 -11.9479 4
      vertex -27.3122 -10.8136 4
    endloop
  endfacet
  facet normal -0.904821 -0.425793 0
    outer loop
      vertex -26.3115 -13.0612 0
      vertex -26.8354 -11.9479 4
      vertex -26.8354 -11.9479 0
    endloop
  endfacet
  facet normal -0.904821 -0.425793 0
    outer loop
      vertex -26.3115 -13.0612 0
      vertex -26.3115 -13.0612 4
      vertex -26.8354 -11.9479 4
    endloop
  endfacet
  facet normal -0.886202 -0.463299 0
    outer loop
      vertex -25.7415 -14.1515 0
      vertex -26.3115 -13.0612 4
      vertex -26.3115 -13.0612 0
    endloop
  endfacet
  facet normal -0.886202 -0.463299 0
    outer loop
      vertex -25.7415 -14.1515 0
      vertex -25.7415 -14.1515 4
      vertex -26.3115 -13.0612 4
    endloop
  endfacet
  facet normal -0.866014 -0.50002 0
    outer loop
      vertex -25.1263 -15.217 0
      vertex -25.7415 -14.1515 4
      vertex -25.7415 -14.1515 0
    endloop
  endfacet
  facet normal -0.866014 -0.50002 0
    outer loop
      vertex -25.1263 -15.217 0
      vertex -25.1263 -15.217 4
      vertex -25.7415 -14.1515 4
    endloop
  endfacet
  facet normal -0.844367 -0.535765 0
    outer loop
      vertex -24.4671 -16.2559 0
      vertex -25.1263 -15.217 4
      vertex -25.1263 -15.217 0
    endloop
  endfacet
  facet normal -0.844367 -0.535765 0
    outer loop
      vertex -24.4671 -16.2559 0
      vertex -24.4671 -16.2559 4
      vertex -25.1263 -15.217 4
    endloop
  endfacet
  facet normal -0.82114 -0.570726 0
    outer loop
      vertex -23.7649 -17.2662 0
      vertex -24.4671 -16.2559 4
      vertex -24.4671 -16.2559 0
    endloop
  endfacet
  facet normal -0.82114 -0.570726 0
    outer loop
      vertex -23.7649 -17.2662 0
      vertex -23.7649 -17.2662 4
      vertex -24.4671 -16.2559 4
    endloop
  endfacet
  facet normal -0.796514 -0.604619 0
    outer loop
      vertex -23.021 -18.2462 0
      vertex -23.7649 -17.2662 4
      vertex -23.7649 -17.2662 0
    endloop
  endfacet
  facet normal -0.796514 -0.604619 0
    outer loop
      vertex -23.021 -18.2462 0
      vertex -23.021 -18.2462 4
      vertex -23.7649 -17.2662 4
    endloop
  endfacet
  facet normal -0.770495 -0.637446 0
    outer loop
      vertex -22.2367 -19.1942 0
      vertex -23.021 -18.2462 4
      vertex -23.021 -18.2462 0
    endloop
  endfacet
  facet normal -0.770495 -0.637446 0
    outer loop
      vertex -22.2367 -19.1942 0
      vertex -22.2367 -19.1942 4
      vertex -23.021 -18.2462 4
    endloop
  endfacet
  facet normal -0.743197 -0.669072 0
    outer loop
      vertex -21.4135 -20.1086 0
      vertex -22.2367 -19.1942 4
      vertex -22.2367 -19.1942 0
    endloop
  endfacet
  facet normal -0.743197 -0.669072 0
    outer loop
      vertex -21.4135 -20.1086 0
      vertex -21.4135 -20.1086 4
      vertex -22.2367 -19.1942 4
    endloop
  endfacet
  facet normal -0.714424 -0.699713 0
    outer loop
      vertex -20.5526 -20.9876 0
      vertex -21.4135 -20.1086 4
      vertex -21.4135 -20.1086 0
    endloop
  endfacet
  facet normal -0.714424 -0.699713 0
    outer loop
      vertex -20.5526 -20.9876 0
      vertex -20.5526 -20.9876 4
      vertex -21.4135 -20.1086 4
    endloop
  endfacet
  facet normal -0.684571 -0.728946 0
    outer loop
      vertex -19.6557 -21.8299 0
      vertex -20.5526 -20.9876 4
      vertex -20.5526 -20.9876 0
    endloop
  endfacet
  facet normal -0.684571 -0.728946 0
    outer loop
      vertex -19.6557 -21.8299 0
      vertex -19.6557 -21.8299 4
      vertex -20.5526 -20.9876 4
    endloop
  endfacet
  facet normal -0.653391 -0.75702 0
    outer loop
      vertex -18.7243 -22.6338 0
      vertex -19.6557 -21.8299 4
      vertex -19.6557 -21.8299 0
    endloop
  endfacet
  facet normal -0.653391 -0.75702 0
    outer loop
      vertex -18.7243 -22.6338 0
      vertex -18.7243 -22.6338 4
      vertex -19.6557 -21.8299 4
    endloop
  endfacet
  facet normal -0.62119 -0.78366 0
    outer loop
      vertex -17.7601 -23.3981 0
      vertex -18.7243 -22.6338 4
      vertex -18.7243 -22.6338 0
    endloop
  endfacet
  facet normal -0.62119 -0.78366 0
    outer loop
      vertex -17.7601 -23.3981 0
      vertex -17.7601 -23.3981 4
      vertex -18.7243 -22.6338 4
    endloop
  endfacet
  facet normal -0.587732 -0.809056 0
    outer loop
      vertex -16.7647 -24.1212 0
      vertex -17.7601 -23.3981 4
      vertex -17.7601 -23.3981 0
    endloop
  endfacet
  facet normal -0.587732 -0.809056 0
    outer loop
      vertex -16.7647 -24.1212 0
      vertex -16.7647 -24.1212 4
      vertex -17.7601 -23.3981 4
    endloop
  endfacet
  facet normal -0.553405 -0.832912 0
    outer loop
      vertex -15.7399 -24.8021 0
      vertex -16.7647 -24.1212 4
      vertex -16.7647 -24.1212 0
    endloop
  endfacet
  facet normal -0.553405 -0.832912 0
    outer loop
      vertex -15.7399 -24.8021 0
      vertex -15.7399 -24.8021 4
      vertex -16.7647 -24.1212 4
    endloop
  endfacet
  facet normal -0.518066 -0.855341 0
    outer loop
      vertex -14.6877 -25.4394 0
      vertex -15.7399 -24.8021 4
      vertex -15.7399 -24.8021 0
    endloop
  endfacet
  facet normal -0.518066 -0.855341 0
    outer loop
      vertex -14.6877 -25.4394 0
      vertex -14.6877 -25.4394 4
      vertex -15.7399 -24.8021 4
    endloop
  endfacet
  facet normal 0.500025 0.866011 0
    outer loop
      vertex -15.2246 -25.1294 0
      vertex -14.6877 -25.4394 4
      vertex -14.6877 -25.4394 0
    endloop
  endfacet
  facet normal 0.500025 0.866011 -0
    outer loop
      vertex -15.2246 -25.1294 0
      vertex -15.2246 -25.1294 4
      vertex -14.6877 -25.4394 4
    endloop
  endfacet
  facet normal -0.984806 0.173657 0
    outer loop
      vertex -15.4325 -26.3084 0
      vertex -15.2246 -25.1294 4
      vertex -15.2246 -25.1294 0
    endloop
  endfacet
  facet normal -0.984806 0.173657 0
    outer loop
      vertex -15.4325 -26.3084 0
      vertex -15.4325 -26.3084 4
      vertex -15.2246 -25.1294 4
    endloop
  endfacet
  facet normal -0.499942 -0.866059 0
    outer loop
      vertex -15.0675 -26.5191 0
      vertex -15.4325 -26.3084 4
      vertex -15.4325 -26.3084 0
    endloop
  endfacet
  facet normal -0.499942 -0.866059 0
    outer loop
      vertex -15.0675 -26.5191 0
      vertex -15.0675 -26.5191 4
      vertex -15.4325 -26.3084 4
    endloop
  endfacet
  facet normal 0.642769 -0.76606 0
    outer loop
      vertex -14.1504 -25.7496 0
      vertex -15.0675 -26.5191 4
      vertex -15.0675 -26.5191 0
    endloop
  endfacet
  facet normal 0.642769 -0.76606 0
    outer loop
      vertex -14.1504 -25.7496 0
      vertex -14.1504 -25.7496 4
      vertex -15.0675 -26.5191 4
    endloop
  endfacet
  facet normal 0.500025 0.866011 0
    outer loop
      vertex -14.6873 -25.4396 0
      vertex -14.1504 -25.7496 4
      vertex -14.1504 -25.7496 0
    endloop
  endfacet
  facet normal 0.500025 0.866011 -0
    outer loop
      vertex -14.6873 -25.4396 0
      vertex -14.6873 -25.4396 4
      vertex -14.1504 -25.7496 4
    endloop
  endfacet
  facet normal -0.481732 -0.876319 0
    outer loop
      vertex -13.6093 -26.0322 0
      vertex -14.6873 -25.4396 4
      vertex -14.6873 -25.4396 0
    endloop
  endfacet
  facet normal -0.481732 -0.876319 0
    outer loop
      vertex -13.6093 -26.0322 0
      vertex -13.6093 -26.0322 4
      vertex -14.6873 -25.4396 4
    endloop
  endfacet
  facet normal -0.444676 -0.895692 0
    outer loop
      vertex -12.5073 -26.5793 0
      vertex -13.6093 -26.0322 4
      vertex -13.6093 -26.0322 0
    endloop
  endfacet
  facet normal -0.444676 -0.895692 0
    outer loop
      vertex -12.5073 -26.5793 0
      vertex -12.5073 -26.5793 4
      vertex -13.6093 -26.0322 4
    endloop
  endfacet
  facet normal -0.406712 -0.913557 0
    outer loop
      vertex -11.3833 -27.0797 0
      vertex -12.5073 -26.5793 4
      vertex -12.5073 -26.5793 0
    endloop
  endfacet
  facet normal -0.406712 -0.913557 0
    outer loop
      vertex -11.3833 -27.0797 0
      vertex -11.3833 -27.0797 4
      vertex -12.5073 -26.5793 4
    endloop
  endfacet
  facet normal -0.368166 -0.92976 0
    outer loop
      vertex -10.2393 -27.5327 0
      vertex -11.3833 -27.0797 4
      vertex -11.3833 -27.0797 0
    endloop
  endfacet
  facet normal -0.368166 -0.92976 0
    outer loop
      vertex -10.2393 -27.5327 0
      vertex -10.2393 -27.5327 4
      vertex -11.3833 -27.0797 4
    endloop
  endfacet
  facet normal -0.328845 -0.944384 0
    outer loop
      vertex -9.07736 -27.9373 0
      vertex -10.2393 -27.5327 4
      vertex -10.2393 -27.5327 0
    endloop
  endfacet
  facet normal -0.328845 -0.944384 0
    outer loop
      vertex -9.07736 -27.9373 0
      vertex -9.07736 -27.9373 4
      vertex -10.2393 -27.5327 4
    endloop
  endfacet
  facet normal -0.289021 -0.957323 0
    outer loop
      vertex -7.89951 -28.2929 0
      vertex -9.07736 -27.9373 4
      vertex -9.07736 -27.9373 0
    endloop
  endfacet
  facet normal -0.289021 -0.957323 0
    outer loop
      vertex -7.89951 -28.2929 0
      vertex -7.89951 -28.2929 4
      vertex -9.07736 -27.9373 4
    endloop
  endfacet
  facet normal -0.248704 -0.96858 0
    outer loop
      vertex -6.70779 -28.5989 0
      vertex -7.89951 -28.2929 4
      vertex -7.89951 -28.2929 0
    endloop
  endfacet
  facet normal -0.248704 -0.96858 0
    outer loop
      vertex -6.70779 -28.5989 0
      vertex -6.70779 -28.5989 4
      vertex -7.89951 -28.2929 4
    endloop
  endfacet
  facet normal -0.207907 -0.978149 0
    outer loop
      vertex -5.50432 -28.8547 0
      vertex -6.70779 -28.5989 4
      vertex -6.70779 -28.5989 0
    endloop
  endfacet
  facet normal -0.207907 -0.978149 0
    outer loop
      vertex -5.50432 -28.8547 0
      vertex -5.50432 -28.8547 4
      vertex -6.70779 -28.5989 4
    endloop
  endfacet
  facet normal -0.166779 -0.985994 0
    outer loop
      vertex -4.29118 -29.0599 0
      vertex -5.50432 -28.8547 4
      vertex -5.50432 -28.8547 0
    endloop
  endfacet
  facet normal -0.166779 -0.985994 0
    outer loop
      vertex -4.29118 -29.0599 0
      vertex -4.29118 -29.0599 4
      vertex -5.50432 -28.8547 4
    endloop
  endfacet
  facet normal -0.125328 -0.992115 0
    outer loop
      vertex -3.07051 -29.2141 0
      vertex -4.29118 -29.0599 4
      vertex -4.29118 -29.0599 0
    endloop
  endfacet
  facet normal -0.125328 -0.992115 0
    outer loop
      vertex -3.07051 -29.2141 0
      vertex -3.07051 -29.2141 4
      vertex -4.29118 -29.0599 4
    endloop
  endfacet
  facet normal -0.0836347 -0.996496 0
    outer loop
      vertex -1.84447 -29.317 0
      vertex -3.07051 -29.2141 4
      vertex -3.07051 -29.2141 0
    endloop
  endfacet
  facet normal -0.0836347 -0.996496 0
    outer loop
      vertex -1.84447 -29.317 0
      vertex -1.84447 -29.317 4
      vertex -3.07051 -29.2141 4
    endloop
  endfacet
  facet normal -0.0418571 -0.999124 0
    outer loop
      vertex -0.615173 -29.3685 0
      vertex -1.84447 -29.317 4
      vertex -1.84447 -29.317 0
    endloop
  endfacet
  facet normal -0.0418571 -0.999124 0
    outer loop
      vertex -0.615173 -29.3685 0
      vertex -0.615173 -29.3685 4
      vertex -1.84447 -29.317 4
    endloop
  endfacet
  facet normal 0 -1 0
    outer loop
      vertex 0.615173 -29.3685 0
      vertex -0.615173 -29.3685 4
      vertex -0.615173 -29.3685 0
    endloop
  endfacet
  facet normal 0 -1 0
    outer loop
      vertex 0.615173 -29.3685 0
      vertex 0.615173 -29.3685 4
      vertex -0.615173 -29.3685 4
    endloop
  endfacet
  facet normal 0.0418571 -0.999124 0
    outer loop
      vertex 1.84447 -29.317 0
      vertex 0.615173 -29.3685 4
      vertex 0.615173 -29.3685 0
    endloop
  endfacet
  facet normal 0.0418571 -0.999124 0
    outer loop
      vertex 1.84447 -29.317 0
      vertex 1.84447 -29.317 4
      vertex 0.615173 -29.3685 4
    endloop
  endfacet
  facet normal 0.0418597 0.999123 -0
    outer loop
      vertex -1.59726 -25.3878 0
      vertex -1.59726 -25.3878 4
      vertex -0.53273 -25.4324 0
    endloop
  endfacet
  facet normal 0.0418597 0.999123 0
    outer loop
      vertex -0.53273 -25.4324 4
      vertex -0.53273 -25.4324 0
      vertex -1.59726 -25.3878 4
    endloop
  endfacet
  facet normal 0.0837197 0.996489 -0
    outer loop
      vertex -2.65898 -25.2986 0
      vertex -2.65898 -25.2986 4
      vertex -1.59726 -25.3878 0
    endloop
  endfacet
  facet normal 0.0837197 0.996489 0
    outer loop
      vertex -1.59726 -25.3878 4
      vertex -1.59726 -25.3878 0
      vertex -2.65898 -25.2986 4
    endloop
  endfacet
  facet normal 0.125297 0.992119 -0
    outer loop
      vertex -3.71605 -25.1651 0
      vertex -3.71605 -25.1651 4
      vertex -2.65898 -25.2986 0
    endloop
  endfacet
  facet normal 0.125297 0.992119 0
    outer loop
      vertex -2.65898 -25.2986 4
      vertex -2.65898 -25.2986 0
      vertex -3.71605 -25.1651 4
    endloop
  endfacet
  facet normal 0.16678 0.985994 -0
    outer loop
      vertex -4.7666 -24.9874 0
      vertex -4.7666 -24.9874 4
      vertex -3.71605 -25.1651 0
    endloop
  endfacet
  facet normal 0.16678 0.985994 0
    outer loop
      vertex -3.71605 -25.1651 4
      vertex -3.71605 -25.1651 0
      vertex -4.7666 -24.9874 4
    endloop
  endfacet
  facet normal 0.207892 0.978152 -0
    outer loop
      vertex -5.80878 -24.7659 0
      vertex -5.80878 -24.7659 4
      vertex -4.7666 -24.9874 0
    endloop
  endfacet
  facet normal 0.207892 0.978152 0
    outer loop
      vertex -4.7666 -24.9874 4
      vertex -4.7666 -24.9874 0
      vertex -5.80878 -24.7659 4
    endloop
  endfacet
  facet normal 0.248716 0.968576 -0
    outer loop
      vertex -6.84077 -24.5009 0
      vertex -6.84077 -24.5009 4
      vertex -5.80878 -24.7659 0
    endloop
  endfacet
  facet normal 0.248716 0.968576 0
    outer loop
      vertex -5.80878 -24.7659 4
      vertex -5.80878 -24.7659 0
      vertex -6.84077 -24.5009 4
    endloop
  endfacet
  facet normal 0.288986 0.957333 -0
    outer loop
      vertex -7.86076 -24.193 0
      vertex -7.86076 -24.193 4
      vertex -6.84077 -24.5009 0
    endloop
  endfacet
  facet normal 0.288986 0.957333 0
    outer loop
      vertex -6.84077 -24.5009 4
      vertex -6.84077 -24.5009 0
      vertex -7.86076 -24.193 4
    endloop
  endfacet
  facet normal 0.328867 0.944376 -0
    outer loop
      vertex -8.86697 -23.8426 0
      vertex -8.86697 -23.8426 4
      vertex -7.86076 -24.193 0
    endloop
  endfacet
  facet normal 0.328867 0.944376 0
    outer loop
      vertex -7.86076 -24.193 4
      vertex -7.86076 -24.193 0
      vertex -8.86697 -23.8426 4
    endloop
  endfacet
  facet normal 0.368185 0.929753 -0
    outer loop
      vertex -9.85762 -23.4503 0
      vertex -9.85762 -23.4503 4
      vertex -8.86697 -23.8426 0
    endloop
  endfacet
  facet normal 0.368185 0.929753 0
    outer loop
      vertex -8.86697 -23.8426 4
      vertex -8.86697 -23.8426 0
      vertex -9.85762 -23.4503 4
    endloop
  endfacet
  facet normal 0.406677 0.913572 -0
    outer loop
      vertex -10.831 -23.017 0
      vertex -10.831 -23.017 4
      vertex -9.85762 -23.4503 0
    endloop
  endfacet
  facet normal 0.406677 0.913572 0
    outer loop
      vertex -9.85762 -23.4503 4
      vertex -9.85762 -23.4503 0
      vertex -10.831 -23.017 4
    endloop
  endfacet
  facet normal 0.444696 0.895681 -0
    outer loop
      vertex -11.7853 -22.5432 0
      vertex -11.7853 -22.5432 4
      vertex -10.831 -23.017 0
    endloop
  endfacet
  facet normal 0.444696 0.895681 0
    outer loop
      vertex -10.831 -23.017 4
      vertex -10.831 -23.017 0
      vertex -11.7853 -22.5432 4
    endloop
  endfacet
  facet normal 0.481677 0.876349 -0
    outer loop
      vertex -12.719 -22.03 0
      vertex -12.719 -22.03 4
      vertex -11.7853 -22.5432 0
    endloop
  endfacet
  facet normal 0.481677 0.876349 0
    outer loop
      vertex -11.7853 -22.5432 4
      vertex -11.7853 -22.5432 0
      vertex -12.719 -22.03 4
    endloop
  endfacet
  facet normal 0.518052 0.855349 -0
    outer loop
      vertex -13.6304 -21.478 0
      vertex -13.6304 -21.478 4
      vertex -12.719 -22.03 0
    endloop
  endfacet
  facet normal 0.518052 0.855349 0
    outer loop
      vertex -12.719 -22.03 4
      vertex -12.719 -22.03 0
      vertex -13.6304 -21.478 4
    endloop
  endfacet
  facet normal 0.5534 0.832916 -0
    outer loop
      vertex -14.5178 -20.8884 0
      vertex -14.5178 -20.8884 4
      vertex -13.6304 -21.478 0
    endloop
  endfacet
  facet normal 0.5534 0.832916 0
    outer loop
      vertex -13.6304 -21.478 4
      vertex -13.6304 -21.478 0
      vertex -14.5178 -20.8884 4
    endloop
  endfacet
  facet normal 0.587798 0.809008 -0
    outer loop
      vertex -15.3798 -20.2621 0
      vertex -15.3798 -20.2621 4
      vertex -14.5178 -20.8884 0
    endloop
  endfacet
  facet normal 0.587798 0.809008 0
    outer loop
      vertex -14.5178 -20.8884 4
      vertex -14.5178 -20.8884 0
      vertex -15.3798 -20.2621 4
    endloop
  endfacet
  facet normal 0.62114 0.783699 -0
    outer loop
      vertex -16.2148 -19.6003 0
      vertex -16.2148 -19.6003 4
      vertex -15.3798 -20.2621 0
    endloop
  endfacet
  facet normal 0.62114 0.783699 0
    outer loop
      vertex -15.3798 -20.2621 4
      vertex -15.3798 -20.2621 0
      vertex -16.2148 -19.6003 4
    endloop
  endfacet
  facet normal 0.653446 0.756973 -0
    outer loop
      vertex -17.0213 -18.9041 0
      vertex -17.0213 -18.9041 4
      vertex -16.2148 -19.6003 0
    endloop
  endfacet
  facet normal 0.653446 0.756973 0
    outer loop
      vertex -16.2148 -19.6003 4
      vertex -16.2148 -19.6003 0
      vertex -17.0213 -18.9041 4
    endloop
  endfacet
  facet normal 0.684562 0.728955 -0
    outer loop
      vertex -17.798 -18.1747 0
      vertex -17.798 -18.1747 4
      vertex -17.0213 -18.9041 0
    endloop
  endfacet
  facet normal 0.684562 0.728955 0
    outer loop
      vertex -17.0213 -18.9041 4
      vertex -17.0213 -18.9041 0
      vertex -17.798 -18.1747 4
    endloop
  endfacet
  facet normal 0.714436 0.699701 -0
    outer loop
      vertex -18.5435 -17.4135 0
      vertex -18.5435 -17.4135 4
      vertex -17.798 -18.1747 0
    endloop
  endfacet
  facet normal 0.714436 0.699701 0
    outer loop
      vertex -17.798 -18.1747 4
      vertex -17.798 -18.1747 0
      vertex -18.5435 -17.4135 4
    endloop
  endfacet
  facet normal 0.743163 0.66911 -0
    outer loop
      vertex -19.2564 -16.6217 0
      vertex -19.2564 -16.6217 4
      vertex -18.5435 -17.4135 0
    endloop
  endfacet
  facet normal 0.743163 0.66911 0
    outer loop
      vertex -18.5435 -17.4135 4
      vertex -18.5435 -17.4135 0
      vertex -19.2564 -16.6217 4
    endloop
  endfacet
  facet normal 0.770471 0.637476 -0
    outer loop
      vertex -19.9356 -15.8008 0
      vertex -19.9356 -15.8008 4
      vertex -19.2564 -16.6217 0
    endloop
  endfacet
  facet normal 0.770471 0.637476 0
    outer loop
      vertex -19.2564 -16.6217 4
      vertex -19.2564 -16.6217 0
      vertex -19.9356 -15.8008 4
    endloop
  endfacet
  facet normal 0.796529 0.6046 -0
    outer loop
      vertex -20.5798 -14.9521 0
      vertex -20.5798 -14.9521 4
      vertex -19.9356 -15.8008 0
    endloop
  endfacet
  facet normal 0.796529 0.6046 0
    outer loop
      vertex -19.9356 -15.8008 4
      vertex -19.9356 -15.8008 0
      vertex -20.5798 -14.9521 4
    endloop
  endfacet
  facet normal 0.821181 0.570668 -0
    outer loop
      vertex -21.1878 -14.0772 0
      vertex -21.1878 -14.0772 4
      vertex -20.5798 -14.9521 0
    endloop
  endfacet
  facet normal 0.821181 0.570668 0
    outer loop
      vertex -20.5798 -14.9521 4
      vertex -20.5798 -14.9521 0
      vertex -21.1878 -14.0772 4
    endloop
  endfacet
  facet normal 0.844329 0.535824 -0
    outer loop
      vertex -21.7587 -13.1776 0
      vertex -21.7587 -13.1776 4
      vertex -21.1878 -14.0772 0
    endloop
  endfacet
  facet normal 0.844329 0.535824 0
    outer loop
      vertex -21.1878 -14.0772 4
      vertex -21.1878 -14.0772 0
      vertex -21.7587 -13.1776 4
    endloop
  endfacet
  facet normal 0.866017 0.500015 -0
    outer loop
      vertex -22.2915 -12.2548 0
      vertex -22.2915 -12.2548 4
      vertex -21.7587 -13.1776 0
    endloop
  endfacet
  facet normal 0.866017 0.500015 0
    outer loop
      vertex -21.7587 -13.1776 4
      vertex -21.7587 -13.1776 0
      vertex -22.2915 -12.2548 4
    endloop
  endfacet
  facet normal 0.88621 0.463284 -0
    outer loop
      vertex -22.7851 -11.3106 0
      vertex -22.7851 -11.3106 4
      vertex -22.2915 -12.2548 0
    endloop
  endfacet
  facet normal 0.88621 0.463284 0
    outer loop
      vertex -22.2915 -12.2548 4
      vertex -22.2915 -12.2548 0
      vertex -22.7851 -11.3106 4
    endloop
  endfacet
  facet normal 0.9048 0.425838 -0
    outer loop
      vertex -23.2388 -10.3466 0
      vertex -23.2388 -10.3466 4
      vertex -22.7851 -11.3106 0
    endloop
  endfacet
  facet normal 0.9048 0.425838 0
    outer loop
      vertex -22.7851 -11.3106 4
      vertex -22.7851 -11.3106 0
      vertex -23.2388 -10.3466 4
    endloop
  endfacet
  facet normal 0.921897 0.387436 -0
    outer loop
      vertex -23.6516 -9.36435 0
      vertex -23.6516 -9.36435 4
      vertex -23.2388 -10.3466 0
    endloop
  endfacet
  facet normal 0.921897 0.387436 0
    outer loop
      vertex -23.2388 -10.3466 4
      vertex -23.2388 -10.3466 0
      vertex -23.6516 -9.36435 4
    endloop
  endfacet
  facet normal 0.937279 0.34858 -0
    outer loop
      vertex -24.023 -8.36571 0
      vertex -24.023 -8.36571 4
      vertex -23.6516 -9.36435 0
    endloop
  endfacet
  facet normal 0.937279 0.34858 0
    outer loop
      vertex -23.6516 -9.36435 4
      vertex -23.6516 -9.36435 0
      vertex -24.023 -8.36571 4
    endloop
  endfacet
  facet normal 0.951042 0.309061 -0
    outer loop
      vertex -24.3523 -7.35239 0
      vertex -24.3523 -7.35239 4
      vertex -24.023 -8.36571 0
    endloop
  endfacet
  facet normal 0.951042 0.309061 0
    outer loop
      vertex -24.023 -8.36571 4
      vertex -24.023 -8.36571 0
      vertex -24.3523 -7.35239 4
    endloop
  endfacet
  facet normal 0.963169 0.268897 -0
    outer loop
      vertex -24.6388 -6.32617 0
      vertex -24.6388 -6.32617 4
      vertex -24.3523 -7.35239 0
    endloop
  endfacet
  facet normal 0.963169 0.268897 0
    outer loop
      vertex -24.3523 -7.35239 4
      vertex -24.3523 -7.35239 0
      vertex -24.6388 -6.32617 4
    endloop
  endfacet
  facet normal 0.973579 0.22835 -0
    outer loop
      vertex -24.8821 -5.28885 0
      vertex -24.8821 -5.28885 4
      vertex -24.6388 -6.32617 0
    endloop
  endfacet
  facet normal 0.973579 0.22835 0
    outer loop
      vertex -24.6388 -6.32617 4
      vertex -24.6388 -6.32617 0
      vertex -24.8821 -5.28885 4
    endloop
  endfacet
  facet normal 0.982279 0.187427 -0
    outer loop
      vertex -25.0818 -4.24225 0
      vertex -25.0818 -4.24225 4
      vertex -24.8821 -5.28885 0
    endloop
  endfacet
  facet normal 0.982279 0.187427 0
    outer loop
      vertex -24.8821 -5.28885 4
      vertex -24.8821 -5.28885 0
      vertex -25.0818 -4.24225 4
    endloop
  endfacet
  facet normal 0.989279 0.146041 -0
    outer loop
      vertex -25.2374 -3.18822 0
      vertex -25.2374 -3.18822 4
      vertex -25.0818 -4.24225 0
    endloop
  endfacet
  facet normal 0.989279 0.146041 0
    outer loop
      vertex -25.0818 -4.24225 4
      vertex -25.0818 -4.24225 0
      vertex -25.2374 -3.18822 4
    endloop
  endfacet
  facet normal 0.994519 0.104555 -0
    outer loop
      vertex -25.3488 -2.12859 0
      vertex -25.3488 -2.12859 4
      vertex -25.2374 -3.18822 0
    endloop
  endfacet
  facet normal 0.994519 0.104555 0
    outer loop
      vertex -25.2374 -3.18822 4
      vertex -25.2374 -3.18822 0
      vertex -25.3488 -2.12859 4
    endloop
  endfacet
  facet normal 0.998027 0.0627896 -0
    outer loop
      vertex -25.4157 -1.06523 0
      vertex -25.4157 -1.06523 4
      vertex -25.3488 -2.12859 0
    endloop
  endfacet
  facet normal 0.998027 0.0627896 0
    outer loop
      vertex -25.3488 -2.12859 4
      vertex -25.3488 -2.12859 0
      vertex -25.4157 -1.06523 4
    endloop
  endfacet
  facet normal 0.999781 0.0209299 -0
    outer loop
      vertex -25.438 0 0
      vertex -25.438 0 4
      vertex -25.4157 -1.06523 0
    endloop
  endfacet
  facet normal 0.999781 0.0209299 0
    outer loop
      vertex -25.4157 -1.06523 4
      vertex -25.4157 -1.06523 0
      vertex -25.438 0 4
    endloop
  endfacet
  facet normal 0.999781 -0.0209299 0
    outer loop
      vertex -25.4157 1.06523 0
      vertex -25.4157 1.06523 4
      vertex -25.438 0 0
    endloop
  endfacet
  facet normal 0.999781 -0.0209299 0
    outer loop
      vertex -25.438 0 4
      vertex -25.438 0 0
      vertex -25.4157 1.06523 4
    endloop
  endfacet
  facet normal 0.998027 -0.0627896 0
    outer loop
      vertex -25.3488 2.12859 0
      vertex -25.3488 2.12859 4
      vertex -25.4157 1.06523 0
    endloop
  endfacet
  facet normal 0.998027 -0.0627896 0
    outer loop
      vertex -25.4157 1.06523 4
      vertex -25.4157 1.06523 0
      vertex -25.3488 2.12859 4
    endloop
  endfacet
  facet normal 0.994519 -0.104555 0
    outer loop
      vertex -25.2374 3.18822 0
      vertex -25.2374 3.18822 4
      vertex -25.3488 2.12859 0
    endloop
  endfacet
  facet normal 0.994519 -0.104555 0
    outer loop
      vertex -25.3488 2.12859 4
      vertex -25.3488 2.12859 0
      vertex -25.2374 3.18822 4
    endloop
  endfacet
  facet normal 0.989279 -0.146041 0
    outer loop
      vertex -25.0818 4.24225 0
      vertex -25.0818 4.24225 4
      vertex -25.2374 3.18822 0
    endloop
  endfacet
  facet normal 0.989279 -0.146041 0
    outer loop
      vertex -25.2374 3.18822 4
      vertex -25.2374 3.18822 0
      vertex -25.0818 4.24225 4
    endloop
  endfacet
  facet normal 0.982279 -0.187427 0
    outer loop
      vertex -24.8821 5.28885 0
      vertex -24.8821 5.28885 4
      vertex -25.0818 4.24225 0
    endloop
  endfacet
  facet normal 0.982279 -0.187427 0
    outer loop
      vertex -25.0818 4.24225 4
      vertex -25.0818 4.24225 0
      vertex -24.8821 5.28885 4
    endloop
  endfacet
  facet normal 0.973579 -0.22835 0
    outer loop
      vertex -24.6388 6.32617 0
      vertex -24.6388 6.32617 4
      vertex -24.8821 5.28885 0
    endloop
  endfacet
  facet normal 0.973579 -0.22835 0
    outer loop
      vertex -24.8821 5.28885 4
      vertex -24.8821 5.28885 0
      vertex -24.6388 6.32617 4
    endloop
  endfacet
  facet normal 0.963169 -0.268897 0
    outer loop
      vertex -24.3523 7.35239 0
      vertex -24.3523 7.35239 4
      vertex -24.6388 6.32617 0
    endloop
  endfacet
  facet normal 0.963169 -0.268897 0
    outer loop
      vertex -24.6388 6.32617 4
      vertex -24.6388 6.32617 0
      vertex -24.3523 7.35239 4
    endloop
  endfacet
  facet normal 0.951042 -0.309061 0
    outer loop
      vertex -24.023 8.36571 0
      vertex -24.023 8.36571 4
      vertex -24.3523 7.35239 0
    endloop
  endfacet
  facet normal 0.951042 -0.309061 0
    outer loop
      vertex -24.3523 7.35239 4
      vertex -24.3523 7.35239 0
      vertex -24.023 8.36571 4
    endloop
  endfacet
  facet normal 0.937279 -0.34858 0
    outer loop
      vertex -23.6516 9.36435 0
      vertex -23.6516 9.36435 4
      vertex -24.023 8.36571 0
    endloop
  endfacet
  facet normal 0.937279 -0.34858 0
    outer loop
      vertex -24.023 8.36571 4
      vertex -24.023 8.36571 0
      vertex -23.6516 9.36435 4
    endloop
  endfacet
  facet normal 0.921897 -0.387436 0
    outer loop
      vertex -23.2388 10.3466 0
      vertex -23.2388 10.3466 4
      vertex -23.6516 9.36435 0
    endloop
  endfacet
  facet normal 0.921897 -0.387436 0
    outer loop
      vertex -23.6516 9.36435 4
      vertex -23.6516 9.36435 0
      vertex -23.2388 10.3466 4
    endloop
  endfacet
  facet normal 0.9048 -0.425838 0
    outer loop
      vertex -22.7851 11.3106 0
      vertex -22.7851 11.3106 4
      vertex -23.2388 10.3466 0
    endloop
  endfacet
  facet normal 0.9048 -0.425838 0
    outer loop
      vertex -23.2388 10.3466 4
      vertex -23.2388 10.3466 0
      vertex -22.7851 11.3106 4
    endloop
  endfacet
  facet normal 0.88621 -0.463284 0
    outer loop
      vertex -22.2915 12.2548 0
      vertex -22.2915 12.2548 4
      vertex -22.7851 11.3106 0
    endloop
  endfacet
  facet normal 0.88621 -0.463284 0
    outer loop
      vertex -22.7851 11.3106 4
      vertex -22.7851 11.3106 0
      vertex -22.2915 12.2548 4
    endloop
  endfacet
  facet normal 0.866017 -0.500015 0
    outer loop
      vertex -21.7587 13.1776 0
      vertex -21.7587 13.1776 4
      vertex -22.2915 12.2548 0
    endloop
  endfacet
  facet normal 0.866017 -0.500015 0
    outer loop
      vertex -22.2915 12.2548 4
      vertex -22.2915 12.2548 0
      vertex -21.7587 13.1776 4
    endloop
  endfacet
  facet normal 0.844329 -0.535824 0
    outer loop
      vertex -21.1878 14.0772 0
      vertex -21.1878 14.0772 4
      vertex -21.7587 13.1776 0
    endloop
  endfacet
  facet normal 0.844329 -0.535824 0
    outer loop
      vertex -21.7587 13.1776 4
      vertex -21.7587 13.1776 0
      vertex -21.1878 14.0772 4
    endloop
  endfacet
  facet normal 0.821181 -0.570668 0
    outer loop
      vertex -20.5798 14.9521 0
      vertex -20.5798 14.9521 4
      vertex -21.1878 14.0772 0
    endloop
  endfacet
  facet normal 0.821181 -0.570668 0
    outer loop
      vertex -21.1878 14.0772 4
      vertex -21.1878 14.0772 0
      vertex -20.5798 14.9521 4
    endloop
  endfacet
  facet normal 0.796529 -0.6046 0
    outer loop
      vertex -19.9356 15.8008 0
      vertex -19.9356 15.8008 4
      vertex -20.5798 14.9521 0
    endloop
  endfacet
  facet normal 0.796529 -0.6046 0
    outer loop
      vertex -20.5798 14.9521 4
      vertex -20.5798 14.9521 0
      vertex -19.9356 15.8008 4
    endloop
  endfacet
  facet normal 0.770471 -0.637476 0
    outer loop
      vertex -19.2564 16.6217 0
      vertex -19.2564 16.6217 4
      vertex -19.9356 15.8008 0
    endloop
  endfacet
  facet normal 0.770471 -0.637476 0
    outer loop
      vertex -19.9356 15.8008 4
      vertex -19.9356 15.8008 0
      vertex -19.2564 16.6217 4
    endloop
  endfacet
  facet normal 0.743163 -0.66911 0
    outer loop
      vertex -18.5435 17.4135 0
      vertex -18.5435 17.4135 4
      vertex -19.2564 16.6217 0
    endloop
  endfacet
  facet normal 0.743163 -0.66911 0
    outer loop
      vertex -19.2564 16.6217 4
      vertex -19.2564 16.6217 0
      vertex -18.5435 17.4135 4
    endloop
  endfacet
  facet normal 0.714436 -0.699701 0
    outer loop
      vertex -17.798 18.1747 0
      vertex -17.798 18.1747 4
      vertex -18.5435 17.4135 0
    endloop
  endfacet
  facet normal 0.714436 -0.699701 0
    outer loop
      vertex -18.5435 17.4135 4
      vertex -18.5435 17.4135 0
      vertex -17.798 18.1747 4
    endloop
  endfacet
  facet normal 0.684562 -0.728955 0
    outer loop
      vertex -17.0213 18.9041 0
      vertex -17.0213 18.9041 4
      vertex -17.798 18.1747 0
    endloop
  endfacet
  facet normal 0.684562 -0.728955 0
    outer loop
      vertex -17.798 18.1747 4
      vertex -17.798 18.1747 0
      vertex -17.0213 18.9041 4
    endloop
  endfacet
  facet normal 0.653446 -0.756973 0
    outer loop
      vertex -16.2148 19.6003 0
      vertex -16.2148 19.6003 4
      vertex -17.0213 18.9041 0
    endloop
  endfacet
  facet normal 0.653446 -0.756973 0
    outer loop
      vertex -17.0213 18.9041 4
      vertex -17.0213 18.9041 0
      vertex -16.2148 19.6003 4
    endloop
  endfacet
  facet normal 0.62114 -0.783699 0
    outer loop
      vertex -15.3798 20.2621 0
      vertex -15.3798 20.2621 4
      vertex -16.2148 19.6003 0
    endloop
  endfacet
  facet normal 0.62114 -0.783699 0
    outer loop
      vertex -16.2148 19.6003 4
      vertex -16.2148 19.6003 0
      vertex -15.3798 20.2621 4
    endloop
  endfacet
  facet normal 0.587798 -0.809008 0
    outer loop
      vertex -14.5178 20.8884 0
      vertex -14.5178 20.8884 4
      vertex -15.3798 20.2621 0
    endloop
  endfacet
  facet normal 0.587798 -0.809008 0
    outer loop
      vertex -15.3798 20.2621 4
      vertex -15.3798 20.2621 0
      vertex -14.5178 20.8884 4
    endloop
  endfacet
  facet normal 0.5534 -0.832916 0
    outer loop
      vertex -13.6304 21.478 0
      vertex -13.6304 21.478 4
      vertex -14.5178 20.8884 0
    endloop
  endfacet
  facet normal 0.5534 -0.832916 0
    outer loop
      vertex -14.5178 20.8884 4
      vertex -14.5178 20.8884 0
      vertex -13.6304 21.478 4
    endloop
  endfacet
  facet normal 0.518052 -0.855349 0
    outer loop
      vertex -12.719 22.03 0
      vertex -12.719 22.03 4
      vertex -13.6304 21.478 0
    endloop
  endfacet
  facet normal 0.518052 -0.855349 0
    outer loop
      vertex -13.6304 21.478 4
      vertex -13.6304 21.478 0
      vertex -12.719 22.03 4
    endloop
  endfacet
  facet normal 0.481677 -0.876349 0
    outer loop
      vertex -11.7853 22.5432 0
      vertex -11.7853 22.5432 4
      vertex -12.719 22.03 0
    endloop
  endfacet
  facet normal 0.481677 -0.876349 0
    outer loop
      vertex -12.719 22.03 4
      vertex -12.719 22.03 0
      vertex -11.7853 22.5432 4
    endloop
  endfacet
  facet normal 0.444696 -0.895681 0
    outer loop
      vertex -10.831 23.017 0
      vertex -10.831 23.017 4
      vertex -11.7853 22.5432 0
    endloop
  endfacet
  facet normal 0.444696 -0.895681 0
    outer loop
      vertex -11.7853 22.5432 4
      vertex -11.7853 22.5432 0
      vertex -10.831 23.017 4
    endloop
  endfacet
  facet normal 0.406677 -0.913572 0
    outer loop
      vertex -9.85762 23.4503 0
      vertex -9.85762 23.4503 4
      vertex -10.831 23.017 0
    endloop
  endfacet
  facet normal 0.406677 -0.913572 0
    outer loop
      vertex -10.831 23.017 4
      vertex -10.831 23.017 0
      vertex -9.85762 23.4503 4
    endloop
  endfacet
  facet normal 0.368185 -0.929753 0
    outer loop
      vertex -8.86697 23.8426 0
      vertex -8.86697 23.8426 4
      vertex -9.85762 23.4503 0
    endloop
  endfacet
  facet normal 0.368185 -0.929753 0
    outer loop
      vertex -9.85762 23.4503 4
      vertex -9.85762 23.4503 0
      vertex -8.86697 23.8426 4
    endloop
  endfacet
  facet normal 0.328867 -0.944376 0
    outer loop
      vertex -7.86076 24.193 0
      vertex -7.86076 24.193 4
      vertex -8.86697 23.8426 0
    endloop
  endfacet
  facet normal 0.328867 -0.944376 0
    outer loop
      vertex -8.86697 23.8426 4
      vertex -8.86697 23.8426 0
      vertex -7.86076 24.193 4
    endloop
  endfacet
  facet normal 0.288986 -0.957333 0
    outer loop
      vertex -6.84077 24.5009 0
      vertex -6.84077 24.5009 4
      vertex -7.86076 24.193 0
    endloop
  endfacet
  facet normal 0.288986 -0.957333 0
    outer loop
      vertex -7.86076 24.193 4
      vertex -7.86076 24.193 0
      vertex -6.84077 24.5009 4
    endloop
  endfacet
  facet normal 0.248716 -0.968576 0
    outer loop
      vertex -5.80878 24.7659 0
      vertex -5.80878 24.7659 4
      vertex -6.84077 24.5009 0
    endloop
  endfacet
  facet normal 0.248716 -0.968576 0
    outer loop
      vertex -6.84077 24.5009 4
      vertex -6.84077 24.5009 0
      vertex -5.80878 24.7659 4
    endloop
  endfacet
  facet normal 0.207892 -0.978152 0
    outer loop
      vertex -4.7666 24.9874 0
      vertex -4.7666 24.9874 4
      vertex -5.80878 24.7659 0
    endloop
  endfacet
  facet normal 0.207892 -0.978152 0
    outer loop
      vertex -5.80878 24.7659 4
      vertex -5.80878 24.7659 0
      vertex -4.7666 24.9874 4
    endloop
  endfacet
  facet normal 0.16678 -0.985994 0
    outer loop
      vertex -3.71605 25.1651 0
      vertex -3.71605 25.1651 4
      vertex -4.7666 24.9874 0
    endloop
  endfacet
  facet normal 0.16678 -0.985994 0
    outer loop
      vertex -4.7666 24.9874 4
      vertex -4.7666 24.9874 0
      vertex -3.71605 25.1651 4
    endloop
  endfacet
  facet normal 0.125297 -0.992119 0
    outer loop
      vertex -2.65898 25.2986 0
      vertex -2.65898 25.2986 4
      vertex -3.71605 25.1651 0
    endloop
  endfacet
  facet normal 0.125297 -0.992119 0
    outer loop
      vertex -3.71605 25.1651 4
      vertex -3.71605 25.1651 0
      vertex -2.65898 25.2986 4
    endloop
  endfacet
  facet normal 0.0837197 -0.996489 0
    outer loop
      vertex -1.59726 25.3878 0
      vertex -1.59726 25.3878 4
      vertex -2.65898 25.2986 0
    endloop
  endfacet
  facet normal 0.0837197 -0.996489 0
    outer loop
      vertex -2.65898 25.2986 4
      vertex -2.65898 25.2986 0
      vertex -1.59726 25.3878 4
    endloop
  endfacet
  facet normal 0.0418597 -0.999123 0
    outer loop
      vertex -0.53273 25.4324 0
      vertex -0.53273 25.4324 4
      vertex -1.59726 25.3878 0
    endloop
  endfacet
  facet normal 0.0418597 -0.999123 0
    outer loop
      vertex -1.59726 25.3878 4
      vertex -1.59726 25.3878 0
      vertex -0.53273 25.4324 4
    endloop
  endfacet
  facet normal 0 -1 0
    outer loop
      vertex 0.53273 25.4324 0
      vertex 0.53273 25.4324 4
      vertex -0.53273 25.4324 0
    endloop
  endfacet
  facet normal 0 -1 0
    outer loop
      vertex -0.53273 25.4324 4
      vertex -0.53273 25.4324 0
      vertex 0.53273 25.4324 4
    endloop
  endfacet
  facet normal -0.0418597 -0.999123 0
    outer loop
      vertex 1.59726 25.3878 0
      vertex 1.59726 25.3878 4
      vertex 0.53273 25.4324 0
    endloop
  endfacet
  facet normal -0.0418597 -0.999123 -0
    outer loop
      vertex 0.53273 25.4324 4
      vertex 0.53273 25.4324 0
      vertex 1.59726 25.3878 4
    endloop
  endfacet
  facet normal -0.0837197 -0.996489 0
    outer loop
      vertex 2.65898 25.2986 0
      vertex 2.65898 25.2986 4
      vertex 1.59726 25.3878 0
    endloop
  endfacet
  facet normal -0.0837197 -0.996489 -0
    outer loop
      vertex 1.59726 25.3878 4
      vertex 1.59726 25.3878 0
      vertex 2.65898 25.2986 4
    endloop
  endfacet
  facet normal -0.125297 -0.992119 0
    outer loop
      vertex 3.71605 25.1651 0
      vertex 3.71605 25.1651 4
      vertex 2.65898 25.2986 0
    endloop
  endfacet
  facet normal -0.125297 -0.992119 -0
    outer loop
      vertex 2.65898 25.2986 4
      vertex 2.65898 25.2986 0
      vertex 3.71605 25.1651 4
    endloop
  endfacet
  facet normal -0.16678 -0.985994 0
    outer loop
      vertex 4.7666 24.9874 0
      vertex 4.7666 24.9874 4
      vertex 3.71605 25.1651 0
    endloop
  endfacet
  facet normal -0.16678 -0.985994 -0
    outer loop
      vertex 3.71605 25.1651 4
      vertex 3.71605 25.1651 0
      vertex 4.7666 24.9874 4
    endloop
  endfacet
  facet normal -0.207892 -0.978152 0
    outer loop
      vertex 5.80878 24.7659 0
      vertex 5.80878 24.7659 4
      vertex 4.7666 24.9874 0
    endloop
  endfacet
  facet normal -0.207892 -0.978152 -0
    outer loop
      vertex 4.7666 24.9874 4
      vertex 4.7666 24.9874 0
      vertex 5.80878 24.7659 4
    endloop
  endfacet
  facet normal -0.248716 -0.968576 0
    outer loop
      vertex 6.84077 24.5009 0
      vertex 6.84077 24.5009 4
      vertex 5.80878 24.7659 0
    endloop
  endfacet
  facet normal -0.248716 -0.968576 -0
    outer loop
      vertex 5.80878 24.7659 4
      vertex 5.80878 24.7659 0
      vertex 6.84077 24.5009 4
    endloop
  endfacet
  facet normal -0.288986 -0.957333 0
    outer loop
      vertex 7.86076 24.193 0
      vertex 7.86076 24.193 4
      vertex 6.84077 24.5009 0
    endloop
  endfacet
  facet normal -0.288986 -0.957333 -0
    outer loop
      vertex 6.84077 24.5009 4
      vertex 6.84077 24.5009 0
      vertex 7.86076 24.193 4
    endloop
  endfacet
  facet normal -0.328867 -0.944376 0
    outer loop
      vertex 8.86697 23.8426 0
      vertex 8.86697 23.8426 4
      vertex 7.86076 24.193 0
    endloop
  endfacet
  facet normal -0.328867 -0.944376 -0
    outer loop
      vertex 7.86076 24.193 4
      vertex 7.86076 24.193 0
      vertex 8.86697 23.8426 4
    endloop
  endfacet
  facet normal -0.368185 -0.929753 0
    outer loop
      vertex 9.85762 23.4503 0
      vertex 9.85762 23.4503 4
      vertex 8.86697 23.8426 0
    endloop
  endfacet
  facet normal -0.368185 -0.929753 -0
    outer loop
      vertex 8.86697 23.8426 4
      vertex 8.86697 23.8426 0
      vertex 9.85762 23.4503 4
    endloop
  endfacet
  facet normal -0.406677 -0.913572 0
    outer loop
      vertex 10.831 23.017 0
      vertex 10.831 23.017 4
      vertex 9.85762 23.4503 0
    endloop
  endfacet
  facet normal -0.406677 -0.913572 -0
    outer loop
      vertex 9.85762 23.4503 4
      vertex 9.85762 23.4503 0
      vertex 10.831 23.017 4
    endloop
  endfacet
  facet normal -0.444696 -0.895681 0
    outer loop
      vertex 11.7853 22.5432 0
      vertex 11.7853 22.5432 4
      vertex 10.831 23.017 0
    endloop
  endfacet
  facet normal -0.444696 -0.895681 -0
    outer loop
      vertex 10.831 23.017 4
      vertex 10.831 23.017 0
      vertex 11.7853 22.5432 4
    endloop
  endfacet
  facet normal -0.481677 -0.876349 0
    outer loop
      vertex 12.719 22.03 0
      vertex 12.719 22.03 4
      vertex 11.7853 22.5432 0
    endloop
  endfacet
  facet normal -0.481677 -0.876349 -0
    outer loop
      vertex 11.7853 22.5432 4
      vertex 11.7853 22.5432 0
      vertex 12.719 22.03 4
    endloop
  endfacet
  facet normal -0.518052 -0.855349 0
    outer loop
      vertex 13.6304 21.478 0
      vertex 13.6304 21.478 4
      vertex 12.719 22.03 0
    endloop
  endfacet
  facet normal -0.518052 -0.855349 -0
    outer loop
      vertex 12.719 22.03 4
      vertex 12.719 22.03 0
      vertex 13.6304 21.478 4
    endloop
  endfacet
  facet normal -0.5534 -0.832916 0
    outer loop
      vertex 14.5178 20.8884 0
      vertex 14.5178 20.8884 4
      vertex 13.6304 21.478 0
    endloop
  endfacet
  facet normal -0.5534 -0.832916 -0
    outer loop
      vertex 13.6304 21.478 4
      vertex 13.6304 21.478 0
      vertex 14.5178 20.8884 4
    endloop
  endfacet
  facet normal -0.587798 -0.809008 0
    outer loop
      vertex 15.3798 20.2621 0
      vertex 15.3798 20.2621 4
      vertex 14.5178 20.8884 0
    endloop
  endfacet
  facet normal -0.587798 -0.809008 -0
    outer loop
      vertex 14.5178 20.8884 4
      vertex 14.5178 20.8884 0
      vertex 15.3798 20.2621 4
    endloop
  endfacet
  facet normal -0.62114 -0.783699 0
    outer loop
      vertex 16.2148 19.6003 0
      vertex 16.2148 19.6003 4
      vertex 15.3798 20.2621 0
    endloop
  endfacet
  facet normal -0.62114 -0.783699 -0
    outer loop
      vertex 15.3798 20.2621 4
      vertex 15.3798 20.2621 0
      vertex 16.2148 19.6003 4
    endloop
  endfacet
  facet normal -0.653446 -0.756973 0
    outer loop
      vertex 17.0213 18.9041 0
      vertex 17.0213 18.9041 4
      vertex 16.2148 19.6003 0
    endloop
  endfacet
  facet normal -0.653446 -0.756973 -0
    outer loop
      vertex 16.2148 19.6003 4
      vertex 16.2148 19.6003 0
      vertex 17.0213 18.9041 4
    endloop
  endfacet
  facet normal -0.684562 -0.728955 0
    outer loop
      vertex 17.798 18.1747 0
      vertex 17.798 18.1747 4
      vertex 17.0213 18.9041 0
    endloop
  endfacet
  facet normal -0.684562 -0.728955 -0
    outer loop
      vertex 17.0213 18.9041 4
      vertex 17.0213 18.9041 0
      vertex 17.798 18.1747 4
    endloop
  endfacet
  facet normal -0.714436 -0.699701 0
    outer loop
      vertex 18.5435 17.4135 0
      vertex 18.5435 17.4135 4
      vertex 17.798 18.1747 0
    endloop
  endfacet
  facet normal -0.714436 -0.699701 -0
    outer loop
      vertex 17.798 18.1747 4
      vertex 17.798 18.1747 0
      vertex 18.5435 17.4135 4
    endloop
  endfacet
  facet normal -0.743163 -0.66911 0
    outer loop
      vertex 19.2564 16.6217 0
      vertex 19.2564 16.6217 4
      vertex 18.5435 17.4135 0
    endloop
  endfacet
  facet normal -0.743163 -0.66911 -0
    outer loop
      vertex 18.5435 17.4135 4
      vertex 18.5435 17.4135 0
      vertex 19.2564 16.6217 4
    endloop
  endfacet
  facet normal -0.770471 -0.637476 0
    outer loop
      vertex 19.9356 15.8008 0
      vertex 19.9356 15.8008 4
      vertex 19.2564 16.6217 0
    endloop
  endfacet
  facet normal -0.770471 -0.637476 -0
    outer loop
      vertex 19.2564 16.6217 4
      vertex 19.2564 16.6217 0
      vertex 19.9356 15.8008 4
    endloop
  endfacet
  facet normal -0.796529 -0.6046 0
    outer loop
      vertex 20.5798 14.9521 0
      vertex 20.5798 14.9521 4
      vertex 19.9356 15.8008 0
    endloop
  endfacet
  facet normal -0.796529 -0.6046 -0
    outer loop
      vertex 19.9356 15.8008 4
      vertex 19.9356 15.8008 0
      vertex 20.5798 14.9521 4
    endloop
  endfacet
  facet normal -0.821181 -0.570668 0
    outer loop
      vertex 21.1878 14.0772 0
      vertex 21.1878 14.0772 4
      vertex 20.5798 14.9521 0
    endloop
  endfacet
  facet normal -0.821181 -0.570668 -0
    outer loop
      vertex 20.5798 14.9521 4
      vertex 20.5798 14.9521 0
      vertex 21.1878 14.0772 4
    endloop
  endfacet
  facet normal -0.844329 -0.535824 0
    outer loop
      vertex 21.7587 13.1776 0
      vertex 21.7587 13.1776 4
      vertex 21.1878 14.0772 0
    endloop
  endfacet
  facet normal -0.844329 -0.535824 -0
    outer loop
      vertex 21.1878 14.0772 4
      vertex 21.1878 14.0772 0
      vertex 21.7587 13.1776 4
    endloop
  endfacet
  facet normal -0.866017 -0.500015 0
    outer loop
      vertex 22.2915 12.2548 0
      vertex 22.2915 12.2548 4
      vertex 21.7587 13.1776 0
    endloop
  endfacet
  facet normal -0.866017 -0.500015 -0
    outer loop
      vertex 21.7587 13.1776 4
      vertex 21.7587 13.1776 0
      vertex 22.2915 12.2548 4
    endloop
  endfacet
  facet normal -0.88621 -0.463284 0
    outer loop
      vertex 22.7851 11.3106 0
      vertex 22.7851 11.3106 4
      vertex 22.2915 12.2548 0
    endloop
  endfacet
  facet normal -0.88621 -0.463284 -0
    outer loop
      vertex 22.2915 12.2548 4
      vertex 22.2915 12.2548 0
      vertex 22.7851 11.3106 4
    endloop
  endfacet
  facet normal -0.9048 -0.425838 0
    outer loop
      vertex 23.2388 10.3466 0
      vertex 23.2388 10.3466 4
      vertex 22.7851 11.3106 0
    endloop
  endfacet
  facet normal -0.9048 -0.425838 -0
    outer loop
      vertex 22.7851 11.3106 4
      vertex 22.7851 11.3106 0
      vertex 23.2388 10.3466 4
    endloop
  endfacet
  facet normal -0.921897 -0.387436 0
    outer loop
      vertex 23.6516 9.36435 0
      vertex 23.6516 9.36435 4
      vertex 23.2388 10.3466 0
    endloop
  endfacet
  facet normal -0.921897 -0.387436 -0
    outer loop
      vertex 23.2388 10.3466 4
      vertex 23.2388 10.3466 0
      vertex 23.6516 9.36435 4
    endloop
  endfacet
  facet normal -0.937279 -0.34858 0
    outer loop
      vertex 24.023 8.36571 0
      vertex 24.023 8.36571 4
      vertex 23.6516 9.36435 0
    endloop
  endfacet
  facet normal -0.937279 -0.34858 -0
    outer loop
      vertex 23.6516 9.36435 4
      vertex 23.6516 9.36435 0
      vertex 24.023 8.36571 4
    endloop
  endfacet
  facet normal -0.951042 -0.309061 0
    outer loop
      vertex 24.3523 7.35239 0
      vertex 24.3523 7.35239 4
      vertex 24.023 8.36571 0
    endloop
  endfacet
  facet normal -0.951042 -0.309061 -0
    outer loop
      vertex 24.023 8.36571 4
      vertex 24.023 8.36571 0
      vertex 24.3523 7.35239 4
    endloop
  endfacet
  facet normal -0.963169 -0.268897 0
    outer loop
      vertex 24.6388 6.32617 0
      vertex 24.6388 6.32617 4
      vertex 24.3523 7.35239 0
    endloop
  endfacet
  facet normal -0.963169 -0.268897 -0
    outer loop
      vertex 24.3523 7.35239 4
      vertex 24.3523 7.35239 0
      vertex 24.6388 6.32617 4
    endloop
  endfacet
  facet normal -0.973579 -0.22835 0
    outer loop
      vertex 24.8821 5.28885 0
      vertex 24.8821 5.28885 4
      vertex 24.6388 6.32617 0
    endloop
  endfacet
  facet normal -0.973579 -0.22835 -0
    outer loop
      vertex 24.6388 6.32617 4
      vertex 24.6388 6.32617 0
      vertex 24.8821 5.28885 4
    endloop
  endfacet
  facet normal -0.982279 -0.187427 0
    outer loop
      vertex 25.0818 4.24225 0
      vertex 25.0818 4.24225 4
      vertex 24.8821 5.28885 0
    endloop
  endfacet
  facet normal -0.982279 -0.187427 -0
    outer loop
      vertex 24.8821 5.28885 4
      vertex 24.8821 5.28885 0
      vertex 25.0818 4.24225 4
    endloop
  endfacet
  facet normal -0.989279 -0.146041 0
    outer loop
      vertex 25.2374 3.18822 0
      vertex 25.2374 3.18822 4
      vertex 25.0818 4.24225 0
    endloop
  endfacet
  facet normal -0.989279 -0.146041 -0
    outer loop
      vertex 25.0818 4.24225 4
      vertex 25.0818 4.24225 0
      vertex 25.2374 3.18822 4
    endloop
  endfacet
  facet normal -0.994519 -0.104555 0
    outer loop
      vertex 25.3488 2.12859 0
      vertex 25.3488 2.12859 4
      vertex 25.2374 3.18822 0
    endloop
  endfacet
  facet normal -0.994519 -0.104555 -0
    outer loop
      vertex 25.2374 3.18822 4
      vertex 25.2374 3.18822 0
      vertex 25.3488 2.12859 4
    endloop
  endfacet
  facet normal -0.998027 -0.0627896 0
    outer loop
      vertex 25.4157 1.06523 0
      vertex 25.4157 1.06523 4
      vertex 25.3488 2.12859 0
    endloop
  endfacet
  facet normal -0.998027 -0.0627896 -0
    outer loop
      vertex 25.3488 2.12859 4
      vertex 25.3488 2.12859 0
      vertex 25.4157 1.06523 4
    endloop
  endfacet
  facet normal -0.999781 -0.0209299 0
    outer loop
      vertex 25.438 0 0
      vertex 25.438 0 4
      vertex 25.4157 1.06523 0
    endloop
  endfacet
  facet normal -0.999781 -0.0209299 -0
    outer loop
      vertex 25.4157 1.06523 4
      vertex 25.4157 1.06523 0
      vertex 25.438 0 4
    endloop
  endfacet
  facet normal -0.999781 0.0209299 0
    outer loop
      vertex 25.4157 -1.06523 0
      vertex 25.4157 -1.06523 4
      vertex 25.438 0 0
    endloop
  endfacet
  facet normal -0.999781 0.0209299 0
    outer loop
      vertex 25.438 0 4
      vertex 25.438 0 0
      vertex 25.4157 -1.06523 4
    endloop
  endfacet
  facet normal -0.998027 0.0627896 0
    outer loop
      vertex 25.3488 -2.12859 0
      vertex 25.3488 -2.12859 4
      vertex 25.4157 -1.06523 0
    endloop
  endfacet
  facet normal -0.998027 0.0627896 0
    outer loop
      vertex 25.4157 -1.06523 4
      vertex 25.4157 -1.06523 0
      vertex 25.3488 -2.12859 4
    endloop
  endfacet
  facet normal -0.994519 0.104555 0
    outer loop
      vertex 25.2374 -3.18822 0
      vertex 25.2374 -3.18822 4
      vertex 25.3488 -2.12859 0
    endloop
  endfacet
  facet normal -0.994519 0.104555 0
    outer loop
      vertex 25.3488 -2.12859 4
      vertex 25.3488 -2.12859 0
      vertex 25.2374 -3.18822 4
    endloop
  endfacet
  facet normal -0.989279 0.146041 0
    outer loop
      vertex 25.0818 -4.24225 0
      vertex 25.0818 -4.24225 4
      vertex 25.2374 -3.18822 0
    endloop
  endfacet
  facet normal -0.989279 0.146041 0
    outer loop
      vertex 25.2374 -3.18822 4
      vertex 25.2374 -3.18822 0
      vertex 25.0818 -4.24225 4
    endloop
  endfacet
  facet normal -0.982279 0.187427 0
    outer loop
      vertex 24.8821 -5.28885 0
      vertex 24.8821 -5.28885 4
      vertex 25.0818 -4.24225 0
    endloop
  endfacet
  facet normal -0.982279 0.187427 0
    outer loop
      vertex 25.0818 -4.24225 4
      vertex 25.0818 -4.24225 0
      vertex 24.8821 -5.28885 4
    endloop
  endfacet
  facet normal -0.973579 0.22835 0
    outer loop
      vertex 24.6388 -6.32617 0
      vertex 24.6388 -6.32617 4
      vertex 24.8821 -5.28885 0
    endloop
  endfacet
  facet normal -0.973579 0.22835 0
    outer loop
      vertex 24.8821 -5.28885 4
      vertex 24.8821 -5.28885 0
      vertex 24.6388 -6.32617 4
    endloop
  endfacet
  facet normal -0.963169 0.268897 0
    outer loop
      vertex 24.3523 -7.35239 0
      vertex 24.3523 -7.35239 4
      vertex 24.6388 -6.32617 0
    endloop
  endfacet
  facet normal -0.963169 0.268897 0
    outer loop
      vertex 24.6388 -6.32617 4
      vertex 24.6388 -6.32617 0
      vertex 24.3523 -7.35239 4
    endloop
  endfacet
  facet normal -0.951042 0.309061 0
    outer loop
      vertex 24.023 -8.36571 0
      vertex 24.023 -8.36571 4
      vertex 24.3523 -7.35239 0
    endloop
  endfacet
  facet normal -0.951042 0.309061 0
    outer loop
      vertex 24.3523 -7.35239 4
      vertex 24.3523 -7.35239 0
      vertex 24.023 -8.36571 4
    endloop
  endfacet
  facet normal -0.937279 0.34858 0
    outer loop
      vertex 23.6516 -9.36435 0
      vertex 23.6516 -9.36435 4
      vertex 24.023 -8.36571 0
    endloop
  endfacet
  facet normal -0.937279 0.34858 0
    outer loop
      vertex 24.023 -8.36571 4
      vertex 24.023 -8.36571 0
      vertex 23.6516 -9.36435 4
    endloop
  endfacet
  facet normal -0.921897 0.387436 0
    outer loop
      vertex 23.2388 -10.3466 0
      vertex 23.2388 -10.3466 4
      vertex 23.6516 -9.36435 0
    endloop
  endfacet
  facet normal -0.921897 0.387436 0
    outer loop
      vertex 23.6516 -9.36435 4
      vertex 23.6516 -9.36435 0
      vertex 23.2388 -10.3466 4
    endloop
  endfacet
  facet normal -0.9048 0.425838 0
    outer loop
      vertex 22.7851 -11.3106 0
      vertex 22.7851 -11.3106 4
      vertex 23.2388 -10.3466 0
    endloop
  endfacet
  facet normal -0.9048 0.425838 0
    outer loop
      vertex 23.2388 -10.3466 4
      vertex 23.2388 -10.3466 0
      vertex 22.7851 -11.3106 4
    endloop
  endfacet
  facet normal -0.88621 0.463284 0
    outer loop
      vertex 22.2915 -12.2548 0
      vertex 22.2915 -12.2548 4
      vertex 22.7851 -11.3106 0
    endloop
  endfacet
  facet normal -0.88621 0.463284 0
    outer loop
      vertex 22.7851 -11.3106 4
      vertex 22.7851 -11.3106 0
      vertex 22.2915 -12.2548 4
    endloop
  endfacet
  facet normal -0.866017 0.500015 0
    outer loop
      vertex 21.7587 -13.1776 0
      vertex 21.7587 -13.1776 4
      vertex 22.2915 -12.2548 0
    endloop
  endfacet
  facet normal -0.866017 0.500015 0
    outer loop
      vertex 22.2915 -12.2548 4
      vertex 22.2915 -12.2548 0
      vertex 21.7587 -13.1776 4
    endloop
  endfacet
  facet normal -0.844329 0.535824 0
    outer loop
      vertex 21.1878 -14.0772 0
      vertex 21.1878 -14.0772 4
      vertex 21.7587 -13.1776 0
    endloop
  endfacet
  facet normal -0.844329 0.535824 0
    outer loop
      vertex 21.7587 -13.1776 4
      vertex 21.7587 -13.1776 0
      vertex 21.1878 -14.0772 4
    endloop
  endfacet
  facet normal -0.821181 0.570668 0
    outer loop
      vertex 20.5798 -14.9521 0
      vertex 20.5798 -14.9521 4
      vertex 21.1878 -14.0772 0
    endloop
  endfacet
  facet normal -0.821181 0.570668 0
    outer loop
      vertex 21.1878 -14.0772 4
      vertex 21.1878 -14.0772 0
      vertex 20.5798 -14.9521 4
    endloop
  endfacet
  facet normal -0.796529 0.6046 0
    outer loop
      vertex 19.9356 -15.8008 0
      vertex 19.9356 -15.8008 4
      vertex 20.5798 -14.9521 0
    endloop
  endfacet
  facet normal -0.796529 0.6046 0
    outer loop
      vertex 20.5798 -14.9521 4
      vertex 20.5798 -14.9521 0
      vertex 19.9356 -15.8008 4
    endloop
  endfacet
  facet normal -0.770471 0.637476 0
    outer loop
      vertex 19.2564 -16.6217 0
      vertex 19.2564 -16.6217 4
      vertex 19.9356 -15.8008 0
    endloop
  endfacet
  facet normal -0.770471 0.637476 0
    outer loop
      vertex 19.9356 -15.8008 4
      vertex 19.9356 -15.8008 0
      vertex 19.2564 -16.6217 4
    endloop
  endfacet
  facet normal -0.743163 0.66911 0
    outer loop
      vertex 18.5435 -17.4135 0
      vertex 18.5435 -17.4135 4
      vertex 19.2564 -16.6217 0
    endloop
  endfacet
  facet normal -0.743163 0.66911 0
    outer loop
      vertex 19.2564 -16.6217 4
      vertex 19.2564 -16.6217 0
      vertex 18.5435 -17.4135 4
    endloop
  endfacet
  facet normal -0.714436 0.699701 0
    outer loop
      vertex 17.798 -18.1747 0
      vertex 17.798 -18.1747 4
      vertex 18.5435 -17.4135 0
    endloop
  endfacet
  facet normal -0.714436 0.699701 0
    outer loop
      vertex 18.5435 -17.4135 4
      vertex 18.5435 -17.4135 0
      vertex 17.798 -18.1747 4
    endloop
  endfacet
  facet normal -0.684562 0.728955 0
    outer loop
      vertex 17.0213 -18.9041 0
      vertex 17.0213 -18.9041 4
      vertex 17.798 -18.1747 0
    endloop
  endfacet
  facet normal -0.684562 0.728955 0
    outer loop
      vertex 17.798 -18.1747 4
      vertex 17.798 -18.1747 0
      vertex 17.0213 -18.9041 4
    endloop
  endfacet
  facet normal -0.653446 0.756973 0
    outer loop
      vertex 16.2148 -19.6003 0
      vertex 16.2148 -19.6003 4
      vertex 17.0213 -18.9041 0
    endloop
  endfacet
  facet normal -0.653446 0.756973 0
    outer loop
      vertex 17.0213 -18.9041 4
      vertex 17.0213 -18.9041 0
      vertex 16.2148 -19.6003 4
    endloop
  endfacet
  facet normal -0.62114 0.783699 0
    outer loop
      vertex 15.3798 -20.2621 0
      vertex 15.3798 -20.2621 4
      vertex 16.2148 -19.6003 0
    endloop
  endfacet
  facet normal -0.62114 0.783699 0
    outer loop
      vertex 16.2148 -19.6003 4
      vertex 16.2148 -19.6003 0
      vertex 15.3798 -20.2621 4
    endloop
  endfacet
  facet normal -0.587798 0.809008 0
    outer loop
      vertex 14.5178 -20.8884 0
      vertex 14.5178 -20.8884 4
      vertex 15.3798 -20.2621 0
    endloop
  endfacet
  facet normal -0.587798 0.809008 0
    outer loop
      vertex 15.3798 -20.2621 4
      vertex 15.3798 -20.2621 0
      vertex 14.5178 -20.8884 4
    endloop
  endfacet
  facet normal -0.5534 0.832916 0
    outer loop
      vertex 13.6304 -21.478 0
      vertex 13.6304 -21.478 4
      vertex 14.5178 -20.8884 0
    endloop
  endfacet
  facet normal -0.5534 0.832916 0
    outer loop
      vertex 14.5178 -20.8884 4
      vertex 14.5178 -20.8884 0
      vertex 13.6304 -21.478 4
    endloop
  endfacet
  facet normal -0.518052 0.855349 0
    outer loop
      vertex 12.719 -22.03 0
      vertex 12.719 -22.03 4
      vertex 13.6304 -21.478 0
    endloop
  endfacet
  facet normal -0.518052 0.855349 0
    outer loop
      vertex 13.6304 -21.478 4
      vertex 13.6304 -21.478 0
      vertex 12.719 -22.03 4
    endloop
  endfacet
  facet normal -0.481677 0.876349 0
    outer loop
      vertex 11.7853 -22.5432 0
      vertex 11.7853 -22.5432 4
      vertex 12.719 -22.03 0
    endloop
  endfacet
  facet normal -0.481677 0.876349 0
    outer loop
      vertex 12.719 -22.03 4
      vertex 12.719 -22.03 0
      vertex 11.7853 -22.5432 4
    endloop
  endfacet
  facet normal -0.444696 0.895681 0
    outer loop
      vertex 10.831 -23.017 0
      vertex 10.831 -23.017 4
      vertex 11.7853 -22.5432 0
    endloop
  endfacet
  facet normal -0.444696 0.895681 0
    outer loop
      vertex 11.7853 -22.5432 4
      vertex 11.7853 -22.5432 0
      vertex 10.831 -23.017 4
    endloop
  endfacet
  facet normal -0.406677 0.913572 0
    outer loop
      vertex 9.85762 -23.4503 0
      vertex 9.85762 -23.4503 4
      vertex 10.831 -23.017 0
    endloop
  endfacet
  facet normal -0.406677 0.913572 0
    outer loop
      vertex 10.831 -23.017 4
      vertex 10.831 -23.017 0
      vertex 9.85762 -23.4503 4
    endloop
  endfacet
  facet normal -0.368185 0.929753 0
    outer loop
      vertex 8.86697 -23.8426 0
      vertex 8.86697 -23.8426 4
      vertex 9.85762 -23.4503 0
    endloop
  endfacet
  facet normal -0.368185 0.929753 0
    outer loop
      vertex 9.85762 -23.4503 4
      vertex 9.85762 -23.4503 0
      vertex 8.86697 -23.8426 4
    endloop
  endfacet
  facet normal -0.328867 0.944376 0
    outer loop
      vertex 7.86076 -24.193 0
      vertex 7.86076 -24.193 4
      vertex 8.86697 -23.8426 0
    endloop
  endfacet
  facet normal -0.328867 0.944376 0
    outer loop
      vertex 8.86697 -23.8426 4
      vertex 8.86697 -23.8426 0
      vertex 7.86076 -24.193 4
    endloop
  endfacet
  facet normal -0.288986 0.957333 0
    outer loop
      vertex 6.84077 -24.5009 0
      vertex 6.84077 -24.5009 4
      vertex 7.86076 -24.193 0
    endloop
  endfacet
  facet normal -0.288986 0.957333 0
    outer loop
      vertex 7.86076 -24.193 4
      vertex 7.86076 -24.193 0
      vertex 6.84077 -24.5009 4
    endloop
  endfacet
  facet normal -0.248716 0.968576 0
    outer loop
      vertex 5.80878 -24.7659 0
      vertex 5.80878 -24.7659 4
      vertex 6.84077 -24.5009 0
    endloop
  endfacet
  facet normal -0.248716 0.968576 0
    outer loop
      vertex 6.84077 -24.5009 4
      vertex 6.84077 -24.5009 0
      vertex 5.80878 -24.7659 4
    endloop
  endfacet
  facet normal -0.207892 0.978152 0
    outer loop
      vertex 4.7666 -24.9874 0
      vertex 4.7666 -24.9874 4
      vertex 5.80878 -24.7659 0
    endloop
  endfacet
  facet normal -0.207892 0.978152 0
    outer loop
      vertex 5.80878 -24.7659 4
      vertex 5.80878 -24.7659 0
      vertex 4.7666 -24.9874 4
    endloop
  endfacet
  facet normal -0.16678 0.985994 0
    outer loop
      vertex 3.71605 -25.1651 0
      vertex 3.71605 -25.1651 4
      vertex 4.7666 -24.9874 0
    endloop
  endfacet
  facet normal -0.16678 0.985994 0
    outer loop
      vertex 4.7666 -24.9874 4
      vertex 4.7666 -24.9874 0
      vertex 3.71605 -25.1651 4
    endloop
  endfacet
  facet normal -0.125297 0.992119 0
    outer loop
      vertex 2.65898 -25.2986 0
      vertex 2.65898 -25.2986 4
      vertex 3.71605 -25.1651 0
    endloop
  endfacet
  facet normal -0.125297 0.992119 0
    outer loop
      vertex 3.71605 -25.1651 4
      vertex 3.71605 -25.1651 0
      vertex 2.65898 -25.2986 4
    endloop
  endfacet
  facet normal -0.0837197 0.996489 0
    outer loop
      vertex 1.59726 -25.3878 0
      vertex 1.59726 -25.3878 4
      vertex 2.65898 -25.2986 0
    endloop
  endfacet
  facet normal -0.0837197 0.996489 0
    outer loop
      vertex 2.65898 -25.2986 4
      vertex 2.65898 -25.2986 0
      vertex 1.59726 -25.3878 4
    endloop
  endfacet
  facet normal -0.0418597 0.999123 0
    outer loop
      vertex 0.53273 -25.4324 0
      vertex 0.53273 -25.4324 4
      vertex 1.59726 -25.3878 0
    endloop
  endfacet
  facet normal -0.0418597 0.999123 0
    outer loop
      vertex 1.59726 -25.3878 4
      vertex 1.59726 -25.3878 0
      vertex 0.53273 -25.4324 4
    endloop
  endfacet
  facet normal 0 1 0
    outer loop
      vertex -0.53273 -25.4324 0
      vertex -0.53273 -25.4324 4
      vertex 0.53273 -25.4324 0
    endloop
  endfacet
  facet normal 0 1 0
    outer loop
      vertex 0.53273 -25.4324 4
      vertex 0.53273 -25.4324 0
      vertex -0.53273 -25.4324 4
    endloop
  endfacet
  facet normal 0.308957 0.951076 0
    outer loop
      vertex 9.22461 29.0723 0
      vertex 9.62541 28.9421 4
      vertex 9.62541 28.9421 0
    endloop
  endfacet
  facet normal 0.308957 0.951076 -0
    outer loop
      vertex 9.22461 29.0723 0
      vertex 9.22461 29.0723 4
      vertex 9.62541 28.9421 4
    endloop
  endfacet
  facet normal -0.788013 0.615659 0
    outer loop
      vertex 8.48755 28.1289 0
      vertex 9.22461 29.0723 4
      vertex 9.22461 29.0723 0
    endloop
  endfacet
  facet normal -0.788013 0.615659 0
    outer loop
      vertex 8.48755 28.1289 0
      vertex 8.48755 28.1289 4
      vertex 9.22461 29.0723 4
    endloop
  endfacet
  facet normal -0.309026 -0.951054 0
    outer loop
      vertex 9.66719 27.7456 0
      vertex 8.48755 28.1289 4
      vertex 8.48755 28.1289 0
    endloop
  endfacet
  facet normal -0.309026 -0.951054 0
    outer loop
      vertex 9.66719 27.7456 0
      vertex 9.66719 27.7456 4
      vertex 8.48755 28.1289 4
    endloop
  endfacet
  facet normal 0.999391 0.0348972 0
    outer loop
      vertex 9.62541 28.9421 0
      vertex 9.66719 27.7456 4
      vertex 9.66719 27.7456 0
    endloop
  endfacet
  facet normal 0.999391 0.0348972 -0
    outer loop
      vertex 9.62541 28.9421 0
      vertex 9.62541 28.9421 4
      vertex 9.66719 27.7456 4
    endloop
  endfacet
  facet normal 0.788013 0.615659 0
    outer loop
      vertex -9.22461 29.0723 0
      vertex -8.48755 28.1289 4
      vertex -8.48755 28.1289 0
    endloop
  endfacet
  facet normal 0.788013 0.615659 -0
    outer loop
      vertex -9.22461 29.0723 0
      vertex -9.22461 29.0723 4
      vertex -8.48755 28.1289 4
    endloop
  endfacet
  facet normal -0.308957 0.951076 0
    outer loop
      vertex -9.62541 28.9421 0
      vertex -9.22461 29.0723 4
      vertex -9.22461 29.0723 0
    endloop
  endfacet
  facet normal -0.308957 0.951076 0
    outer loop
      vertex -9.62541 28.9421 0
      vertex -9.62541 28.9421 4
      vertex -9.22461 29.0723 4
    endloop
  endfacet
  facet normal -0.999391 0.0348972 0
    outer loop
      vertex -9.66719 27.7456 0
      vertex -9.62541 28.9421 4
      vertex -9.62541 28.9421 0
    endloop
  endfacet
  facet normal -0.999391 0.0348972 0
    outer loop
      vertex -9.66719 27.7456 0
      vertex -9.66719 27.7456 4
      vertex -9.62541 28.9421 4
    endloop
  endfacet
  facet normal 0.309026 -0.951054 0
    outer loop
      vertex -8.48755 28.1289 0
      vertex -9.66719 27.7456 4
      vertex -9.66719 27.7456 0
    endloop
  endfacet
  facet normal 0.309026 -0.951054 0
    outer loop
      vertex -8.48755 28.1289 0
      vertex -8.48755 28.1289 4
      vertex -9.66719 27.7456 4
    endloop
  endfacet
  facet normal 0.358343 0.93359 0
    outer loop
      vertex 10.7335 28.5497 0
      vertex 11.1269 28.3987 4
      vertex 11.1269 28.3987 0
    endloop
  endfacet
  facet normal 0.358343 0.93359 -0
    outer loop
      vertex 10.7335 28.5497 0
      vertex 10.7335 28.5497 4
      vertex 11.1269 28.3987 4
    endloop
  endfacet
  facet normal -0.754693 0.656078 0
    outer loop
      vertex 9.94806 27.6462 0
      vertex 10.7335 28.5497 4
      vertex 10.7335 28.5497 0
    endloop
  endfacet
  facet normal -0.754693 0.656078 0
    outer loop
      vertex 9.94806 27.6462 0
      vertex 9.94806 27.6462 4
      vertex 10.7335 28.5497 4
    endloop
  endfacet
  facet normal -0.358374 -0.933578 0
    outer loop
      vertex 11.106 27.2017 0
      vertex 9.94806 27.6462 4
      vertex 9.94806 27.6462 0
    endloop
  endfacet
  facet normal -0.358374 -0.933578 0
    outer loop
      vertex 11.106 27.2017 0
      vertex 11.106 27.2017 4
      vertex 9.94806 27.6462 4
    endloop
  endfacet
  facet normal 0.999848 -0.0174577 0
    outer loop
      vertex 11.1269 28.3987 0
      vertex 11.106 27.2017 4
      vertex 11.106 27.2017 0
    endloop
  endfacet
  facet normal 0.999848 -0.0174577 0
    outer loop
      vertex 11.1269 28.3987 0
      vertex 11.1269 28.3987 4
      vertex 11.106 27.2017 4
    endloop
  endfacet
  facet normal 0.754693 0.656078 0
    outer loop
      vertex -10.7335 28.5497 0
      vertex -9.94806 27.6462 4
      vertex -9.94806 27.6462 0
    endloop
  endfacet
  facet normal 0.754693 0.656078 -0
    outer loop
      vertex -10.7335 28.5497 0
      vertex -10.7335 28.5497 4
      vertex -9.94806 27.6462 4
    endloop
  endfacet
  facet normal -0.358343 0.93359 0
    outer loop
      vertex -11.1269 28.3987 0
      vertex -10.7335 28.5497 4
      vertex -10.7335 28.5497 0
    endloop
  endfacet
  facet normal -0.358343 0.93359 0
    outer loop
      vertex -11.1269 28.3987 0
      vertex -11.1269 28.3987 4
      vertex -10.7335 28.5497 4
    endloop
  endfacet
  facet normal -0.999848 -0.0174577 0
    outer loop
      vertex -11.106 27.2017 0
      vertex -11.1269 28.3987 4
      vertex -11.1269 28.3987 0
    endloop
  endfacet
  facet normal -0.999848 -0.0174577 0
    outer loop
      vertex -11.106 27.2017 0
      vertex -11.106 27.2017 4
      vertex -11.1269 28.3987 4
    endloop
  endfacet
  facet normal 0.358374 -0.933578 0
    outer loop
      vertex -9.94806 27.6462 0
      vertex -11.106 27.2017 4
      vertex -11.106 27.2017 0
    endloop
  endfacet
  facet normal 0.358374 -0.933578 0
    outer loop
      vertex -9.94806 27.6462 0
      vertex -9.94806 27.6462 4
      vertex -11.106 27.2017 4
    endloop
  endfacet
  facet normal 0.719319 0.694679 0
    outer loop
      vertex -12.213 27.9488 0
      vertex -11.3813 27.0876 4
      vertex -11.3813 27.0876 0
    endloop
  endfacet
  facet normal 0.719319 0.694679 -0
    outer loop
      vertex -12.213 27.9488 0
      vertex -12.213 27.9488 4
      vertex -11.3813 27.0876 4
    endloop
  endfacet
  facet normal -0.406799 0.913518 0
    outer loop
      vertex -12.5979 27.7774 0
      vertex -12.213 27.9488 4
      vertex -12.213 27.9488 0
    endloop
  endfacet
  facet normal -0.406799 0.913518 0
    outer loop
      vertex -12.5979 27.7774 0
      vertex -12.5979 27.7774 4
      vertex -12.213 27.9488 4
    endloop
  endfacet
  facet normal -0.997565 -0.0697452 0
    outer loop
      vertex -12.5144 26.5831 0
      vertex -12.5979 27.7774 4
      vertex -12.5979 27.7774 0
    endloop
  endfacet
  facet normal -0.997565 -0.0697452 0
    outer loop
      vertex -12.5144 26.5831 0
      vertex -12.5144 26.5831 4
      vertex -12.5979 27.7774 4
    endloop
  endfacet
  facet normal 0.406744 -0.913542 0
    outer loop
      vertex -11.3813 27.0876 0
      vertex -12.5144 26.5831 4
      vertex -12.5144 26.5831 0
    endloop
  endfacet
  facet normal 0.406744 -0.913542 0
    outer loop
      vertex -11.3813 27.0876 0
      vertex -11.3813 27.0876 4
      vertex -12.5144 26.5831 4
    endloop
  endfacet
  facet normal 0.406799 0.913518 0
    outer loop
      vertex 12.213 27.9488 0
      vertex 12.5979 27.7774 4
      vertex 12.5979 27.7774 0
    endloop
  endfacet
  facet normal 0.406799 0.913518 -0
    outer loop
      vertex 12.213 27.9488 0
      vertex 12.213 27.9488 4
      vertex 12.5979 27.7774 4
    endloop
  endfacet
  facet normal -0.719319 0.694679 0
    outer loop
      vertex 11.3813 27.0876 0
      vertex 12.213 27.9488 4
      vertex 12.213 27.9488 0
    endloop
  endfacet
  facet normal -0.719319 0.694679 0
    outer loop
      vertex 11.3813 27.0876 0
      vertex 11.3813 27.0876 4
      vertex 12.213 27.9488 4
    endloop
  endfacet
  facet normal -0.406744 -0.913542 0
    outer loop
      vertex 12.5144 26.5831 0
      vertex 11.3813 27.0876 4
      vertex 11.3813 27.0876 0
    endloop
  endfacet
  facet normal -0.406744 -0.913542 0
    outer loop
      vertex 12.5144 26.5831 0
      vertex 12.5144 26.5831 4
      vertex 11.3813 27.0876 4
    endloop
  endfacet
  facet normal 0.997565 -0.0697452 0
    outer loop
      vertex 12.5979 27.7774 0
      vertex 12.5144 26.5831 4
      vertex 12.5144 26.5831 0
    endloop
  endfacet
  facet normal 0.997565 -0.0697452 0
    outer loop
      vertex 12.5979 27.7774 0
      vertex 12.5979 27.7774 4
      vertex 12.5144 26.5831 4
    endloop
  endfacet
  facet normal 0.681949 0.7314 0
    outer loop
      vertex -13.659 27.2713 0
      vertex -12.7834 26.4549 4
      vertex -12.7834 26.4549 0
    endloop
  endfacet
  facet normal 0.681949 0.7314 -0
    outer loop
      vertex -13.659 27.2713 0
      vertex -13.659 27.2713 4
      vertex -12.7834 26.4549 4
    endloop
  endfacet
  facet normal -0.454036 0.890983 0
    outer loop
      vertex -14.0344 27.08 0
      vertex -13.659 27.2713 4
      vertex -13.659 27.2713 0
    endloop
  endfacet
  facet normal -0.454036 0.890983 0
    outer loop
      vertex -14.0344 27.08 0
      vertex -14.0344 27.08 4
      vertex -13.659 27.2713 4
    endloop
  endfacet
  facet normal -0.992545 -0.121875 0
    outer loop
      vertex -13.8885 25.8918 0
      vertex -14.0344 27.08 4
      vertex -14.0344 27.08 0
    endloop
  endfacet
  facet normal -0.992545 -0.121875 0
    outer loop
      vertex -13.8885 25.8918 0
      vertex -13.8885 25.8918 4
      vertex -14.0344 27.08 4
    endloop
  endfacet
  facet normal 0.454005 -0.890999 0
    outer loop
      vertex -12.7834 26.4549 0
      vertex -13.8885 25.8918 4
      vertex -13.8885 25.8918 0
    endloop
  endfacet
  facet normal 0.454005 -0.890999 0
    outer loop
      vertex -12.7834 26.4549 0
      vertex -12.7834 26.4549 4
      vertex -13.8885 25.8918 4
    endloop
  endfacet
  facet normal 0.454036 0.890983 0
    outer loop
      vertex 13.659 27.2713 0
      vertex 14.0344 27.08 4
      vertex 14.0344 27.08 0
    endloop
  endfacet
  facet normal 0.454036 0.890983 -0
    outer loop
      vertex 13.659 27.2713 0
      vertex 13.659 27.2713 4
      vertex 14.0344 27.08 4
    endloop
  endfacet
  facet normal -0.681949 0.7314 0
    outer loop
      vertex 12.7834 26.4549 0
      vertex 13.659 27.2713 4
      vertex 13.659 27.2713 0
    endloop
  endfacet
  facet normal -0.681949 0.7314 0
    outer loop
      vertex 12.7834 26.4549 0
      vertex 12.7834 26.4549 4
      vertex 13.659 27.2713 4
    endloop
  endfacet
  facet normal -0.454005 -0.890999 0
    outer loop
      vertex 13.8885 25.8918 0
      vertex 12.7834 26.4549 4
      vertex 12.7834 26.4549 0
    endloop
  endfacet
  facet normal -0.454005 -0.890999 0
    outer loop
      vertex 13.8885 25.8918 0
      vertex 13.8885 25.8918 4
      vertex 12.7834 26.4549 4
    endloop
  endfacet
  facet normal 0.992545 -0.121875 0
    outer loop
      vertex 14.0344 27.08 0
      vertex 13.8885 25.8918 4
      vertex 13.8885 25.8918 0
    endloop
  endfacet
  facet normal 0.992545 -0.121875 0
    outer loop
      vertex 14.0344 27.08 0
      vertex 14.0344 27.08 4
      vertex 13.8885 25.8918 4
    endloop
  endfacet
  facet normal 0.499942 0.866059 0
    outer loop
      vertex 15.0675 26.5191 0
      vertex 15.4325 26.3084 4
      vertex 15.4325 26.3084 0
    endloop
  endfacet
  facet normal 0.499942 0.866059 -0
    outer loop
      vertex 15.0675 26.5191 0
      vertex 15.0675 26.5191 4
      vertex 15.4325 26.3084 4
    endloop
  endfacet
  facet normal -0.642769 0.76606 0
    outer loop
      vertex 14.1504 25.7496 0
      vertex 15.0675 26.5191 4
      vertex 15.0675 26.5191 0
    endloop
  endfacet
  facet normal -0.642769 0.76606 0
    outer loop
      vertex 14.1504 25.7496 0
      vertex 14.1504 25.7496 4
      vertex 15.0675 26.5191 4
    endloop
  endfacet
  facet normal -0.500006 -0.866022 0
    outer loop
      vertex 15.2246 25.1294 0
      vertex 14.1504 25.7496 4
      vertex 14.1504 25.7496 0
    endloop
  endfacet
  facet normal -0.500006 -0.866022 0
    outer loop
      vertex 15.2246 25.1294 0
      vertex 15.2246 25.1294 4
      vertex 14.1504 25.7496 4
    endloop
  endfacet
  facet normal 0.984806 -0.173657 0
    outer loop
      vertex 15.4325 26.3084 0
      vertex 15.2246 25.1294 4
      vertex 15.2246 25.1294 0
    endloop
  endfacet
  facet normal 0.984806 -0.173657 0
    outer loop
      vertex 15.4325 26.3084 0
      vertex 15.4325 26.3084 4
      vertex 15.2246 25.1294 4
    endloop
  endfacet
  facet normal 0.642769 0.76606 0
    outer loop
      vertex -15.0675 26.5191 0
      vertex -14.1504 25.7496 4
      vertex -14.1504 25.7496 0
    endloop
  endfacet
  facet normal 0.642769 0.76606 -0
    outer loop
      vertex -15.0675 26.5191 0
      vertex -15.0675 26.5191 4
      vertex -14.1504 25.7496 4
    endloop
  endfacet
  facet normal -0.499942 0.866059 0
    outer loop
      vertex -15.4325 26.3084 0
      vertex -15.0675 26.5191 4
      vertex -15.0675 26.5191 0
    endloop
  endfacet
  facet normal -0.499942 0.866059 0
    outer loop
      vertex -15.4325 26.3084 0
      vertex -15.4325 26.3084 4
      vertex -15.0675 26.5191 4
    endloop
  endfacet
  facet normal -0.984806 -0.173657 0
    outer loop
      vertex -15.2246 25.1294 0
      vertex -15.4325 26.3084 4
      vertex -15.4325 26.3084 0
    endloop
  endfacet
  facet normal -0.984806 -0.173657 0
    outer loop
      vertex -15.2246 25.1294 0
      vertex -15.2246 25.1294 4
      vertex -15.4325 26.3084 4
    endloop
  endfacet
  facet normal 0.500006 -0.866022 0
    outer loop
      vertex -14.1504 25.7496 0
      vertex -15.2246 25.1294 4
      vertex -15.2246 25.1294 0
    endloop
  endfacet
  facet normal 0.500006 -0.866022 0
    outer loop
      vertex -14.1504 25.7496 0
      vertex -14.1504 25.7496 4
      vertex -15.2246 25.1294 4
    endloop
  endfacet
  facet normal 0.544638 0.838671 0
    outer loop
      vertex 16.4348 25.6942 0
      vertex 16.7882 25.4647 4
      vertex 16.7882 25.4647 0
    endloop
  endfacet
  facet normal 0.544638 0.838671 -0
    outer loop
      vertex 16.4348 25.6942 0
      vertex 16.4348 25.6942 4
      vertex 16.7882 25.4647 4
    endloop
  endfacet
  facet normal -0.601789 0.798655 0
    outer loop
      vertex 15.4786 24.9737 0
      vertex 16.4348 25.6942 4
      vertex 16.4348 25.6942 0
    endloop
  endfacet
  facet normal -0.601789 0.798655 0
    outer loop
      vertex 15.4786 24.9737 0
      vertex 15.4786 24.9737 4
      vertex 16.4348 25.6942 4
    endloop
  endfacet
  facet normal -0.544594 -0.8387 0
    outer loop
      vertex 16.5189 24.2982 0
      vertex 15.4786 24.9737 4
      vertex 15.4786 24.9737 0
    endloop
  endfacet
  facet normal -0.544594 -0.8387 0
    outer loop
      vertex 16.5189 24.2982 0
      vertex 16.5189 24.2982 4
      vertex 15.4786 24.9737 4
    endloop
  endfacet
  facet normal 0.974371 -0.224945 0
    outer loop
      vertex 16.7882 25.4647 0
      vertex 16.5189 24.2982 4
      vertex 16.5189 24.2982 0
    endloop
  endfacet
  facet normal 0.974371 -0.224945 0
    outer loop
      vertex 16.7882 25.4647 0
      vertex 16.7882 25.4647 4
      vertex 16.5189 24.2982 4
    endloop
  endfacet
  facet normal 0.601789 0.798655 0
    outer loop
      vertex -16.4348 25.6942 0
      vertex -15.4786 24.9737 4
      vertex -15.4786 24.9737 0
    endloop
  endfacet
  facet normal 0.601789 0.798655 -0
    outer loop
      vertex -16.4348 25.6942 0
      vertex -16.4348 25.6942 4
      vertex -15.4786 24.9737 4
    endloop
  endfacet
  facet normal -0.544638 0.838671 0
    outer loop
      vertex -16.7882 25.4647 0
      vertex -16.4348 25.6942 4
      vertex -16.4348 25.6942 0
    endloop
  endfacet
  facet normal -0.544638 0.838671 0
    outer loop
      vertex -16.7882 25.4647 0
      vertex -16.7882 25.4647 4
      vertex -16.4348 25.6942 4
    endloop
  endfacet
  facet normal -0.974371 -0.224945 0
    outer loop
      vertex -16.5189 24.2982 0
      vertex -16.7882 25.4647 4
      vertex -16.7882 25.4647 0
    endloop
  endfacet
  facet normal -0.974371 -0.224945 0
    outer loop
      vertex -16.5189 24.2982 0
      vertex -16.5189 24.2982 4
      vertex -16.7882 25.4647 4
    endloop
  endfacet
  facet normal 0.544594 -0.8387 0
    outer loop
      vertex -15.4786 24.9737 0
      vertex -16.5189 24.2982 4
      vertex -16.5189 24.2982 0
    endloop
  endfacet
  facet normal 0.544594 -0.8387 0
    outer loop
      vertex -15.4786 24.9737 0
      vertex -15.4786 24.9737 4
      vertex -16.5189 24.2982 4
    endloop
  endfacet
  facet normal 0.559222 0.829018 0
    outer loop
      vertex -17.757 24.7989 0
      vertex -16.7645 24.1294 4
      vertex -16.7645 24.1294 0
    endloop
  endfacet
  facet normal 0.559222 0.829018 -0
    outer loop
      vertex -17.757 24.7989 0
      vertex -17.757 24.7989 4
      vertex -16.7645 24.1294 4
    endloop
  endfacet
  facet normal -0.587819 0.808993 0
    outer loop
      vertex -18.0979 24.5512 0
      vertex -17.757 24.7989 4
      vertex -17.757 24.7989 0
    endloop
  endfacet
  facet normal -0.587819 0.808993 0
    outer loop
      vertex -18.0979 24.5512 0
      vertex -18.0979 24.5512 4
      vertex -17.757 24.7989 4
    endloop
  endfacet
  facet normal -0.961265 -0.275626 0
    outer loop
      vertex -17.7679 23.4003 0
      vertex -18.0979 24.5512 4
      vertex -18.0979 24.5512 0
    endloop
  endfacet
  facet normal -0.961265 -0.275626 0
    outer loop
      vertex -17.7679 23.4003 0
      vertex -17.7679 23.4003 4
      vertex -18.0979 24.5512 4
    endloop
  endfacet
  facet normal 0.587831 -0.808984 0
    outer loop
      vertex -16.7645 24.1294 0
      vertex -17.7679 23.4003 4
      vertex -17.7679 23.4003 0
    endloop
  endfacet
  facet normal 0.587831 -0.808984 0
    outer loop
      vertex -16.7645 24.1294 0
      vertex -16.7645 24.1294 4
      vertex -17.7679 23.4003 4
    endloop
  endfacet
  facet normal 0.587819 0.808993 0
    outer loop
      vertex 17.757 24.7989 0
      vertex 18.0979 24.5512 4
      vertex 18.0979 24.5512 0
    endloop
  endfacet
  facet normal 0.587819 0.808993 -0
    outer loop
      vertex 17.757 24.7989 0
      vertex 17.757 24.7989 4
      vertex 18.0979 24.5512 4
    endloop
  endfacet
  facet normal -0.559222 0.829018 0
    outer loop
      vertex 16.7645 24.1294 0
      vertex 17.757 24.7989 4
      vertex 17.757 24.7989 0
    endloop
  endfacet
  facet normal -0.559222 0.829018 0
    outer loop
      vertex 16.7645 24.1294 0
      vertex 16.7645 24.1294 4
      vertex 17.757 24.7989 4
    endloop
  endfacet
  facet normal -0.587831 -0.808984 0
    outer loop
      vertex 17.7679 23.4003 0
      vertex 16.7645 24.1294 4
      vertex 16.7645 24.1294 0
    endloop
  endfacet
  facet normal -0.587831 -0.808984 0
    outer loop
      vertex 17.7679 23.4003 0
      vertex 17.7679 23.4003 4
      vertex 16.7645 24.1294 4
    endloop
  endfacet
  facet normal 0.961265 -0.275626 0
    outer loop
      vertex 18.0979 24.5512 0
      vertex 17.7679 23.4003 4
      vertex 17.7679 23.4003 0
    endloop
  endfacet
  facet normal 0.961265 -0.275626 0
    outer loop
      vertex 18.0979 24.5512 0
      vertex 18.0979 24.5512 4
      vertex 17.7679 23.4003 4
    endloop
  endfacet
  facet normal 0.515036 0.857168 0
    outer loop
      vertex -19.0305 23.8355 0
      vertex -18.0043 23.2189 4
      vertex -18.0043 23.2189 0
    endloop
  endfacet
  facet normal 0.515036 0.857168 -0
    outer loop
      vertex -19.0305 23.8355 0
      vertex -19.0305 23.8355 4
      vertex -18.0043 23.2189 4
    endloop
  endfacet
  facet normal -0.629314 0.777151 0
    outer loop
      vertex -19.358 23.5703 0
      vertex -19.0305 23.8355 4
      vertex -19.0305 23.8355 0
    endloop
  endfacet
  facet normal -0.629314 0.777151 0
    outer loop
      vertex -19.358 23.5703 0
      vertex -19.358 23.5703 4
      vertex -19.0305 23.8355 4
    endloop
  endfacet
  facet normal -0.945504 -0.32561 0
    outer loop
      vertex -18.9682 22.4384 0
      vertex -19.358 23.5703 4
      vertex -19.358 23.5703 0
    endloop
  endfacet
  facet normal -0.945504 -0.32561 0
    outer loop
      vertex -18.9682 22.4384 0
      vertex -18.9682 22.4384 4
      vertex -19.358 23.5703 4
    endloop
  endfacet
  facet normal 0.629296 -0.777166 0
    outer loop
      vertex -18.0043 23.2189 0
      vertex -18.9682 22.4384 4
      vertex -18.9682 22.4384 0
    endloop
  endfacet
  facet normal 0.629296 -0.777166 0
    outer loop
      vertex -18.0043 23.2189 0
      vertex -18.0043 23.2189 4
      vertex -18.9682 22.4384 4
    endloop
  endfacet
  facet normal 0.629314 0.777151 0
    outer loop
      vertex 19.0305 23.8355 0
      vertex 19.358 23.5703 4
      vertex 19.358 23.5703 0
    endloop
  endfacet
  facet normal 0.629314 0.777151 -0
    outer loop
      vertex 19.0305 23.8355 0
      vertex 19.0305 23.8355 4
      vertex 19.358 23.5703 4
    endloop
  endfacet
  facet normal -0.515036 0.857168 0
    outer loop
      vertex 18.0043 23.2189 0
      vertex 19.0305 23.8355 4
      vertex 19.0305 23.8355 0
    endloop
  endfacet
  facet normal -0.515036 0.857168 0
    outer loop
      vertex 18.0043 23.2189 0
      vertex 18.0043 23.2189 4
      vertex 19.0305 23.8355 4
    endloop
  endfacet
  facet normal -0.629296 -0.777166 0
    outer loop
      vertex 18.9682 22.4384 0
      vertex 18.0043 23.2189 4
      vertex 18.0043 23.2189 0
    endloop
  endfacet
  facet normal -0.629296 -0.777166 0
    outer loop
      vertex 18.9682 22.4384 0
      vertex 18.9682 22.4384 4
      vertex 18.0043 23.2189 4
    endloop
  endfacet
  facet normal 0.945504 -0.32561 0
    outer loop
      vertex 19.358 23.5703 0
      vertex 18.9682 22.4384 4
      vertex 18.9682 22.4384 0
    endloop
  endfacet
  facet normal 0.945504 -0.32561 0
    outer loop
      vertex 19.358 23.5703 0
      vertex 19.358 23.5703 4
      vertex 18.9682 22.4384 4
    endloop
  endfacet
  facet normal 0.469426 0.882972 0
    outer loop
      vertex -20.2519 22.8069 0
      vertex -19.1948 22.2449 4
      vertex -19.1948 22.2449 0
    endloop
  endfacet
  facet normal 0.469426 0.882972 -0
    outer loop
      vertex -20.2519 22.8069 0
      vertex -20.2519 22.8069 4
      vertex -19.1948 22.2449 4
    endloop
  endfacet
  facet normal -0.669122 0.743153 0
    outer loop
      vertex -20.5651 22.5249 0
      vertex -20.2519 22.8069 4
      vertex -20.2519 22.8069 0
    endloop
  endfacet
  facet normal -0.669122 0.743153 0
    outer loop
      vertex -20.5651 22.5249 0
      vertex -20.5651 22.5249 4
      vertex -20.2519 22.8069 4
    endloop
  endfacet
  facet normal -0.927175 -0.374629 0
    outer loop
      vertex -20.1166 21.4149 0
      vertex -20.5651 22.5249 4
      vertex -20.5651 22.5249 0
    endloop
  endfacet
  facet normal -0.927175 -0.374629 0
    outer loop
      vertex -20.1166 21.4149 0
      vertex -20.1166 21.4149 4
      vertex -20.5651 22.5249 4
    endloop
  endfacet
  facet normal 0.669134 -0.743142 0
    outer loop
      vertex -19.1948 22.2449 0
      vertex -20.1166 21.4149 4
      vertex -20.1166 21.4149 0
    endloop
  endfacet
  facet normal 0.669134 -0.743142 0
    outer loop
      vertex -19.1948 22.2449 0
      vertex -19.1948 22.2449 4
      vertex -20.1166 21.4149 4
    endloop
  endfacet
  facet normal 0.669122 0.743153 0
    outer loop
      vertex 20.2519 22.8069 0
      vertex 20.5651 22.5249 4
      vertex 20.5651 22.5249 0
    endloop
  endfacet
  facet normal 0.669122 0.743153 -0
    outer loop
      vertex 20.2519 22.8069 0
      vertex 20.2519 22.8069 4
      vertex 20.5651 22.5249 4
    endloop
  endfacet
  facet normal -0.469426 0.882972 0
    outer loop
      vertex 19.1948 22.2449 0
      vertex 20.2519 22.8069 4
      vertex 20.2519 22.8069 0
    endloop
  endfacet
  facet normal -0.469426 0.882972 0
    outer loop
      vertex 19.1948 22.2449 0
      vertex 19.1948 22.2449 4
      vertex 20.2519 22.8069 4
    endloop
  endfacet
  facet normal -0.669134 -0.743142 0
    outer loop
      vertex 20.1166 21.4149 0
      vertex 19.1948 22.2449 4
      vertex 19.1948 22.2449 0
    endloop
  endfacet
  facet normal -0.669134 -0.743142 0
    outer loop
      vertex 20.1166 21.4149 0
      vertex 20.1166 21.4149 4
      vertex 19.1948 22.2449 4
    endloop
  endfacet
  facet normal 0.927175 -0.374629 0
    outer loop
      vertex 20.5651 22.5249 0
      vertex 20.1166 21.4149 4
      vertex 20.1166 21.4149 0
    endloop
  endfacet
  facet normal 0.927175 -0.374629 0
    outer loop
      vertex 20.5651 22.5249 0
      vertex 20.5651 22.5249 4
      vertex 20.1166 21.4149 4
    endloop
  endfacet
  facet normal 0.422556 0.906337 0
    outer loop
      vertex -21.4178 21.7157 0
      vertex -20.3327 21.2098 4
      vertex -20.3327 21.2098 0
    endloop
  endfacet
  facet normal 0.422556 0.906337 -0
    outer loop
      vertex -21.4178 21.7157 0
      vertex -21.4178 21.7157 4
      vertex -20.3327 21.2098 4
    endloop
  endfacet
  facet normal -0.707107 0.707107 0
    outer loop
      vertex -21.7157 21.4178 0
      vertex -21.4178 21.7157 4
      vertex -21.4178 21.7157 0
    endloop
  endfacet
  facet normal -0.707107 0.707107 0
    outer loop
      vertex -21.7157 21.4178 0
      vertex -21.7157 21.4178 4
      vertex -21.4178 21.7157 4
    endloop
  endfacet
  facet normal -0.906337 -0.422556 0
    outer loop
      vertex -21.2098 20.3327 0
      vertex -21.7157 21.4178 4
      vertex -21.7157 21.4178 0
    endloop
  endfacet
  facet normal -0.906337 -0.422556 0
    outer loop
      vertex -21.2098 20.3327 0
      vertex -21.2098 20.3327 4
      vertex -21.7157 21.4178 4
    endloop
  endfacet
  facet normal 0.707107 -0.707107 0
    outer loop
      vertex -20.3327 21.2098 0
      vertex -21.2098 20.3327 4
      vertex -21.2098 20.3327 0
    endloop
  endfacet
  facet normal 0.707107 -0.707107 0
    outer loop
      vertex -20.3327 21.2098 0
      vertex -20.3327 21.2098 4
      vertex -21.2098 20.3327 4
    endloop
  endfacet
  facet normal 0.707107 0.707107 0
    outer loop
      vertex 21.4178 21.7157 0
      vertex 21.7157 21.4178 4
      vertex 21.7157 21.4178 0
    endloop
  endfacet
  facet normal 0.707107 0.707107 -0
    outer loop
      vertex 21.4178 21.7157 0
      vertex 21.4178 21.7157 4
      vertex 21.7157 21.4178 4
    endloop
  endfacet
  facet normal -0.422556 0.906337 0
    outer loop
      vertex 20.3327 21.2098 0
      vertex 21.4178 21.7157 4
      vertex 21.4178 21.7157 0
    endloop
  endfacet
  facet normal -0.422556 0.906337 0
    outer loop
      vertex 20.3327 21.2098 0
      vertex 20.3327 21.2098 4
      vertex 21.4178 21.7157 4
    endloop
  endfacet
  facet normal -0.707107 -0.707107 0
    outer loop
      vertex 21.2098 20.3327 0
      vertex 20.3327 21.2098 4
      vertex 20.3327 21.2098 0
    endloop
  endfacet
  facet normal -0.707107 -0.707107 0
    outer loop
      vertex 21.2098 20.3327 0
      vertex 21.2098 20.3327 4
      vertex 20.3327 21.2098 4
    endloop
  endfacet
  facet normal 0.906337 -0.422556 0
    outer loop
      vertex 21.7157 21.4178 0
      vertex 21.2098 20.3327 4
      vertex 21.2098 20.3327 0
    endloop
  endfacet
  facet normal 0.906337 -0.422556 0
    outer loop
      vertex 21.7157 21.4178 0
      vertex 21.7157 21.4178 4
      vertex 21.2098 20.3327 4
    endloop
  endfacet
  facet normal 0.374629 0.927175 0
    outer loop
      vertex -22.5249 20.5651 0
      vertex -21.4149 20.1166 4
      vertex -21.4149 20.1166 0
    endloop
  endfacet
  facet normal 0.374629 0.927175 -0
    outer loop
      vertex -22.5249 20.5651 0
      vertex -22.5249 20.5651 4
      vertex -21.4149 20.1166 4
    endloop
  endfacet
  facet normal -0.743153 0.669122 0
    outer loop
      vertex -22.8069 20.2519 0
      vertex -22.5249 20.5651 4
      vertex -22.5249 20.5651 0
    endloop
  endfacet
  facet normal -0.743153 0.669122 0
    outer loop
      vertex -22.8069 20.2519 0
      vertex -22.8069 20.2519 4
      vertex -22.5249 20.5651 4
    endloop
  endfacet
  facet normal -0.882972 -0.469426 0
    outer loop
      vertex -22.2449 19.1948 0
      vertex -22.8069 20.2519 4
      vertex -22.8069 20.2519 0
    endloop
  endfacet
  facet normal -0.882972 -0.469426 0
    outer loop
      vertex -22.2449 19.1948 0
      vertex -22.2449 19.1948 4
      vertex -22.8069 20.2519 4
    endloop
  endfacet
  facet normal 0.743142 -0.669134 0
    outer loop
      vertex -21.4149 20.1166 0
      vertex -22.2449 19.1948 4
      vertex -22.2449 19.1948 0
    endloop
  endfacet
  facet normal 0.743142 -0.669134 0
    outer loop
      vertex -21.4149 20.1166 0
      vertex -21.4149 20.1166 4
      vertex -22.2449 19.1948 4
    endloop
  endfacet
  facet normal 0.743153 0.669122 0
    outer loop
      vertex 22.5249 20.5651 0
      vertex 22.8069 20.2519 4
      vertex 22.8069 20.2519 0
    endloop
  endfacet
  facet normal 0.743153 0.669122 -0
    outer loop
      vertex 22.5249 20.5651 0
      vertex 22.5249 20.5651 4
      vertex 22.8069 20.2519 4
    endloop
  endfacet
  facet normal -0.374629 0.927175 0
    outer loop
      vertex 21.4149 20.1166 0
      vertex 22.5249 20.5651 4
      vertex 22.5249 20.5651 0
    endloop
  endfacet
  facet normal -0.374629 0.927175 0
    outer loop
      vertex 21.4149 20.1166 0
      vertex 21.4149 20.1166 4
      vertex 22.5249 20.5651 4
    endloop
  endfacet
  facet normal -0.743142 -0.669134 0
    outer loop
      vertex 22.2449 19.1948 0
      vertex 21.4149 20.1166 4
      vertex 21.4149 20.1166 0
    endloop
  endfacet
  facet normal -0.743142 -0.669134 0
    outer loop
      vertex 22.2449 19.1948 0
      vertex 22.2449 19.1948 4
      vertex 21.4149 20.1166 4
    endloop
  endfacet
  facet normal 0.882972 -0.469426 0
    outer loop
      vertex 22.8069 20.2519 0
      vertex 22.2449 19.1948 4
      vertex 22.2449 19.1948 0
    endloop
  endfacet
  facet normal 0.882972 -0.469426 0
    outer loop
      vertex 22.8069 20.2519 0
      vertex 22.8069 20.2519 4
      vertex 22.2449 19.1948 4
    endloop
  endfacet
  facet normal 0.32561 0.945504 0
    outer loop
      vertex -23.5703 19.358 0
      vertex -22.4384 18.9682 4
      vertex -22.4384 18.9682 0
    endloop
  endfacet
  facet normal 0.32561 0.945504 -0
    outer loop
      vertex -23.5703 19.358 0
      vertex -23.5703 19.358 4
      vertex -22.4384 18.9682 4
    endloop
  endfacet
  facet normal -0.777151 0.629314 0
    outer loop
      vertex -23.8355 19.0305 0
      vertex -23.5703 19.358 4
      vertex -23.5703 19.358 0
    endloop
  endfacet
  facet normal -0.777151 0.629314 0
    outer loop
      vertex -23.8355 19.0305 0
      vertex -23.8355 19.0305 4
      vertex -23.5703 19.358 4
    endloop
  endfacet
  facet normal -0.857168 -0.515036 0
    outer loop
      vertex -23.2189 18.0043 0
      vertex -23.8355 19.0305 4
      vertex -23.8355 19.0305 0
    endloop
  endfacet
  facet normal -0.857168 -0.515036 0
    outer loop
      vertex -23.2189 18.0043 0
      vertex -23.2189 18.0043 4
      vertex -23.8355 19.0305 4
    endloop
  endfacet
  facet normal 0.777166 -0.629296 0
    outer loop
      vertex -22.4384 18.9682 0
      vertex -23.2189 18.0043 4
      vertex -23.2189 18.0043 0
    endloop
  endfacet
  facet normal 0.777166 -0.629296 0
    outer loop
      vertex -22.4384 18.9682 0
      vertex -22.4384 18.9682 4
      vertex -23.2189 18.0043 4
    endloop
  endfacet
  facet normal 0.777151 0.629314 0
    outer loop
      vertex 23.5703 19.358 0
      vertex 23.8355 19.0305 4
      vertex 23.8355 19.0305 0
    endloop
  endfacet
  facet normal 0.777151 0.629314 -0
    outer loop
      vertex 23.5703 19.358 0
      vertex 23.5703 19.358 4
      vertex 23.8355 19.0305 4
    endloop
  endfacet
  facet normal -0.32561 0.945504 0
    outer loop
      vertex 22.4384 18.9682 0
      vertex 23.5703 19.358 4
      vertex 23.5703 19.358 0
    endloop
  endfacet
  facet normal -0.32561 0.945504 0
    outer loop
      vertex 22.4384 18.9682 0
      vertex 22.4384 18.9682 4
      vertex 23.5703 19.358 4
    endloop
  endfacet
  facet normal -0.777166 -0.629296 0
    outer loop
      vertex 23.2189 18.0043 0
      vertex 22.4384 18.9682 4
      vertex 22.4384 18.9682 0
    endloop
  endfacet
  facet normal -0.777166 -0.629296 0
    outer loop
      vertex 23.2189 18.0043 0
      vertex 23.2189 18.0043 4
      vertex 22.4384 18.9682 4
    endloop
  endfacet
  facet normal 0.857168 -0.515036 0
    outer loop
      vertex 23.8355 19.0305 0
      vertex 23.2189 18.0043 4
      vertex 23.2189 18.0043 0
    endloop
  endfacet
  facet normal 0.857168 -0.515036 0
    outer loop
      vertex 23.8355 19.0305 0
      vertex 23.8355 19.0305 4
      vertex 23.2189 18.0043 4
    endloop
  endfacet
  facet normal 0.275626 0.961265 0
    outer loop
      vertex -24.5512 18.0979 0
      vertex -23.4003 17.7679 4
      vertex -23.4003 17.7679 0
    endloop
  endfacet
  facet normal 0.275626 0.961265 -0
    outer loop
      vertex -24.5512 18.0979 0
      vertex -24.5512 18.0979 4
      vertex -23.4003 17.7679 4
    endloop
  endfacet
  facet normal -0.808993 0.587819 0
    outer loop
      vertex -24.7989 17.757 0
      vertex -24.5512 18.0979 4
      vertex -24.5512 18.0979 0
    endloop
  endfacet
  facet normal -0.808993 0.587819 0
    outer loop
      vertex -24.7989 17.757 0
      vertex -24.7989 17.757 4
      vertex -24.5512 18.0979 4
    endloop
  endfacet
  facet normal -0.829018 -0.559222 0
    outer loop
      vertex -24.1294 16.7645 0
      vertex -24.7989 17.757 4
      vertex -24.7989 17.757 0
    endloop
  endfacet
  facet normal -0.829018 -0.559222 0
    outer loop
      vertex -24.1294 16.7645 0
      vertex -24.1294 16.7645 4
      vertex -24.7989 17.757 4
    endloop
  endfacet
  facet normal 0.808984 -0.587831 0
    outer loop
      vertex -23.4003 17.7679 0
      vertex -24.1294 16.7645 4
      vertex -24.1294 16.7645 0
    endloop
  endfacet
  facet normal 0.808984 -0.587831 0
    outer loop
      vertex -23.4003 17.7679 0
      vertex -23.4003 17.7679 4
      vertex -24.1294 16.7645 4
    endloop
  endfacet
  facet normal 0.808993 0.587819 0
    outer loop
      vertex 24.5512 18.0979 0
      vertex 24.7989 17.757 4
      vertex 24.7989 17.757 0
    endloop
  endfacet
  facet normal 0.808993 0.587819 -0
    outer loop
      vertex 24.5512 18.0979 0
      vertex 24.5512 18.0979 4
      vertex 24.7989 17.757 4
    endloop
  endfacet
  facet normal -0.275626 0.961265 0
    outer loop
      vertex 23.4003 17.7679 0
      vertex 24.5512 18.0979 4
      vertex 24.5512 18.0979 0
    endloop
  endfacet
  facet normal -0.275626 0.961265 0
    outer loop
      vertex 23.4003 17.7679 0
      vertex 23.4003 17.7679 4
      vertex 24.5512 18.0979 4
    endloop
  endfacet
  facet normal -0.808984 -0.587831 0
    outer loop
      vertex 24.1294 16.7645 0
      vertex 23.4003 17.7679 4
      vertex 23.4003 17.7679 0
    endloop
  endfacet
  facet normal -0.808984 -0.587831 0
    outer loop
      vertex 24.1294 16.7645 0
      vertex 24.1294 16.7645 4
      vertex 23.4003 17.7679 4
    endloop
  endfacet
  facet normal 0.829018 -0.559222 0
    outer loop
      vertex 24.7989 17.757 0
      vertex 24.1294 16.7645 4
      vertex 24.1294 16.7645 0
    endloop
  endfacet
  facet normal 0.829018 -0.559222 0
    outer loop
      vertex 24.7989 17.757 0
      vertex 24.7989 17.757 4
      vertex 24.1294 16.7645 4
    endloop
  endfacet
  facet normal 0.224945 0.974371 0
    outer loop
      vertex -25.4647 16.7882 0
      vertex -24.2982 16.5189 4
      vertex -24.2982 16.5189 0
    endloop
  endfacet
  facet normal 0.224945 0.974371 -0
    outer loop
      vertex -25.4647 16.7882 0
      vertex -25.4647 16.7882 4
      vertex -24.2982 16.5189 4
    endloop
  endfacet
  facet normal -0.838671 0.544638 0
    outer loop
      vertex -25.6942 16.4348 0
      vertex -25.4647 16.7882 4
      vertex -25.4647 16.7882 0
    endloop
  endfacet
  facet normal -0.838671 0.544638 0
    outer loop
      vertex -25.6942 16.4348 0
      vertex -25.6942 16.4348 4
      vertex -25.4647 16.7882 4
    endloop
  endfacet
  facet normal -0.798655 -0.601789 0
    outer loop
      vertex -24.9737 15.4786 0
      vertex -25.6942 16.4348 4
      vertex -25.6942 16.4348 0
    endloop
  endfacet
  facet normal -0.798655 -0.601789 0
    outer loop
      vertex -24.9737 15.4786 0
      vertex -24.9737 15.4786 4
      vertex -25.6942 16.4348 4
    endloop
  endfacet
  facet normal 0.8387 -0.544594 0
    outer loop
      vertex -24.2982 16.5189 0
      vertex -24.9737 15.4786 4
      vertex -24.9737 15.4786 0
    endloop
  endfacet
  facet normal 0.8387 -0.544594 0
    outer loop
      vertex -24.2982 16.5189 0
      vertex -24.2982 16.5189 4
      vertex -24.9737 15.4786 4
    endloop
  endfacet
  facet normal 0.838671 0.544638 0
    outer loop
      vertex 25.4647 16.7882 0
      vertex 25.6942 16.4348 4
      vertex 25.6942 16.4348 0
    endloop
  endfacet
  facet normal 0.838671 0.544638 -0
    outer loop
      vertex 25.4647 16.7882 0
      vertex 25.4647 16.7882 4
      vertex 25.6942 16.4348 4
    endloop
  endfacet
  facet normal -0.224945 0.974371 0
    outer loop
      vertex 24.2982 16.5189 0
      vertex 25.4647 16.7882 4
      vertex 25.4647 16.7882 0
    endloop
  endfacet
  facet normal -0.224945 0.974371 0
    outer loop
      vertex 24.2982 16.5189 0
      vertex 24.2982 16.5189 4
      vertex 25.4647 16.7882 4
    endloop
  endfacet
  facet normal -0.8387 -0.544594 0
    outer loop
      vertex 24.9737 15.4786 0
      vertex 24.2982 16.5189 4
      vertex 24.2982 16.5189 0
    endloop
  endfacet
  facet normal -0.8387 -0.544594 0
    outer loop
      vertex 24.9737 15.4786 0
      vertex 24.9737 15.4786 4
      vertex 24.2982 16.5189 4
    endloop
  endfacet
  facet normal 0.798655 -0.601789 0
    outer loop
      vertex 25.6942 16.4348 0
      vertex 24.9737 15.4786 4
      vertex 24.9737 15.4786 0
    endloop
  endfacet
  facet normal 0.798655 -0.601789 0
    outer loop
      vertex 25.6942 16.4348 0
      vertex 25.6942 16.4348 4
      vertex 24.9737 15.4786 4
    endloop
  endfacet
  facet normal 0.866059 0.499942 0
    outer loop
      vertex 26.3084 15.4325 0
      vertex 26.5191 15.0675 4
      vertex 26.5191 15.0675 0
    endloop
  endfacet
  facet normal 0.866059 0.499942 -0
    outer loop
      vertex 26.3084 15.4325 0
      vertex 26.3084 15.4325 4
      vertex 26.5191 15.0675 4
    endloop
  endfacet
  facet normal -0.173657 0.984806 0
    outer loop
      vertex 25.1294 15.2246 0
      vertex 26.3084 15.4325 4
      vertex 26.3084 15.4325 0
    endloop
  endfacet
  facet normal -0.173657 0.984806 0
    outer loop
      vertex 25.1294 15.2246 0
      vertex 25.1294 15.2246 4
      vertex 26.3084 15.4325 4
    endloop
  endfacet
  facet normal -0.866022 -0.500006 0
    outer loop
      vertex 25.7496 14.1504 0
      vertex 25.1294 15.2246 4
      vertex 25.1294 15.2246 0
    endloop
  endfacet
  facet normal -0.866022 -0.500006 0
    outer loop
      vertex 25.7496 14.1504 0
      vertex 25.7496 14.1504 4
      vertex 25.1294 15.2246 4
    endloop
  endfacet
  facet normal 0.76606 -0.642769 0
    outer loop
      vertex 26.5191 15.0675 0
      vertex 25.7496 14.1504 4
      vertex 25.7496 14.1504 0
    endloop
  endfacet
  facet normal 0.76606 -0.642769 0
    outer loop
      vertex 26.5191 15.0675 0
      vertex 26.5191 15.0675 4
      vertex 25.7496 14.1504 4
    endloop
  endfacet
  facet normal 0.173657 0.984806 0
    outer loop
      vertex -26.3084 15.4325 0
      vertex -25.1294 15.2246 4
      vertex -25.1294 15.2246 0
    endloop
  endfacet
  facet normal 0.173657 0.984806 -0
    outer loop
      vertex -26.3084 15.4325 0
      vertex -26.3084 15.4325 4
      vertex -25.1294 15.2246 4
    endloop
  endfacet
  facet normal -0.866059 0.499942 0
    outer loop
      vertex -26.5191 15.0675 0
      vertex -26.3084 15.4325 4
      vertex -26.3084 15.4325 0
    endloop
  endfacet
  facet normal -0.866059 0.499942 0
    outer loop
      vertex -26.5191 15.0675 0
      vertex -26.5191 15.0675 4
      vertex -26.3084 15.4325 4
    endloop
  endfacet
  facet normal -0.76606 -0.642769 0
    outer loop
      vertex -25.7496 14.1504 0
      vertex -26.5191 15.0675 4
      vertex -26.5191 15.0675 0
    endloop
  endfacet
  facet normal -0.76606 -0.642769 0
    outer loop
      vertex -25.7496 14.1504 0
      vertex -25.7496 14.1504 4
      vertex -26.5191 15.0675 4
    endloop
  endfacet
  facet normal 0.866022 -0.500006 0
    outer loop
      vertex -25.1294 15.2246 0
      vertex -25.7496 14.1504 4
      vertex -25.7496 14.1504 0
    endloop
  endfacet
  facet normal 0.866022 -0.500006 0
    outer loop
      vertex -25.1294 15.2246 0
      vertex -25.1294 15.2246 4
      vertex -25.7496 14.1504 4
    endloop
  endfacet
  facet normal 0.890983 0.454036 0
    outer loop
      vertex 27.08 14.0344 0
      vertex 27.2713 13.659 4
      vertex 27.2713 13.659 0
    endloop
  endfacet
  facet normal 0.890983 0.454036 -0
    outer loop
      vertex 27.08 14.0344 0
      vertex 27.08 14.0344 4
      vertex 27.2713 13.659 4
    endloop
  endfacet
  facet normal -0.121875 0.992545 0
    outer loop
      vertex 25.8918 13.8885 0
      vertex 27.08 14.0344 4
      vertex 27.08 14.0344 0
    endloop
  endfacet
  facet normal -0.121875 0.992545 0
    outer loop
      vertex 25.8918 13.8885 0
      vertex 25.8918 13.8885 4
      vertex 27.08 14.0344 4
    endloop
  endfacet
  facet normal -0.890999 -0.454005 0
    outer loop
      vertex 26.4549 12.7834 0
      vertex 25.8918 13.8885 4
      vertex 25.8918 13.8885 0
    endloop
  endfacet
  facet normal -0.890999 -0.454005 0
    outer loop
      vertex 26.4549 12.7834 0
      vertex 26.4549 12.7834 4
      vertex 25.8918 13.8885 4
    endloop
  endfacet
  facet normal 0.7314 -0.681949 0
    outer loop
      vertex 27.2713 13.659 0
      vertex 26.4549 12.7834 4
      vertex 26.4549 12.7834 0
    endloop
  endfacet
  facet normal 0.7314 -0.681949 0
    outer loop
      vertex 27.2713 13.659 0
      vertex 27.2713 13.659 4
      vertex 26.4549 12.7834 4
    endloop
  endfacet
  facet normal 0.121875 0.992545 0
    outer loop
      vertex -27.08 14.0344 0
      vertex -25.8918 13.8885 4
      vertex -25.8918 13.8885 0
    endloop
  endfacet
  facet normal 0.121875 0.992545 -0
    outer loop
      vertex -27.08 14.0344 0
      vertex -27.08 14.0344 4
      vertex -25.8918 13.8885 4
    endloop
  endfacet
  facet normal -0.890983 0.454036 0
    outer loop
      vertex -27.2713 13.659 0
      vertex -27.08 14.0344 4
      vertex -27.08 14.0344 0
    endloop
  endfacet
  facet normal -0.890983 0.454036 0
    outer loop
      vertex -27.2713 13.659 0
      vertex -27.2713 13.659 4
      vertex -27.08 14.0344 4
    endloop
  endfacet
  facet normal -0.7314 -0.681949 0
    outer loop
      vertex -26.4549 12.7834 0
      vertex -27.2713 13.659 4
      vertex -27.2713 13.659 0
    endloop
  endfacet
  facet normal -0.7314 -0.681949 0
    outer loop
      vertex -26.4549 12.7834 0
      vertex -26.4549 12.7834 4
      vertex -27.2713 13.659 4
    endloop
  endfacet
  facet normal 0.890999 -0.454005 0
    outer loop
      vertex -25.8918 13.8885 0
      vertex -26.4549 12.7834 4
      vertex -26.4549 12.7834 0
    endloop
  endfacet
  facet normal 0.890999 -0.454005 0
    outer loop
      vertex -25.8918 13.8885 0
      vertex -25.8918 13.8885 4
      vertex -26.4549 12.7834 4
    endloop
  endfacet
  facet normal 0.0697452 0.997565 0
    outer loop
      vertex -27.7774 12.5979 0
      vertex -26.5831 12.5144 4
      vertex -26.5831 12.5144 0
    endloop
  endfacet
  facet normal 0.0697452 0.997565 -0
    outer loop
      vertex -27.7774 12.5979 0
      vertex -27.7774 12.5979 4
      vertex -26.5831 12.5144 4
    endloop
  endfacet
  facet normal -0.913518 0.406799 0
    outer loop
      vertex -27.9488 12.213 0
      vertex -27.7774 12.5979 4
      vertex -27.7774 12.5979 0
    endloop
  endfacet
  facet normal -0.913518 0.406799 0
    outer loop
      vertex -27.9488 12.213 0
      vertex -27.9488 12.213 4
      vertex -27.7774 12.5979 4
    endloop
  endfacet
  facet normal -0.694679 -0.719319 0
    outer loop
      vertex -27.0876 11.3813 0
      vertex -27.9488 12.213 4
      vertex -27.9488 12.213 0
    endloop
  endfacet
  facet normal -0.694679 -0.719319 0
    outer loop
      vertex -27.0876 11.3813 0
      vertex -27.0876 11.3813 4
      vertex -27.9488 12.213 4
    endloop
  endfacet
  facet normal 0.913542 -0.406744 0
    outer loop
      vertex -26.5831 12.5144 0
      vertex -27.0876 11.3813 4
      vertex -27.0876 11.3813 0
    endloop
  endfacet
  facet normal 0.913542 -0.406744 0
    outer loop
      vertex -26.5831 12.5144 0
      vertex -26.5831 12.5144 4
      vertex -27.0876 11.3813 4
    endloop
  endfacet
  facet normal 0.913518 0.406799 0
    outer loop
      vertex 27.7774 12.5979 0
      vertex 27.9488 12.213 4
      vertex 27.9488 12.213 0
    endloop
  endfacet
  facet normal 0.913518 0.406799 -0
    outer loop
      vertex 27.7774 12.5979 0
      vertex 27.7774 12.5979 4
      vertex 27.9488 12.213 4
    endloop
  endfacet
  facet normal -0.0697452 0.997565 0
    outer loop
      vertex 26.5831 12.5144 0
      vertex 27.7774 12.5979 4
      vertex 27.7774 12.5979 0
    endloop
  endfacet
  facet normal -0.0697452 0.997565 0
    outer loop
      vertex 26.5831 12.5144 0
      vertex 26.5831 12.5144 4
      vertex 27.7774 12.5979 4
    endloop
  endfacet
  facet normal -0.913542 -0.406744 0
    outer loop
      vertex 27.0876 11.3813 0
      vertex 26.5831 12.5144 4
      vertex 26.5831 12.5144 0
    endloop
  endfacet
  facet normal -0.913542 -0.406744 0
    outer loop
      vertex 27.0876 11.3813 0
      vertex 27.0876 11.3813 4
      vertex 26.5831 12.5144 4
    endloop
  endfacet
  facet normal 0.694679 -0.719319 0
    outer loop
      vertex 27.9488 12.213 0
      vertex 27.0876 11.3813 4
      vertex 27.0876 11.3813 0
    endloop
  endfacet
  facet normal 0.694679 -0.719319 0
    outer loop
      vertex 27.9488 12.213 0
      vertex 27.9488 12.213 4
      vertex 27.0876 11.3813 4
    endloop
  endfacet
  facet normal 0.93359 0.358343 0
    outer loop
      vertex 28.3987 11.1269 0
      vertex 28.5497 10.7335 4
      vertex 28.5497 10.7335 0
    endloop
  endfacet
  facet normal 0.93359 0.358343 -0
    outer loop
      vertex 28.3987 11.1269 0
      vertex 28.3987 11.1269 4
      vertex 28.5497 10.7335 4
    endloop
  endfacet
  facet normal -0.0174577 0.999848 0
    outer loop
      vertex 27.2017 11.106 0
      vertex 28.3987 11.1269 4
      vertex 28.3987 11.1269 0
    endloop
  endfacet
  facet normal -0.0174577 0.999848 0
    outer loop
      vertex 27.2017 11.106 0
      vertex 27.2017 11.106 4
      vertex 28.3987 11.1269 4
    endloop
  endfacet
  facet normal -0.933578 -0.358374 0
    outer loop
      vertex 27.6462 9.94806 0
      vertex 27.2017 11.106 4
      vertex 27.2017 11.106 0
    endloop
  endfacet
  facet normal -0.933578 -0.358374 0
    outer loop
      vertex 27.6462 9.94806 0
      vertex 27.6462 9.94806 4
      vertex 27.2017 11.106 4
    endloop
  endfacet
  facet normal 0.656078 -0.754693 0
    outer loop
      vertex 28.5497 10.7335 0
      vertex 27.6462 9.94806 4
      vertex 27.6462 9.94806 0
    endloop
  endfacet
  facet normal 0.656078 -0.754693 0
    outer loop
      vertex 28.5497 10.7335 0
      vertex 28.5497 10.7335 4
      vertex 27.6462 9.94806 4
    endloop
  endfacet
  facet normal 0.0174577 0.999848 0
    outer loop
      vertex -28.3987 11.1269 0
      vertex -27.2017 11.106 4
      vertex -27.2017 11.106 0
    endloop
  endfacet
  facet normal 0.0174577 0.999848 -0
    outer loop
      vertex -28.3987 11.1269 0
      vertex -28.3987 11.1269 4
      vertex -27.2017 11.106 4
    endloop
  endfacet
  facet normal -0.93359 0.358343 0
    outer loop
      vertex -28.5497 10.7335 0
      vertex -28.3987 11.1269 4
      vertex -28.3987 11.1269 0
    endloop
  endfacet
  facet normal -0.93359 0.358343 0
    outer loop
      vertex -28.5497 10.7335 0
      vertex -28.5497 10.7335 4
      vertex -28.3987 11.1269 4
    endloop
  endfacet
  facet normal -0.656078 -0.754693 0
    outer loop
      vertex -27.6462 9.94806 0
      vertex -28.5497 10.7335 4
      vertex -28.5497 10.7335 0
    endloop
  endfacet
  facet normal -0.656078 -0.754693 0
    outer loop
      vertex -27.6462 9.94806 0
      vertex -27.6462 9.94806 4
      vertex -28.5497 10.7335 4
    endloop
  endfacet
  facet normal 0.933578 -0.358374 0
    outer loop
      vertex -27.2017 11.106 0
      vertex -27.6462 9.94806 4
      vertex -27.6462 9.94806 0
    endloop
  endfacet
  facet normal 0.933578 -0.358374 0
    outer loop
      vertex -27.2017 11.106 0
      vertex -27.2017 11.106 4
      vertex -27.6462 9.94806 4
    endloop
  endfacet
  facet normal -0.0348972 0.999391 0
    outer loop
      vertex -28.9421 9.62541 0
      vertex -27.7456 9.66719 4
      vertex -27.7456 9.66719 0
    endloop
  endfacet
  facet normal -0.0348972 0.999391 0
    outer loop
      vertex -28.9421 9.62541 0
      vertex -28.9421 9.62541 4
      vertex -27.7456 9.66719 4
    endloop
  endfacet
  facet normal -0.951076 0.308957 0
    outer loop
      vertex -29.0723 9.22461 0
      vertex -28.9421 9.62541 4
      vertex -28.9421 9.62541 0
    endloop
  endfacet
  facet normal -0.951076 0.308957 0
    outer loop
      vertex -29.0723 9.22461 0
      vertex -29.0723 9.22461 4
      vertex -28.9421 9.62541 4
    endloop
  endfacet
  facet normal -0.615659 -0.788013 0
    outer loop
      vertex -28.1289 8.48755 0
      vertex -29.0723 9.22461 4
      vertex -29.0723 9.22461 0
    endloop
  endfacet
  facet normal -0.615659 -0.788013 0
    outer loop
      vertex -28.1289 8.48755 0
      vertex -28.1289 8.48755 4
      vertex -29.0723 9.22461 4
    endloop
  endfacet
  facet normal 0.951054 -0.309026 0
    outer loop
      vertex -27.7456 9.66719 0
      vertex -28.1289 8.48755 4
      vertex -28.1289 8.48755 0
    endloop
  endfacet
  facet normal 0.951054 -0.309026 0
    outer loop
      vertex -27.7456 9.66719 0
      vertex -27.7456 9.66719 4
      vertex -28.1289 8.48755 4
    endloop
  endfacet
  facet normal 0.951076 0.308957 0
    outer loop
      vertex 28.9421 9.62541 0
      vertex 29.0723 9.22461 4
      vertex 29.0723 9.22461 0
    endloop
  endfacet
  facet normal 0.951076 0.308957 -0
    outer loop
      vertex 28.9421 9.62541 0
      vertex 28.9421 9.62541 4
      vertex 29.0723 9.22461 4
    endloop
  endfacet
  facet normal 0.0348972 0.999391 0
    outer loop
      vertex 27.7456 9.66719 0
      vertex 28.9421 9.62541 4
      vertex 28.9421 9.62541 0
    endloop
  endfacet
  facet normal 0.0348972 0.999391 -0
    outer loop
      vertex 27.7456 9.66719 0
      vertex 27.7456 9.66719 4
      vertex 28.9421 9.62541 4
    endloop
  endfacet
  facet normal -0.951054 -0.309026 0
    outer loop
      vertex 28.1289 8.48755 0
      vertex 27.7456 9.66719 4
      vertex 27.7456 9.66719 0
    endloop
  endfacet
  facet normal -0.951054 -0.309026 0
    outer loop
      vertex 28.1289 8.48755 0
      vertex 28.1289 8.48755 4
      vertex 27.7456 9.66719 4
    endloop
  endfacet
  facet normal 0.615659 -0.788013 0
    outer loop
      vertex 29.0723 9.22461 0
      vertex 28.1289 8.48755 4
      vertex 28.1289 8.48755 0
    endloop
  endfacet
  facet normal 0.615659 -0.788013 0
    outer loop
      vertex 29.0723 9.22461 0
      vertex 29.0723 9.22461 4
      vertex 28.1289 8.48755 4
    endloop
  endfacet
  facet normal -0.0871493 0.996195 0
    outer loop
      vertex -29.4062 8.0975 0
      vertex -28.2135 8.20184 4
      vertex -28.2135 8.20184 0
    endloop
  endfacet
  facet normal -0.0871493 0.996195 0
    outer loop
      vertex -29.4062 8.0975 0
      vertex -29.4062 8.0975 4
      vertex -28.2135 8.20184 4
    endloop
  endfacet
  facet normal -0.965909 0.258882 0
    outer loop
      vertex -29.5153 7.69044 0
      vertex -29.4062 8.0975 4
      vertex -29.4062 8.0975 0
    endloop
  endfacet
  facet normal -0.965909 0.258882 0
    outer loop
      vertex -29.5153 7.69044 0
      vertex -29.5153 7.69044 4
      vertex -29.4062 8.0975 4
    endloop
  endfacet
  facet normal -0.573574 -0.819153 0
    outer loop
      vertex -28.5346 7.00375 0
      vertex -29.5153 7.69044 4
      vertex -29.5153 7.69044 0
    endloop
  endfacet
  facet normal -0.573574 -0.819153 0
    outer loop
      vertex -28.5346 7.00375 0
      vertex -28.5346 7.00375 4
      vertex -29.5153 7.69044 4
    endloop
  endfacet
  facet normal 0.965911 -0.258874 0
    outer loop
      vertex -28.2135 8.20184 0
      vertex -28.5346 7.00375 4
      vertex -28.5346 7.00375 0
    endloop
  endfacet
  facet normal 0.965911 -0.258874 0
    outer loop
      vertex -28.2135 8.20184 0
      vertex -28.2135 8.20184 4
      vertex -28.5346 7.00375 4
    endloop
  endfacet
  facet normal 0.965909 0.258882 0
    outer loop
      vertex 29.4062 8.0975 0
      vertex 29.5153 7.69044 4
      vertex 29.5153 7.69044 0
    endloop
  endfacet
  facet normal 0.965909 0.258882 -0
    outer loop
      vertex 29.4062 8.0975 0
      vertex 29.4062 8.0975 4
      vertex 29.5153 7.69044 4
    endloop
  endfacet
  facet normal 0.0871493 0.996195 0
    outer loop
      vertex 28.2135 8.20184 0
      vertex 29.4062 8.0975 4
      vertex 29.4062 8.0975 0
    endloop
  endfacet
  facet normal 0.0871493 0.996195 -0
    outer loop
      vertex 28.2135 8.20184 0
      vertex 28.2135 8.20184 4
      vertex 29.4062 8.0975 4
    endloop
  endfacet
  facet normal -0.965911 -0.258874 0
    outer loop
      vertex 28.5346 7.00375 0
      vertex 28.2135 8.20184 4
      vertex 28.2135 8.20184 0
    endloop
  endfacet
  facet normal -0.965911 -0.258874 0
    outer loop
      vertex 28.5346 7.00375 0
      vertex 28.5346 7.00375 4
      vertex 28.2135 8.20184 4
    endloop
  endfacet
  facet normal 0.573574 -0.819153 0
    outer loop
      vertex 29.5153 7.69044 0
      vertex 28.5346 7.00375 4
      vertex 28.5346 7.00375 0
    endloop
  endfacet
  facet normal 0.573574 -0.819153 0
    outer loop
      vertex 29.5153 7.69044 0
      vertex 29.5153 7.69044 4
      vertex 28.5346 7.00375 4
    endloop
  endfacet
  facet normal -0.139161 0.99027 0
    outer loop
      vertex -29.7897 6.54741 0
      vertex -28.6041 6.71402 4
      vertex -28.6041 6.71402 0
    endloop
  endfacet
  facet normal -0.139161 0.99027 0
    outer loop
      vertex -29.7897 6.54741 0
      vertex -29.7897 6.54741 4
      vertex -28.6041 6.71402 4
    endloop
  endfacet
  facet normal -0.978157 0.207866 0
    outer loop
      vertex -29.8773 6.13519 0
      vertex -29.7897 6.54741 4
      vertex -29.7897 6.54741 0
    endloop
  endfacet
  facet normal -0.978157 0.207866 0
    outer loop
      vertex -29.8773 6.13519 0
      vertex -29.8773 6.13519 4
      vertex -29.7897 6.54741 4
    endloop
  endfacet
  facet normal -0.529907 -0.848056 0
    outer loop
      vertex -28.862 5.50078 0
      vertex -29.8773 6.13519 4
      vertex -29.8773 6.13519 0
    endloop
  endfacet
  facet normal -0.529907 -0.848056 0
    outer loop
      vertex -28.862 5.50078 0
      vertex -28.862 5.50078 4
      vertex -29.8773 6.13519 4
    endloop
  endfacet
  facet normal 0.978145 -0.207925 0
    outer loop
      vertex -28.6041 6.71402 0
      vertex -28.862 5.50078 4
      vertex -28.862 5.50078 0
    endloop
  endfacet
  facet normal 0.978145 -0.207925 0
    outer loop
      vertex -28.6041 6.71402 0
      vertex -28.6041 6.71402 4
      vertex -28.862 5.50078 4
    endloop
  endfacet
  facet normal 0.978157 0.207866 0
    outer loop
      vertex 29.7897 6.54741 0
      vertex 29.8773 6.13519 4
      vertex 29.8773 6.13519 0
    endloop
  endfacet
  facet normal 0.978157 0.207866 -0
    outer loop
      vertex 29.7897 6.54741 0
      vertex 29.7897 6.54741 4
      vertex 29.8773 6.13519 4
    endloop
  endfacet
  facet normal 0.139161 0.99027 0
    outer loop
      vertex 28.6041 6.71402 0
      vertex 29.7897 6.54741 4
      vertex 29.7897 6.54741 0
    endloop
  endfacet
  facet normal 0.139161 0.99027 -0
    outer loop
      vertex 28.6041 6.71402 0
      vertex 28.6041 6.71402 4
      vertex 29.7897 6.54741 4
    endloop
  endfacet
  facet normal -0.978145 -0.207925 0
    outer loop
      vertex 28.862 5.50078 0
      vertex 28.6041 6.71402 4
      vertex 28.6041 6.71402 0
    endloop
  endfacet
  facet normal -0.978145 -0.207925 0
    outer loop
      vertex 28.862 5.50078 0
      vertex 28.862 5.50078 4
      vertex 28.6041 6.71402 4
    endloop
  endfacet
  facet normal 0.529907 -0.848056 0
    outer loop
      vertex 29.8773 6.13519 0
      vertex 28.862 5.50078 4
      vertex 28.862 5.50078 0
    endloop
  endfacet
  facet normal 0.529907 -0.848056 0
    outer loop
      vertex 29.8773 6.13519 0
      vertex 29.8773 6.13519 4
      vertex 28.862 5.50078 4
    endloop
  endfacet
  facet normal 0.98766 0.156613 0
    outer loop
      vertex 30.0915 4.97935 0
      vertex 30.1575 4.56313 4
      vertex 30.1575 4.56313 0
    endloop
  endfacet
  facet normal 0.98766 0.156613 -0
    outer loop
      vertex 30.0915 4.97935 0
      vertex 30.0915 4.97935 4
      vertex 30.1575 4.56313 4
    endloop
  endfacet
  facet normal 0.190812 0.981627 0
    outer loop
      vertex 28.9163 5.20779 0
      vertex 30.0915 4.97935 4
      vertex 30.0915 4.97935 0
    endloop
  endfacet
  facet normal 0.190812 0.981627 -0
    outer loop
      vertex 28.9163 5.20779 0
      vertex 28.9163 5.20779 4
      vertex 30.0915 4.97935 4
    endloop
  endfacet
  facet normal -0.98768 -0.156487 0
    outer loop
      vertex 29.1104 3.98271 0
      vertex 28.9163 5.20779 4
      vertex 28.9163 5.20779 0
    endloop
  endfacet
  facet normal -0.98768 -0.156487 0
    outer loop
      vertex 29.1104 3.98271 0
      vertex 29.1104 3.98271 4
      vertex 28.9163 5.20779 4
    endloop
  endfacet
  facet normal 0.484812 -0.874619 0
    outer loop
      vertex 30.1575 4.56313 0
      vertex 29.1104 3.98271 4
      vertex 29.1104 3.98271 0
    endloop
  endfacet
  facet normal 0.484812 -0.874619 0
    outer loop
      vertex 30.1575 4.56313 0
      vertex 30.1575 4.56313 4
      vertex 29.1104 3.98271 4
    endloop
  endfacet
  facet normal -0.190812 0.981627 0
    outer loop
      vertex -30.0915 4.97935 0
      vertex -28.9163 5.20779 4
      vertex -28.9163 5.20779 0
    endloop
  endfacet
  facet normal -0.190812 0.981627 0
    outer loop
      vertex -30.0915 4.97935 0
      vertex -30.0915 4.97935 4
      vertex -28.9163 5.20779 4
    endloop
  endfacet
  facet normal -0.98766 0.156613 0
    outer loop
      vertex -30.1575 4.56313 0
      vertex -30.0915 4.97935 4
      vertex -30.0915 4.97935 0
    endloop
  endfacet
  facet normal -0.98766 0.156613 0
    outer loop
      vertex -30.1575 4.56313 0
      vertex -30.1575 4.56313 4
      vertex -30.0915 4.97935 4
    endloop
  endfacet
  facet normal -0.484812 -0.874619 0
    outer loop
      vertex -29.1104 3.98271 0
      vertex -30.1575 4.56313 4
      vertex -30.1575 4.56313 0
    endloop
  endfacet
  facet normal -0.484812 -0.874619 0
    outer loop
      vertex -29.1104 3.98271 0
      vertex -29.1104 3.98271 4
      vertex -30.1575 4.56313 4
    endloop
  endfacet
  facet normal 0.98768 -0.156487 0
    outer loop
      vertex -28.9163 5.20779 0
      vertex -29.1104 3.98271 4
      vertex -29.1104 3.98271 0
    endloop
  endfacet
  facet normal 0.98768 -0.156487 0
    outer loop
      vertex -28.9163 5.20779 0
      vertex -28.9163 5.20779 4
      vertex -29.1104 3.98271 4
    endloop
  endfacet
  facet normal -0.241918 0.970297 0
    outer loop
      vertex -30.3109 3.39766 0
      vertex -29.1492 3.6873 4
      vertex -29.1492 3.6873 0
    endloop
  endfacet
  facet normal -0.241918 0.970297 0
    outer loop
      vertex -30.3109 3.39766 0
      vertex -30.3109 3.39766 4
      vertex -29.1492 3.6873 4
    endloop
  endfacet
  facet normal -0.994534 0.104413 0
    outer loop
      vertex -30.3549 2.97856 0
      vertex -30.3109 3.39766 4
      vertex -30.3109 3.39766 0
    endloop
  endfacet
  facet normal -0.994534 0.104413 0
    outer loop
      vertex -30.3549 2.97856 0
      vertex -30.3549 2.97856 4
      vertex -30.3109 3.39766 4
    endloop
  endfacet
  facet normal -0.438384 -0.898788 0
    outer loop
      vertex -29.2789 2.45374 0
      vertex -30.3549 2.97856 4
      vertex -30.3549 2.97856 0
    endloop
  endfacet
  facet normal -0.438384 -0.898788 0
    outer loop
      vertex -29.2789 2.45374 0
      vertex -29.2789 2.45374 4
      vertex -30.3549 2.97856 4
    endloop
  endfacet
  facet normal 0.994518 -0.104566 0
    outer loop
      vertex -29.1492 3.6873 0
      vertex -29.2789 2.45374 4
      vertex -29.2789 2.45374 0
    endloop
  endfacet
  facet normal 0.994518 -0.104566 0
    outer loop
      vertex -29.1492 3.6873 0
      vertex -29.1492 3.6873 4
      vertex -29.2789 2.45374 4
    endloop
  endfacet
  facet normal 0.994534 0.104413 0
    outer loop
      vertex 30.3109 3.39766 0
      vertex 30.3549 2.97856 4
      vertex 30.3549 2.97856 0
    endloop
  endfacet
  facet normal 0.994534 0.104413 -0
    outer loop
      vertex 30.3109 3.39766 0
      vertex 30.3109 3.39766 4
      vertex 30.3549 2.97856 4
    endloop
  endfacet
  facet normal 0.241918 0.970297 0
    outer loop
      vertex 29.1492 3.6873 0
      vertex 30.3109 3.39766 4
      vertex 30.3109 3.39766 0
    endloop
  endfacet
  facet normal 0.241918 0.970297 -0
    outer loop
      vertex 29.1492 3.6873 0
      vertex 29.1492 3.6873 4
      vertex 30.3109 3.39766 4
    endloop
  endfacet
  facet normal -0.994518 -0.104566 0
    outer loop
      vertex 29.2789 2.45374 0
      vertex 29.1492 3.6873 4
      vertex 29.1492 3.6873 0
    endloop
  endfacet
  facet normal -0.994518 -0.104566 0
    outer loop
      vertex 29.2789 2.45374 0
      vertex 29.2789 2.45374 4
      vertex 29.1492 3.6873 4
    endloop
  endfacet
  facet normal 0.438384 -0.898788 0
    outer loop
      vertex 30.3549 2.97856 0
      vertex 29.2789 2.45374 4
      vertex 29.2789 2.45374 0
    endloop
  endfacet
  facet normal 0.438384 -0.898788 0
    outer loop
      vertex 30.3549 2.97856 0
      vertex 30.3549 2.97856 4
      vertex 29.2789 2.45374 4
    endloop
  endfacet
  facet normal 0.998636 0.0522051 0
    outer loop
      vertex 30.4472 1.80666 0
      vertex 30.4692 1.38582 4
      vertex 30.4692 1.38582 0
    endloop
  endfacet
  facet normal 0.998636 0.0522051 -0
    outer loop
      vertex 30.4472 1.80666 0
      vertex 30.4472 1.80666 4
      vertex 30.4692 1.38582 4
    endloop
  endfacet
  facet normal 0.292371 0.956305 0
    outer loop
      vertex 29.3023 2.15669 0
      vertex 30.4472 1.80666 4
      vertex 30.4472 1.80666 0
    endloop
  endfacet
  facet normal 0.292371 0.956305 -0
    outer loop
      vertex 29.3023 2.15669 0
      vertex 29.3023 2.15669 4
      vertex 30.4472 1.80666 4
    endloop
  endfacet
  facet normal -0.99863 -0.0523236 0
    outer loop
      vertex 29.3672 0.91803 0
      vertex 29.3023 2.15669 4
      vertex 29.3023 2.15669 0
    endloop
  endfacet
  facet normal -0.99863 -0.0523236 0
    outer loop
      vertex 29.3672 0.91803 0
      vertex 29.3672 0.91803 4
      vertex 29.3023 2.15669 4
    endloop
  endfacet
  facet normal 0.390744 -0.920499 0
    outer loop
      vertex 30.4692 1.38582 0
      vertex 29.3672 0.91803 4
      vertex 29.3672 0.91803 0
    endloop
  endfacet
  facet normal 0.390744 -0.920499 0
    outer loop
      vertex 30.4692 1.38582 0
      vertex 30.4692 1.38582 4
      vertex 29.3672 0.91803 4
    endloop
  endfacet
  facet normal -0.292371 0.956305 0
    outer loop
      vertex -30.4472 1.80666 0
      vertex -29.3023 2.15669 4
      vertex -29.3023 2.15669 0
    endloop
  endfacet
  facet normal -0.292371 0.956305 0
    outer loop
      vertex -30.4472 1.80666 0
      vertex -30.4472 1.80666 4
      vertex -29.3023 2.15669 4
    endloop
  endfacet
  facet normal -0.998636 0.0522051 0
    outer loop
      vertex -30.4692 1.38582 0
      vertex -30.4472 1.80666 4
      vertex -30.4472 1.80666 0
    endloop
  endfacet
  facet normal -0.998636 0.0522051 0
    outer loop
      vertex -30.4692 1.38582 0
      vertex -30.4692 1.38582 4
      vertex -30.4472 1.80666 4
    endloop
  endfacet
  facet normal -0.390744 -0.920499 0
    outer loop
      vertex -29.3672 0.91803 0
      vertex -30.4692 1.38582 4
      vertex -30.4692 1.38582 0
    endloop
  endfacet
  facet normal -0.390744 -0.920499 0
    outer loop
      vertex -29.3672 0.91803 0
      vertex -29.3672 0.91803 4
      vertex -30.4692 1.38582 4
    endloop
  endfacet
  facet normal 0.99863 -0.0523236 0
    outer loop
      vertex -29.3023 2.15669 0
      vertex -29.3672 0.91803 4
      vertex -29.3672 0.91803 0
    endloop
  endfacet
  facet normal 0.99863 -0.0523236 0
    outer loop
      vertex -29.3023 2.15669 0
      vertex -29.3023 2.15669 4
      vertex -29.3672 0.91803 4
    endloop
  endfacet
  facet normal 1 0 0
    outer loop
      vertex 30.5 0.210709 0
      vertex 30.5 -0.210709 4
      vertex 30.5 -0.210709 0
    endloop
  endfacet
  facet normal 1 0 -0
    outer loop
      vertex 30.5 0.210709 0
      vertex 30.5 0.210709 4
      vertex 30.5 -0.210709 4
    endloop
  endfacet
  facet normal 0.342022 0.939692 0
    outer loop
      vertex 29.375 0.620178 0
      vertex 30.5 0.210709 4
      vertex 30.5 0.210709 0
    endloop
  endfacet
  facet normal 0.342022 0.939692 -0
    outer loop
      vertex 29.375 0.620178 0
      vertex 29.375 0.620178 4
      vertex 30.5 0.210709 4
    endloop
  endfacet
  facet normal -1 0 0
    outer loop
      vertex 29.375 -0.620178 0
      vertex 29.375 0.620178 4
      vertex 29.375 0.620178 0
    endloop
  endfacet
  facet normal -1 0 0
    outer loop
      vertex 29.375 -0.620178 0
      vertex 29.375 -0.620178 4
      vertex 29.375 0.620178 4
    endloop
  endfacet
  facet normal 0.342022 -0.939692 0
    outer loop
      vertex 30.5 -0.210709 0
      vertex 29.375 -0.620178 4
      vertex 29.375 -0.620178 0
    endloop
  endfacet
  facet normal 0.342022 -0.939692 0
    outer loop
      vertex 30.5 -0.210709 0
      vertex 30.5 -0.210709 4
      vertex 29.375 -0.620178 4
    endloop
  endfacet
  facet normal -0.342022 0.939692 0
    outer loop
      vertex -30.5 0.210709 0
      vertex -29.375 0.620178 4
      vertex -29.375 0.620178 0
    endloop
  endfacet
  facet normal -0.342022 0.939692 0
    outer loop
      vertex -30.5 0.210709 0
      vertex -30.5 0.210709 4
      vertex -29.375 0.620178 4
    endloop
  endfacet
  facet normal -1 0 0
    outer loop
      vertex -30.5 -0.210709 0
      vertex -30.5 0.210709 4
      vertex -30.5 0.210709 0
    endloop
  endfacet
  facet normal -1 0 0
    outer loop
      vertex -30.5 -0.210709 0
      vertex -30.5 -0.210709 4
      vertex -30.5 0.210709 4
    endloop
  endfacet
  facet normal -0.342022 -0.939692 0
    outer loop
      vertex -29.375 -0.620178 0
      vertex -30.5 -0.210709 4
      vertex -30.5 -0.210709 0
    endloop
  endfacet
  facet normal -0.342022 -0.939692 0
    outer loop
      vertex -29.375 -0.620178 0
      vertex -29.375 -0.620178 4
      vertex -30.5 -0.210709 4
    endloop
  endfacet
  facet normal 1 0 0
    outer loop
      vertex -29.375 0.620178 0
      vertex -29.375 -0.620178 4
      vertex -29.375 -0.620178 0
    endloop
  endfacet
  facet normal 1 0 -0
    outer loop
      vertex -29.375 0.620178 0
      vertex -29.375 0.620178 4
      vertex -29.375 -0.620178 4
    endloop
  endfacet
  facet normal -0.390744 0.920499 0
    outer loop
      vertex -30.4692 -1.38582 0
      vertex -29.3672 -0.91803 4
      vertex -29.3672 -0.91803 0
    endloop
  endfacet
  facet normal -0.390744 0.920499 0
    outer loop
      vertex -30.4692 -1.38582 0
      vertex -30.4692 -1.38582 4
      vertex -29.3672 -0.91803 4
    endloop
  endfacet
  facet normal -0.998636 -0.0522051 0
    outer loop
      vertex -30.4472 -1.80666 0
      vertex -30.4692 -1.38582 4
      vertex -30.4692 -1.38582 0
    endloop
  endfacet
  facet normal -0.998636 -0.0522051 0
    outer loop
      vertex -30.4472 -1.80666 0
      vertex -30.4472 -1.80666 4
      vertex -30.4692 -1.38582 4
    endloop
  endfacet
  facet normal -0.292371 -0.956305 0
    outer loop
      vertex -29.3023 -2.15669 0
      vertex -30.4472 -1.80666 4
      vertex -30.4472 -1.80666 0
    endloop
  endfacet
  facet normal -0.292371 -0.956305 0
    outer loop
      vertex -29.3023 -2.15669 0
      vertex -29.3023 -2.15669 4
      vertex -30.4472 -1.80666 4
    endloop
  endfacet
  facet normal 0.99863 0.0523236 0
    outer loop
      vertex -29.3672 -0.91803 0
      vertex -29.3023 -2.15669 4
      vertex -29.3023 -2.15669 0
    endloop
  endfacet
  facet normal 0.99863 0.0523236 -0
    outer loop
      vertex -29.3672 -0.91803 0
      vertex -29.3672 -0.91803 4
      vertex -29.3023 -2.15669 4
    endloop
  endfacet
  facet normal 0.998636 -0.0522051 0
    outer loop
      vertex 30.4692 -1.38582 0
      vertex 30.4472 -1.80666 4
      vertex 30.4472 -1.80666 0
    endloop
  endfacet
  facet normal 0.998636 -0.0522051 0
    outer loop
      vertex 30.4692 -1.38582 0
      vertex 30.4692 -1.38582 4
      vertex 30.4472 -1.80666 4
    endloop
  endfacet
  facet normal 0.390744 0.920499 0
    outer loop
      vertex 29.3672 -0.91803 0
      vertex 30.4692 -1.38582 4
      vertex 30.4692 -1.38582 0
    endloop
  endfacet
  facet normal 0.390744 0.920499 -0
    outer loop
      vertex 29.3672 -0.91803 0
      vertex 29.3672 -0.91803 4
      vertex 30.4692 -1.38582 4
    endloop
  endfacet
  facet normal -0.99863 0.0523236 0
    outer loop
      vertex 29.3023 -2.15669 0
      vertex 29.3672 -0.91803 4
      vertex 29.3672 -0.91803 0
    endloop
  endfacet
  facet normal -0.99863 0.0523236 0
    outer loop
      vertex 29.3023 -2.15669 0
      vertex 29.3023 -2.15669 4
      vertex 29.3672 -0.91803 4
    endloop
  endfacet
  facet normal 0.292371 -0.956305 0
    outer loop
      vertex 30.4472 -1.80666 0
      vertex 29.3023 -2.15669 4
      vertex 29.3023 -2.15669 0
    endloop
  endfacet
  facet normal 0.292371 -0.956305 0
    outer loop
      vertex 30.4472 -1.80666 0
      vertex 30.4472 -1.80666 4
      vertex 29.3023 -2.15669 4
    endloop
  endfacet
  facet normal 0.994534 -0.104413 0
    outer loop
      vertex 30.3549 -2.97856 0
      vertex 30.3109 -3.39766 4
      vertex 30.3109 -3.39766 0
    endloop
  endfacet
  facet normal 0.994534 -0.104413 0
    outer loop
      vertex 30.3549 -2.97856 0
      vertex 30.3549 -2.97856 4
      vertex 30.3109 -3.39766 4
    endloop
  endfacet
  facet normal 0.438384 0.898788 0
    outer loop
      vertex 29.2789 -2.45374 0
      vertex 30.3549 -2.97856 4
      vertex 30.3549 -2.97856 0
    endloop
  endfacet
  facet normal 0.438384 0.898788 -0
    outer loop
      vertex 29.2789 -2.45374 0
      vertex 29.2789 -2.45374 4
      vertex 30.3549 -2.97856 4
    endloop
  endfacet
  facet normal -0.994518 0.104566 0
    outer loop
      vertex 29.1492 -3.6873 0
      vertex 29.2789 -2.45374 4
      vertex 29.2789 -2.45374 0
    endloop
  endfacet
  facet normal -0.994518 0.104566 0
    outer loop
      vertex 29.1492 -3.6873 0
      vertex 29.1492 -3.6873 4
      vertex 29.2789 -2.45374 4
    endloop
  endfacet
  facet normal 0.241918 -0.970297 0
    outer loop
      vertex 30.3109 -3.39766 0
      vertex 29.1492 -3.6873 4
      vertex 29.1492 -3.6873 0
    endloop
  endfacet
  facet normal 0.241918 -0.970297 0
    outer loop
      vertex 30.3109 -3.39766 0
      vertex 30.3109 -3.39766 4
      vertex 29.1492 -3.6873 4
    endloop
  endfacet
  facet normal -0.438384 0.898788 0
    outer loop
      vertex -30.3549 -2.97856 0
      vertex -29.2789 -2.45374 4
      vertex -29.2789 -2.45374 0
    endloop
  endfacet
  facet normal -0.438384 0.898788 0
    outer loop
      vertex -30.3549 -2.97856 0
      vertex -30.3549 -2.97856 4
      vertex -29.2789 -2.45374 4
    endloop
  endfacet
  facet normal -0.994534 -0.104413 0
    outer loop
      vertex -30.3109 -3.39766 0
      vertex -30.3549 -2.97856 4
      vertex -30.3549 -2.97856 0
    endloop
  endfacet
  facet normal -0.994534 -0.104413 0
    outer loop
      vertex -30.3109 -3.39766 0
      vertex -30.3109 -3.39766 4
      vertex -30.3549 -2.97856 4
    endloop
  endfacet
  facet normal -0.241918 -0.970297 0
    outer loop
      vertex -29.1492 -3.6873 0
      vertex -30.3109 -3.39766 4
      vertex -30.3109 -3.39766 0
    endloop
  endfacet
  facet normal -0.241918 -0.970297 0
    outer loop
      vertex -29.1492 -3.6873 0
      vertex -29.1492 -3.6873 4
      vertex -30.3109 -3.39766 4
    endloop
  endfacet
  facet normal 0.994518 0.104566 0
    outer loop
      vertex -29.2789 -2.45374 0
      vertex -29.1492 -3.6873 4
      vertex -29.1492 -3.6873 0
    endloop
  endfacet
  facet normal 0.994518 0.104566 -0
    outer loop
      vertex -29.2789 -2.45374 0
      vertex -29.2789 -2.45374 4
      vertex -29.1492 -3.6873 4
    endloop
  endfacet
  facet normal -0.484812 0.874619 0
    outer loop
      vertex -30.1575 -4.56313 0
      vertex -29.1104 -3.98271 4
      vertex -29.1104 -3.98271 0
    endloop
  endfacet
  facet normal -0.484812 0.874619 0
    outer loop
      vertex -30.1575 -4.56313 0
      vertex -30.1575 -4.56313 4
      vertex -29.1104 -3.98271 4
    endloop
  endfacet
  facet normal -0.98766 -0.156613 0
    outer loop
      vertex -30.0915 -4.97935 0
      vertex -30.1575 -4.56313 4
      vertex -30.1575 -4.56313 0
    endloop
  endfacet
  facet normal -0.98766 -0.156613 0
    outer loop
      vertex -30.0915 -4.97935 0
      vertex -30.0915 -4.97935 4
      vertex -30.1575 -4.56313 4
    endloop
  endfacet
  facet normal -0.190812 -0.981627 0
    outer loop
      vertex -28.9163 -5.20779 0
      vertex -30.0915 -4.97935 4
      vertex -30.0915 -4.97935 0
    endloop
  endfacet
  facet normal -0.190812 -0.981627 0
    outer loop
      vertex -28.9163 -5.20779 0
      vertex -28.9163 -5.20779 4
      vertex -30.0915 -4.97935 4
    endloop
  endfacet
  facet normal 0.98768 0.156487 0
    outer loop
      vertex -29.1104 -3.98271 0
      vertex -28.9163 -5.20779 4
      vertex -28.9163 -5.20779 0
    endloop
  endfacet
  facet normal 0.98768 0.156487 -0
    outer loop
      vertex -29.1104 -3.98271 0
      vertex -29.1104 -3.98271 4
      vertex -28.9163 -5.20779 4
    endloop
  endfacet
  facet normal 0.98766 -0.156613 0
    outer loop
      vertex 30.1575 -4.56313 0
      vertex 30.0915 -4.97935 4
      vertex 30.0915 -4.97935 0
    endloop
  endfacet
  facet normal 0.98766 -0.156613 0
    outer loop
      vertex 30.1575 -4.56313 0
      vertex 30.1575 -4.56313 4
      vertex 30.0915 -4.97935 4
    endloop
  endfacet
  facet normal 0.484812 0.874619 0
    outer loop
      vertex 29.1104 -3.98271 0
      vertex 30.1575 -4.56313 4
      vertex 30.1575 -4.56313 0
    endloop
  endfacet
  facet normal 0.484812 0.874619 -0
    outer loop
      vertex 29.1104 -3.98271 0
      vertex 29.1104 -3.98271 4
      vertex 30.1575 -4.56313 4
    endloop
  endfacet
  facet normal -0.98768 0.156487 0
    outer loop
      vertex 28.9163 -5.20779 0
      vertex 29.1104 -3.98271 4
      vertex 29.1104 -3.98271 0
    endloop
  endfacet
  facet normal -0.98768 0.156487 0
    outer loop
      vertex 28.9163 -5.20779 0
      vertex 28.9163 -5.20779 4
      vertex 29.1104 -3.98271 4
    endloop
  endfacet
  facet normal 0.190812 -0.981627 0
    outer loop
      vertex 30.0915 -4.97935 0
      vertex 28.9163 -5.20779 4
      vertex 28.9163 -5.20779 0
    endloop
  endfacet
  facet normal 0.190812 -0.981627 0
    outer loop
      vertex 30.0915 -4.97935 0
      vertex 30.0915 -4.97935 4
      vertex 28.9163 -5.20779 4
    endloop
  endfacet
  facet normal -0.529907 0.848056 0
    outer loop
      vertex -29.8773 -6.13519 0
      vertex -28.862 -5.50078 4
      vertex -28.862 -5.50078 0
    endloop
  endfacet
  facet normal -0.529907 0.848056 0
    outer loop
      vertex -29.8773 -6.13519 0
      vertex -29.8773 -6.13519 4
      vertex -28.862 -5.50078 4
    endloop
  endfacet
  facet normal -0.978157 -0.207866 0
    outer loop
      vertex -29.7897 -6.54741 0
      vertex -29.8773 -6.13519 4
      vertex -29.8773 -6.13519 0
    endloop
  endfacet
  facet normal -0.978157 -0.207866 0
    outer loop
      vertex -29.7897 -6.54741 0
      vertex -29.7897 -6.54741 4
      vertex -29.8773 -6.13519 4
    endloop
  endfacet
  facet normal -0.139161 -0.99027 0
    outer loop
      vertex -28.6041 -6.71402 0
      vertex -29.7897 -6.54741 4
      vertex -29.7897 -6.54741 0
    endloop
  endfacet
  facet normal -0.139161 -0.99027 0
    outer loop
      vertex -28.6041 -6.71402 0
      vertex -28.6041 -6.71402 4
      vertex -29.7897 -6.54741 4
    endloop
  endfacet
  facet normal 0.978145 0.207925 0
    outer loop
      vertex -28.862 -5.50078 0
      vertex -28.6041 -6.71402 4
      vertex -28.6041 -6.71402 0
    endloop
  endfacet
  facet normal 0.978145 0.207925 -0
    outer loop
      vertex -28.862 -5.50078 0
      vertex -28.862 -5.50078 4
      vertex -28.6041 -6.71402 4
    endloop
  endfacet
  facet normal 0.978157 -0.207866 0
    outer loop
      vertex 29.8773 -6.13519 0
      vertex 29.7897 -6.54741 4
      vertex 29.7897 -6.54741 0
    endloop
  endfacet
  facet normal 0.978157 -0.207866 0
    outer loop
      vertex 29.8773 -6.13519 0
      vertex 29.8773 -6.13519 4
      vertex 29.7897 -6.54741 4
    endloop
  endfacet
  facet normal 0.529907 0.848056 0
    outer loop
      vertex 28.862 -5.50078 0
      vertex 29.8773 -6.13519 4
      vertex 29.8773 -6.13519 0
    endloop
  endfacet
  facet normal 0.529907 0.848056 -0
    outer loop
      vertex 28.862 -5.50078 0
      vertex 28.862 -5.50078 4
      vertex 29.8773 -6.13519 4
    endloop
  endfacet
  facet normal -0.978145 0.207925 0
    outer loop
      vertex 28.6041 -6.71402 0
      vertex 28.862 -5.50078 4
      vertex 28.862 -5.50078 0
    endloop
  endfacet
  facet normal -0.978145 0.207925 0
    outer loop
      vertex 28.6041 -6.71402 0
      vertex 28.6041 -6.71402 4
      vertex 28.862 -5.50078 4
    endloop
  endfacet
  facet normal 0.139161 -0.99027 0
    outer loop
      vertex 29.7897 -6.54741 0
      vertex 28.6041 -6.71402 4
      vertex 28.6041 -6.71402 0
    endloop
  endfacet
  facet normal 0.139161 -0.99027 0
    outer loop
      vertex 29.7897 -6.54741 0
      vertex 29.7897 -6.54741 4
      vertex 28.6041 -6.71402 4
    endloop
  endfacet
  facet normal 0.965909 -0.258882 0
    outer loop
      vertex 29.5153 -7.69044 0
      vertex 29.4062 -8.0975 4
      vertex 29.4062 -8.0975 0
    endloop
  endfacet
  facet normal 0.965909 -0.258882 0
    outer loop
      vertex 29.5153 -7.69044 0
      vertex 29.5153 -7.69044 4
      vertex 29.4062 -8.0975 4
    endloop
  endfacet
  facet normal 0.573574 0.819153 0
    outer loop
      vertex 28.5346 -7.00375 0
      vertex 29.5153 -7.69044 4
      vertex 29.5153 -7.69044 0
    endloop
  endfacet
  facet normal 0.573574 0.819153 -0
    outer loop
      vertex 28.5346 -7.00375 0
      vertex 28.5346 -7.00375 4
      vertex 29.5153 -7.69044 4
    endloop
  endfacet
  facet normal -0.965911 0.258874 0
    outer loop
      vertex 28.2135 -8.20184 0
      vertex 28.5346 -7.00375 4
      vertex 28.5346 -7.00375 0
    endloop
  endfacet
  facet normal -0.965911 0.258874 0
    outer loop
      vertex 28.2135 -8.20184 0
      vertex 28.2135 -8.20184 4
      vertex 28.5346 -7.00375 4
    endloop
  endfacet
  facet normal 0.0871493 -0.996195 0
    outer loop
      vertex 29.4062 -8.0975 0
      vertex 28.2135 -8.20184 4
      vertex 28.2135 -8.20184 0
    endloop
  endfacet
  facet normal 0.0871493 -0.996195 0
    outer loop
      vertex 29.4062 -8.0975 0
      vertex 29.4062 -8.0975 4
      vertex 28.2135 -8.20184 4
    endloop
  endfacet
  facet normal -0.573574 0.819153 0
    outer loop
      vertex -29.5153 -7.69044 0
      vertex -28.5346 -7.00375 4
      vertex -28.5346 -7.00375 0
    endloop
  endfacet
  facet normal -0.573574 0.819153 0
    outer loop
      vertex -29.5153 -7.69044 0
      vertex -29.5153 -7.69044 4
      vertex -28.5346 -7.00375 4
    endloop
  endfacet
  facet normal -0.965909 -0.258882 0
    outer loop
      vertex -29.4062 -8.0975 0
      vertex -29.5153 -7.69044 4
      vertex -29.5153 -7.69044 0
    endloop
  endfacet
  facet normal -0.965909 -0.258882 0
    outer loop
      vertex -29.4062 -8.0975 0
      vertex -29.4062 -8.0975 4
      vertex -29.5153 -7.69044 4
    endloop
  endfacet
  facet normal -0.0871493 -0.996195 0
    outer loop
      vertex -28.2135 -8.20184 0
      vertex -29.4062 -8.0975 4
      vertex -29.4062 -8.0975 0
    endloop
  endfacet
  facet normal -0.0871493 -0.996195 0
    outer loop
      vertex -28.2135 -8.20184 0
      vertex -28.2135 -8.20184 4
      vertex -29.4062 -8.0975 4
    endloop
  endfacet
  facet normal 0.965911 0.258874 0
    outer loop
      vertex -28.5346 -7.00375 0
      vertex -28.2135 -8.20184 4
      vertex -28.2135 -8.20184 0
    endloop
  endfacet
  facet normal 0.965911 0.258874 -0
    outer loop
      vertex -28.5346 -7.00375 0
      vertex -28.5346 -7.00375 4
      vertex -28.2135 -8.20184 4
    endloop
  endfacet
  facet normal 0.951076 -0.308957 0
    outer loop
      vertex 29.0723 -9.22461 0
      vertex 28.9421 -9.62541 4
      vertex 28.9421 -9.62541 0
    endloop
  endfacet
  facet normal 0.951076 -0.308957 0
    outer loop
      vertex 29.0723 -9.22461 0
      vertex 29.0723 -9.22461 4
      vertex 28.9421 -9.62541 4
    endloop
  endfacet
  facet normal 0.615659 0.788013 0
    outer loop
      vertex 28.1289 -8.48755 0
      vertex 29.0723 -9.22461 4
      vertex 29.0723 -9.22461 0
    endloop
  endfacet
  facet normal 0.615659 0.788013 -0
    outer loop
      vertex 28.1289 -8.48755 0
      vertex 28.1289 -8.48755 4
      vertex 29.0723 -9.22461 4
    endloop
  endfacet
  facet normal -0.951054 0.309026 0
    outer loop
      vertex 27.7456 -9.66719 0
      vertex 28.1289 -8.48755 4
      vertex 28.1289 -8.48755 0
    endloop
  endfacet
  facet normal -0.951054 0.309026 0
    outer loop
      vertex 27.7456 -9.66719 0
      vertex 27.7456 -9.66719 4
      vertex 28.1289 -8.48755 4
    endloop
  endfacet
  facet normal 0.0348972 -0.999391 0
    outer loop
      vertex 28.9421 -9.62541 0
      vertex 27.7456 -9.66719 4
      vertex 27.7456 -9.66719 0
    endloop
  endfacet
  facet normal 0.0348972 -0.999391 0
    outer loop
      vertex 28.9421 -9.62541 0
      vertex 28.9421 -9.62541 4
      vertex 27.7456 -9.66719 4
    endloop
  endfacet
  facet normal -0.615659 0.788013 0
    outer loop
      vertex -29.0723 -9.22461 0
      vertex -28.1289 -8.48755 4
      vertex -28.1289 -8.48755 0
    endloop
  endfacet
  facet normal -0.615659 0.788013 0
    outer loop
      vertex -29.0723 -9.22461 0
      vertex -29.0723 -9.22461 4
      vertex -28.1289 -8.48755 4
    endloop
  endfacet
  facet normal -0.951076 -0.308957 0
    outer loop
      vertex -28.9421 -9.62541 0
      vertex -29.0723 -9.22461 4
      vertex -29.0723 -9.22461 0
    endloop
  endfacet
  facet normal -0.951076 -0.308957 0
    outer loop
      vertex -28.9421 -9.62541 0
      vertex -28.9421 -9.62541 4
      vertex -29.0723 -9.22461 4
    endloop
  endfacet
  facet normal -0.0348972 -0.999391 0
    outer loop
      vertex -27.7456 -9.66719 0
      vertex -28.9421 -9.62541 4
      vertex -28.9421 -9.62541 0
    endloop
  endfacet
  facet normal -0.0348972 -0.999391 0
    outer loop
      vertex -27.7456 -9.66719 0
      vertex -27.7456 -9.66719 4
      vertex -28.9421 -9.62541 4
    endloop
  endfacet
  facet normal 0.951054 0.309026 0
    outer loop
      vertex -28.1289 -8.48755 0
      vertex -27.7456 -9.66719 4
      vertex -27.7456 -9.66719 0
    endloop
  endfacet
  facet normal 0.951054 0.309026 -0
    outer loop
      vertex -28.1289 -8.48755 0
      vertex -28.1289 -8.48755 4
      vertex -27.7456 -9.66719 4
    endloop
  endfacet
  facet normal 0.656078 0.754693 0
    outer loop
      vertex 27.6462 -9.94806 0
      vertex 28.5497 -10.7335 4
      vertex 28.5497 -10.7335 0
    endloop
  endfacet
  facet normal 0.656078 0.754693 -0
    outer loop
      vertex 27.6462 -9.94806 0
      vertex 27.6462 -9.94806 4
      vertex 28.5497 -10.7335 4
    endloop
  endfacet
  facet normal -0.933578 0.358374 0
    outer loop
      vertex 27.2017 -11.106 0
      vertex 27.6462 -9.94806 4
      vertex 27.6462 -9.94806 0
    endloop
  endfacet
  facet normal -0.933578 0.358374 0
    outer loop
      vertex 27.2017 -11.106 0
      vertex 27.2017 -11.106 4
      vertex 27.6462 -9.94806 4
    endloop
  endfacet
  facet normal -0.0174577 -0.999848 0
    outer loop
      vertex 28.3987 -11.1269 0
      vertex 27.2017 -11.106 4
      vertex 27.2017 -11.106 0
    endloop
  endfacet
  facet normal -0.0174577 -0.999848 0
    outer loop
      vertex 28.3987 -11.1269 0
      vertex 28.3987 -11.1269 4
      vertex 27.2017 -11.106 4
    endloop
  endfacet
  facet normal 0.93359 -0.358343 0
    outer loop
      vertex 28.5497 -10.7335 0
      vertex 28.3987 -11.1269 4
      vertex 28.3987 -11.1269 0
    endloop
  endfacet
  facet normal 0.93359 -0.358343 0
    outer loop
      vertex 28.5497 -10.7335 0
      vertex 28.5497 -10.7335 4
      vertex 28.3987 -11.1269 4
    endloop
  endfacet
  facet normal 0.933578 0.358374 0
    outer loop
      vertex -27.6462 -9.94806 0
      vertex -27.2017 -11.106 4
      vertex -27.2017 -11.106 0
    endloop
  endfacet
  facet normal 0.933578 0.358374 -0
    outer loop
      vertex -27.6462 -9.94806 0
      vertex -27.6462 -9.94806 4
      vertex -27.2017 -11.106 4
    endloop
  endfacet
  facet normal -0.656078 0.754693 0
    outer loop
      vertex -28.5497 -10.7335 0
      vertex -27.6462 -9.94806 4
      vertex -27.6462 -9.94806 0
    endloop
  endfacet
  facet normal -0.656078 0.754693 0
    outer loop
      vertex -28.5497 -10.7335 0
      vertex -28.5497 -10.7335 4
      vertex -27.6462 -9.94806 4
    endloop
  endfacet
  facet normal -0.93359 -0.358343 0
    outer loop
      vertex -28.3987 -11.1269 0
      vertex -28.5497 -10.7335 4
      vertex -28.5497 -10.7335 0
    endloop
  endfacet
  facet normal -0.93359 -0.358343 0
    outer loop
      vertex -28.3987 -11.1269 0
      vertex -28.3987 -11.1269 4
      vertex -28.5497 -10.7335 4
    endloop
  endfacet
  facet normal 0.0174577 -0.999848 0
    outer loop
      vertex -27.2017 -11.106 0
      vertex -28.3987 -11.1269 4
      vertex -28.3987 -11.1269 0
    endloop
  endfacet
  facet normal 0.0174577 -0.999848 0
    outer loop
      vertex -27.2017 -11.106 0
      vertex -27.2017 -11.106 4
      vertex -28.3987 -11.1269 4
    endloop
  endfacet
  facet normal 0.913542 0.406744 0
    outer loop
      vertex -27.0876 -11.3813 0
      vertex -26.5831 -12.5144 4
      vertex -26.5831 -12.5144 0
    endloop
  endfacet
  facet normal 0.913542 0.406744 -0
    outer loop
      vertex -27.0876 -11.3813 0
      vertex -27.0876 -11.3813 4
      vertex -26.5831 -12.5144 4
    endloop
  endfacet
  facet normal -0.694679 0.719319 0
    outer loop
      vertex -27.9488 -12.213 0
      vertex -27.0876 -11.3813 4
      vertex -27.0876 -11.3813 0
    endloop
  endfacet
  facet normal -0.694679 0.719319 0
    outer loop
      vertex -27.9488 -12.213 0
      vertex -27.9488 -12.213 4
      vertex -27.0876 -11.3813 4
    endloop
  endfacet
  facet normal -0.913518 -0.406799 0
    outer loop
      vertex -27.7774 -12.5979 0
      vertex -27.9488 -12.213 4
      vertex -27.9488 -12.213 0
    endloop
  endfacet
  facet normal -0.913518 -0.406799 0
    outer loop
      vertex -27.7774 -12.5979 0
      vertex -27.7774 -12.5979 4
      vertex -27.9488 -12.213 4
    endloop
  endfacet
  facet normal 0.0697452 -0.997565 0
    outer loop
      vertex -26.5831 -12.5144 0
      vertex -27.7774 -12.5979 4
      vertex -27.7774 -12.5979 0
    endloop
  endfacet
  facet normal 0.0697452 -0.997565 0
    outer loop
      vertex -26.5831 -12.5144 0
      vertex -26.5831 -12.5144 4
      vertex -27.7774 -12.5979 4
    endloop
  endfacet
  facet normal 0.694679 0.719319 0
    outer loop
      vertex 27.0876 -11.3813 0
      vertex 27.9488 -12.213 4
      vertex 27.9488 -12.213 0
    endloop
  endfacet
  facet normal 0.694679 0.719319 -0
    outer loop
      vertex 27.0876 -11.3813 0
      vertex 27.0876 -11.3813 4
      vertex 27.9488 -12.213 4
    endloop
  endfacet
  facet normal -0.913542 0.406744 0
    outer loop
      vertex 26.5831 -12.5144 0
      vertex 27.0876 -11.3813 4
      vertex 27.0876 -11.3813 0
    endloop
  endfacet
  facet normal -0.913542 0.406744 0
    outer loop
      vertex 26.5831 -12.5144 0
      vertex 26.5831 -12.5144 4
      vertex 27.0876 -11.3813 4
    endloop
  endfacet
  facet normal -0.0697452 -0.997565 0
    outer loop
      vertex 27.7774 -12.5979 0
      vertex 26.5831 -12.5144 4
      vertex 26.5831 -12.5144 0
    endloop
  endfacet
  facet normal -0.0697452 -0.997565 0
    outer loop
      vertex 27.7774 -12.5979 0
      vertex 27.7774 -12.5979 4
      vertex 26.5831 -12.5144 4
    endloop
  endfacet
  facet normal 0.913518 -0.406799 0
    outer loop
      vertex 27.9488 -12.213 0
      vertex 27.7774 -12.5979 4
      vertex 27.7774 -12.5979 0
    endloop
  endfacet
  facet normal 0.913518 -0.406799 0
    outer loop
      vertex 27.9488 -12.213 0
      vertex 27.9488 -12.213 4
      vertex 27.7774 -12.5979 4
    endloop
  endfacet
  facet normal 0.7314 0.681949 0
    outer loop
      vertex 26.4549 -12.7834 0
      vertex 27.2713 -13.659 4
      vertex 27.2713 -13.659 0
    endloop
  endfacet
  facet normal 0.7314 0.681949 -0
    outer loop
      vertex 26.4549 -12.7834 0
      vertex 26.4549 -12.7834 4
      vertex 27.2713 -13.659 4
    endloop
  endfacet
  facet normal -0.890999 0.454005 0
    outer loop
      vertex 25.8918 -13.8885 0
      vertex 26.4549 -12.7834 4
      vertex 26.4549 -12.7834 0
    endloop
  endfacet
  facet normal -0.890999 0.454005 0
    outer loop
      vertex 25.8918 -13.8885 0
      vertex 25.8918 -13.8885 4
      vertex 26.4549 -12.7834 4
    endloop
  endfacet
  facet normal -0.121875 -0.992545 0
    outer loop
      vertex 27.08 -14.0344 0
      vertex 25.8918 -13.8885 4
      vertex 25.8918 -13.8885 0
    endloop
  endfacet
  facet normal -0.121875 -0.992545 0
    outer loop
      vertex 27.08 -14.0344 0
      vertex 27.08 -14.0344 4
      vertex 25.8918 -13.8885 4
    endloop
  endfacet
  facet normal 0.890983 -0.454036 0
    outer loop
      vertex 27.2713 -13.659 0
      vertex 27.08 -14.0344 4
      vertex 27.08 -14.0344 0
    endloop
  endfacet
  facet normal 0.890983 -0.454036 0
    outer loop
      vertex 27.2713 -13.659 0
      vertex 27.2713 -13.659 4
      vertex 27.08 -14.0344 4
    endloop
  endfacet
  facet normal 0.890999 0.454005 0
    outer loop
      vertex -26.4549 -12.7834 0
      vertex -25.8918 -13.8885 4
      vertex -25.8918 -13.8885 0
    endloop
  endfacet
  facet normal 0.890999 0.454005 -0
    outer loop
      vertex -26.4549 -12.7834 0
      vertex -26.4549 -12.7834 4
      vertex -25.8918 -13.8885 4
    endloop
  endfacet
  facet normal -0.7314 0.681949 0
    outer loop
      vertex -27.2713 -13.659 0
      vertex -26.4549 -12.7834 4
      vertex -26.4549 -12.7834 0
    endloop
  endfacet
  facet normal -0.7314 0.681949 0
    outer loop
      vertex -27.2713 -13.659 0
      vertex -27.2713 -13.659 4
      vertex -26.4549 -12.7834 4
    endloop
  endfacet
  facet normal -0.890983 -0.454036 0
    outer loop
      vertex -27.08 -14.0344 0
      vertex -27.2713 -13.659 4
      vertex -27.2713 -13.659 0
    endloop
  endfacet
  facet normal -0.890983 -0.454036 0
    outer loop
      vertex -27.08 -14.0344 0
      vertex -27.08 -14.0344 4
      vertex -27.2713 -13.659 4
    endloop
  endfacet
  facet normal 0.121875 -0.992545 0
    outer loop
      vertex -25.8918 -13.8885 0
      vertex -27.08 -14.0344 4
      vertex -27.08 -14.0344 0
    endloop
  endfacet
  facet normal 0.121875 -0.992545 0
    outer loop
      vertex -25.8918 -13.8885 0
      vertex -25.8918 -13.8885 4
      vertex -27.08 -14.0344 4
    endloop
  endfacet
  facet normal 0.76606 0.642769 0
    outer loop
      vertex 25.7496 -14.1504 0
      vertex 26.5191 -15.0675 4
      vertex 26.5191 -15.0675 0
    endloop
  endfacet
  facet normal 0.76606 0.642769 -0
    outer loop
      vertex 25.7496 -14.1504 0
      vertex 25.7496 -14.1504 4
      vertex 26.5191 -15.0675 4
    endloop
  endfacet
  facet normal -0.866022 0.500006 0
    outer loop
      vertex 25.1294 -15.2246 0
      vertex 25.7496 -14.1504 4
      vertex 25.7496 -14.1504 0
    endloop
  endfacet
  facet normal -0.866022 0.500006 0
    outer loop
      vertex 25.1294 -15.2246 0
      vertex 25.1294 -15.2246 4
      vertex 25.7496 -14.1504 4
    endloop
  endfacet
  facet normal -0.173657 -0.984806 0
    outer loop
      vertex 26.3084 -15.4325 0
      vertex 25.1294 -15.2246 4
      vertex 25.1294 -15.2246 0
    endloop
  endfacet
  facet normal -0.173657 -0.984806 0
    outer loop
      vertex 26.3084 -15.4325 0
      vertex 26.3084 -15.4325 4
      vertex 25.1294 -15.2246 4
    endloop
  endfacet
  facet normal 0.866059 -0.499942 0
    outer loop
      vertex 26.5191 -15.0675 0
      vertex 26.3084 -15.4325 4
      vertex 26.3084 -15.4325 0
    endloop
  endfacet
  facet normal 0.866059 -0.499942 0
    outer loop
      vertex 26.5191 -15.0675 0
      vertex 26.5191 -15.0675 4
      vertex 26.3084 -15.4325 4
    endloop
  endfacet
  facet normal 0.866022 0.500006 0
    outer loop
      vertex -25.7496 -14.1504 0
      vertex -25.1294 -15.2246 4
      vertex -25.1294 -15.2246 0
    endloop
  endfacet
  facet normal 0.866022 0.500006 -0
    outer loop
      vertex -25.7496 -14.1504 0
      vertex -25.7496 -14.1504 4
      vertex -25.1294 -15.2246 4
    endloop
  endfacet
  facet normal -0.76606 0.642769 0
    outer loop
      vertex -26.5191 -15.0675 0
      vertex -25.7496 -14.1504 4
      vertex -25.7496 -14.1504 0
    endloop
  endfacet
  facet normal -0.76606 0.642769 0
    outer loop
      vertex -26.5191 -15.0675 0
      vertex -26.5191 -15.0675 4
      vertex -25.7496 -14.1504 4
    endloop
  endfacet
  facet normal -0.866059 -0.499942 0
    outer loop
      vertex -26.3084 -15.4325 0
      vertex -26.5191 -15.0675 4
      vertex -26.5191 -15.0675 0
    endloop
  endfacet
  facet normal -0.866059 -0.499942 0
    outer loop
      vertex -26.3084 -15.4325 0
      vertex -26.3084 -15.4325 4
      vertex -26.5191 -15.0675 4
    endloop
  endfacet
  facet normal 0.173657 -0.984806 0
    outer loop
      vertex -25.1294 -15.2246 0
      vertex -26.3084 -15.4325 4
      vertex -26.3084 -15.4325 0
    endloop
  endfacet
  facet normal 0.173657 -0.984806 0
    outer loop
      vertex -25.1294 -15.2246 0
      vertex -25.1294 -15.2246 4
      vertex -26.3084 -15.4325 4
    endloop
  endfacet
  facet normal 0.798655 0.601789 0
    outer loop
      vertex 24.9737 -15.4786 0
      vertex 25.6942 -16.4348 4
      vertex 25.6942 -16.4348 0
    endloop
  endfacet
  facet normal 0.798655 0.601789 -0
    outer loop
      vertex 24.9737 -15.4786 0
      vertex 24.9737 -15.4786 4
      vertex 25.6942 -16.4348 4
    endloop
  endfacet
  facet normal -0.8387 0.544594 0
    outer loop
      vertex 24.2982 -16.5189 0
      vertex 24.9737 -15.4786 4
      vertex 24.9737 -15.4786 0
    endloop
  endfacet
  facet normal -0.8387 0.544594 0
    outer loop
      vertex 24.2982 -16.5189 0
      vertex 24.2982 -16.5189 4
      vertex 24.9737 -15.4786 4
    endloop
  endfacet
  facet normal -0.224945 -0.974371 0
    outer loop
      vertex 25.4647 -16.7882 0
      vertex 24.2982 -16.5189 4
      vertex 24.2982 -16.5189 0
    endloop
  endfacet
  facet normal -0.224945 -0.974371 0
    outer loop
      vertex 25.4647 -16.7882 0
      vertex 25.4647 -16.7882 4
      vertex 24.2982 -16.5189 4
    endloop
  endfacet
  facet normal 0.838671 -0.544638 0
    outer loop
      vertex 25.6942 -16.4348 0
      vertex 25.4647 -16.7882 4
      vertex 25.4647 -16.7882 0
    endloop
  endfacet
  facet normal 0.838671 -0.544638 0
    outer loop
      vertex 25.6942 -16.4348 0
      vertex 25.6942 -16.4348 4
      vertex 25.4647 -16.7882 4
    endloop
  endfacet
  facet normal 0.8387 0.544594 0
    outer loop
      vertex -24.9737 -15.4786 0
      vertex -24.2982 -16.5189 4
      vertex -24.2982 -16.5189 0
    endloop
  endfacet
  facet normal 0.8387 0.544594 -0
    outer loop
      vertex -24.9737 -15.4786 0
      vertex -24.9737 -15.4786 4
      vertex -24.2982 -16.5189 4
    endloop
  endfacet
  facet normal -0.798655 0.601789 0
    outer loop
      vertex -25.6942 -16.4348 0
      vertex -24.9737 -15.4786 4
      vertex -24.9737 -15.4786 0
    endloop
  endfacet
  facet normal -0.798655 0.601789 0
    outer loop
      vertex -25.6942 -16.4348 0
      vertex -25.6942 -16.4348 4
      vertex -24.9737 -15.4786 4
    endloop
  endfacet
  facet normal -0.838671 -0.544638 0
    outer loop
      vertex -25.4647 -16.7882 0
      vertex -25.6942 -16.4348 4
      vertex -25.6942 -16.4348 0
    endloop
  endfacet
  facet normal -0.838671 -0.544638 0
    outer loop
      vertex -25.4647 -16.7882 0
      vertex -25.4647 -16.7882 4
      vertex -25.6942 -16.4348 4
    endloop
  endfacet
  facet normal 0.224945 -0.974371 0
    outer loop
      vertex -24.2982 -16.5189 0
      vertex -25.4647 -16.7882 4
      vertex -25.4647 -16.7882 0
    endloop
  endfacet
  facet normal 0.224945 -0.974371 0
    outer loop
      vertex -24.2982 -16.5189 0
      vertex -24.2982 -16.5189 4
      vertex -25.4647 -16.7882 4
    endloop
  endfacet
  facet normal 0.808984 0.587831 0
    outer loop
      vertex -24.1294 -16.7645 0
      vertex -23.4003 -17.7679 4
      vertex -23.4003 -17.7679 0
    endloop
  endfacet
  facet normal 0.808984 0.587831 -0
    outer loop
      vertex -24.1294 -16.7645 0
      vertex -24.1294 -16.7645 4
      vertex -23.4003 -17.7679 4
    endloop
  endfacet
  facet normal -0.829018 0.559222 0
    outer loop
      vertex -24.7989 -17.757 0
      vertex -24.1294 -16.7645 4
      vertex -24.1294 -16.7645 0
    endloop
  endfacet
  facet normal -0.829018 0.559222 0
    outer loop
      vertex -24.7989 -17.757 0
      vertex -24.7989 -17.757 4
      vertex -24.1294 -16.7645 4
    endloop
  endfacet
  facet normal -0.808993 -0.587819 0
    outer loop
      vertex -24.5512 -18.0979 0
      vertex -24.7989 -17.757 4
      vertex -24.7989 -17.757 0
    endloop
  endfacet
  facet normal -0.808993 -0.587819 0
    outer loop
      vertex -24.5512 -18.0979 0
      vertex -24.5512 -18.0979 4
      vertex -24.7989 -17.757 4
    endloop
  endfacet
  facet normal 0.275626 -0.961265 0
    outer loop
      vertex -23.4003 -17.7679 0
      vertex -24.5512 -18.0979 4
      vertex -24.5512 -18.0979 0
    endloop
  endfacet
  facet normal 0.275626 -0.961265 0
    outer loop
      vertex -23.4003 -17.7679 0
      vertex -23.4003 -17.7679 4
      vertex -24.5512 -18.0979 4
    endloop
  endfacet
  facet normal 0.829018 0.559222 0
    outer loop
      vertex 24.1294 -16.7645 0
      vertex 24.7989 -17.757 4
      vertex 24.7989 -17.757 0
    endloop
  endfacet
  facet normal 0.829018 0.559222 -0
    outer loop
      vertex 24.1294 -16.7645 0
      vertex 24.1294 -16.7645 4
      vertex 24.7989 -17.757 4
    endloop
  endfacet
  facet normal -0.808984 0.587831 0
    outer loop
      vertex 23.4003 -17.7679 0
      vertex 24.1294 -16.7645 4
      vertex 24.1294 -16.7645 0
    endloop
  endfacet
  facet normal -0.808984 0.587831 0
    outer loop
      vertex 23.4003 -17.7679 0
      vertex 23.4003 -17.7679 4
      vertex 24.1294 -16.7645 4
    endloop
  endfacet
  facet normal -0.275626 -0.961265 0
    outer loop
      vertex 24.5512 -18.0979 0
      vertex 23.4003 -17.7679 4
      vertex 23.4003 -17.7679 0
    endloop
  endfacet
  facet normal -0.275626 -0.961265 0
    outer loop
      vertex 24.5512 -18.0979 0
      vertex 24.5512 -18.0979 4
      vertex 23.4003 -17.7679 4
    endloop
  endfacet
  facet normal 0.808993 -0.587819 0
    outer loop
      vertex 24.7989 -17.757 0
      vertex 24.5512 -18.0979 4
      vertex 24.5512 -18.0979 0
    endloop
  endfacet
  facet normal 0.808993 -0.587819 0
    outer loop
      vertex 24.7989 -17.757 0
      vertex 24.7989 -17.757 4
      vertex 24.5512 -18.0979 4
    endloop
  endfacet
  facet normal 0.857168 0.515036 0
    outer loop
      vertex 23.2189 -18.0043 0
      vertex 23.8355 -19.0305 4
      vertex 23.8355 -19.0305 0
    endloop
  endfacet
  facet normal 0.857168 0.515036 -0
    outer loop
      vertex 23.2189 -18.0043 0
      vertex 23.2189 -18.0043 4
      vertex 23.8355 -19.0305 4
    endloop
  endfacet
  facet normal -0.777166 0.629296 0
    outer loop
      vertex 22.4384 -18.9682 0
      vertex 23.2189 -18.0043 4
      vertex 23.2189 -18.0043 0
    endloop
  endfacet
  facet normal -0.777166 0.629296 0
    outer loop
      vertex 22.4384 -18.9682 0
      vertex 22.4384 -18.9682 4
      vertex 23.2189 -18.0043 4
    endloop
  endfacet
  facet normal -0.32561 -0.945504 0
    outer loop
      vertex 23.5703 -19.358 0
      vertex 22.4384 -18.9682 4
      vertex 22.4384 -18.9682 0
    endloop
  endfacet
  facet normal -0.32561 -0.945504 0
    outer loop
      vertex 23.5703 -19.358 0
      vertex 23.5703 -19.358 4
      vertex 22.4384 -18.9682 4
    endloop
  endfacet
  facet normal 0.777151 -0.629314 0
    outer loop
      vertex 23.8355 -19.0305 0
      vertex 23.5703 -19.358 4
      vertex 23.5703 -19.358 0
    endloop
  endfacet
  facet normal 0.777151 -0.629314 0
    outer loop
      vertex 23.8355 -19.0305 0
      vertex 23.8355 -19.0305 4
      vertex 23.5703 -19.358 4
    endloop
  endfacet
  facet normal 0.777166 0.629296 0
    outer loop
      vertex -23.2189 -18.0043 0
      vertex -22.4384 -18.9682 4
      vertex -22.4384 -18.9682 0
    endloop
  endfacet
  facet normal 0.777166 0.629296 -0
    outer loop
      vertex -23.2189 -18.0043 0
      vertex -23.2189 -18.0043 4
      vertex -22.4384 -18.9682 4
    endloop
  endfacet
  facet normal -0.857168 0.515036 0
    outer loop
      vertex -23.8355 -19.0305 0
      vertex -23.2189 -18.0043 4
      vertex -23.2189 -18.0043 0
    endloop
  endfacet
  facet normal -0.857168 0.515036 0
    outer loop
      vertex -23.8355 -19.0305 0
      vertex -23.8355 -19.0305 4
      vertex -23.2189 -18.0043 4
    endloop
  endfacet
  facet normal -0.777151 -0.629314 0
    outer loop
      vertex -23.5703 -19.358 0
      vertex -23.8355 -19.0305 4
      vertex -23.8355 -19.0305 0
    endloop
  endfacet
  facet normal -0.777151 -0.629314 0
    outer loop
      vertex -23.5703 -19.358 0
      vertex -23.5703 -19.358 4
      vertex -23.8355 -19.0305 4
    endloop
  endfacet
  facet normal 0.32561 -0.945504 0
    outer loop
      vertex -22.4384 -18.9682 0
      vertex -23.5703 -19.358 4
      vertex -23.5703 -19.358 0
    endloop
  endfacet
  facet normal 0.32561 -0.945504 0
    outer loop
      vertex -22.4384 -18.9682 0
      vertex -22.4384 -18.9682 4
      vertex -23.5703 -19.358 4
    endloop
  endfacet
  facet normal 0.882972 0.469426 0
    outer loop
      vertex 22.2449 -19.1948 0
      vertex 22.8069 -20.2519 4
      vertex 22.8069 -20.2519 0
    endloop
  endfacet
  facet normal 0.882972 0.469426 -0
    outer loop
      vertex 22.2449 -19.1948 0
      vertex 22.2449 -19.1948 4
      vertex 22.8069 -20.2519 4
    endloop
  endfacet
  facet normal -0.743142 0.669134 0
    outer loop
      vertex 21.4149 -20.1166 0
      vertex 22.2449 -19.1948 4
      vertex 22.2449 -19.1948 0
    endloop
  endfacet
  facet normal -0.743142 0.669134 0
    outer loop
      vertex 21.4149 -20.1166 0
      vertex 21.4149 -20.1166 4
      vertex 22.2449 -19.1948 4
    endloop
  endfacet
  facet normal -0.374629 -0.927175 0
    outer loop
      vertex 22.5249 -20.5651 0
      vertex 21.4149 -20.1166 4
      vertex 21.4149 -20.1166 0
    endloop
  endfacet
  facet normal -0.374629 -0.927175 0
    outer loop
      vertex 22.5249 -20.5651 0
      vertex 22.5249 -20.5651 4
      vertex 21.4149 -20.1166 4
    endloop
  endfacet
  facet normal 0.743153 -0.669122 0
    outer loop
      vertex 22.8069 -20.2519 0
      vertex 22.5249 -20.5651 4
      vertex 22.5249 -20.5651 0
    endloop
  endfacet
  facet normal 0.743153 -0.669122 0
    outer loop
      vertex 22.8069 -20.2519 0
      vertex 22.8069 -20.2519 4
      vertex 22.5249 -20.5651 4
    endloop
  endfacet
  facet normal 0.743142 0.669134 0
    outer loop
      vertex -22.2449 -19.1948 0
      vertex -21.4149 -20.1166 4
      vertex -21.4149 -20.1166 0
    endloop
  endfacet
  facet normal 0.743142 0.669134 -0
    outer loop
      vertex -22.2449 -19.1948 0
      vertex -22.2449 -19.1948 4
      vertex -21.4149 -20.1166 4
    endloop
  endfacet
  facet normal -0.882972 0.469426 0
    outer loop
      vertex -22.8069 -20.2519 0
      vertex -22.2449 -19.1948 4
      vertex -22.2449 -19.1948 0
    endloop
  endfacet
  facet normal -0.882972 0.469426 0
    outer loop
      vertex -22.8069 -20.2519 0
      vertex -22.8069 -20.2519 4
      vertex -22.2449 -19.1948 4
    endloop
  endfacet
  facet normal -0.743153 -0.669122 0
    outer loop
      vertex -22.5249 -20.5651 0
      vertex -22.8069 -20.2519 4
      vertex -22.8069 -20.2519 0
    endloop
  endfacet
  facet normal -0.743153 -0.669122 0
    outer loop
      vertex -22.5249 -20.5651 0
      vertex -22.5249 -20.5651 4
      vertex -22.8069 -20.2519 4
    endloop
  endfacet
  facet normal 0.374629 -0.927175 0
    outer loop
      vertex -21.4149 -20.1166 0
      vertex -22.5249 -20.5651 4
      vertex -22.5249 -20.5651 0
    endloop
  endfacet
  facet normal 0.374629 -0.927175 0
    outer loop
      vertex -21.4149 -20.1166 0
      vertex -21.4149 -20.1166 4
      vertex -22.5249 -20.5651 4
    endloop
  endfacet
  facet normal 0.707107 0.707107 0
    outer loop
      vertex -21.2098 -20.3327 0
      vertex -20.3327 -21.2098 4
      vertex -20.3327 -21.2098 0
    endloop
  endfacet
  facet normal 0.707107 0.707107 -0
    outer loop
      vertex -21.2098 -20.3327 0
      vertex -21.2098 -20.3327 4
      vertex -20.3327 -21.2098 4
    endloop
  endfacet
  facet normal -0.906337 0.422556 0
    outer loop
      vertex -21.7157 -21.4178 0
      vertex -21.2098 -20.3327 4
      vertex -21.2098 -20.3327 0
    endloop
  endfacet
  facet normal -0.906337 0.422556 0
    outer loop
      vertex -21.7157 -21.4178 0
      vertex -21.7157 -21.4178 4
      vertex -21.2098 -20.3327 4
    endloop
  endfacet
  facet normal -0.707107 -0.707107 0
    outer loop
      vertex -21.4178 -21.7157 0
      vertex -21.7157 -21.4178 4
      vertex -21.7157 -21.4178 0
    endloop
  endfacet
  facet normal -0.707107 -0.707107 0
    outer loop
      vertex -21.4178 -21.7157 0
      vertex -21.4178 -21.7157 4
      vertex -21.7157 -21.4178 4
    endloop
  endfacet
  facet normal 0.422556 -0.906337 0
    outer loop
      vertex -20.3327 -21.2098 0
      vertex -21.4178 -21.7157 4
      vertex -21.4178 -21.7157 0
    endloop
  endfacet
  facet normal 0.422556 -0.906337 0
    outer loop
      vertex -20.3327 -21.2098 0
      vertex -20.3327 -21.2098 4
      vertex -21.4178 -21.7157 4
    endloop
  endfacet
  facet normal 0.906337 0.422556 0
    outer loop
      vertex 21.2098 -20.3327 0
      vertex 21.7157 -21.4178 4
      vertex 21.7157 -21.4178 0
    endloop
  endfacet
  facet normal 0.906337 0.422556 -0
    outer loop
      vertex 21.2098 -20.3327 0
      vertex 21.2098 -20.3327 4
      vertex 21.7157 -21.4178 4
    endloop
  endfacet
  facet normal -0.707107 0.707107 0
    outer loop
      vertex 20.3327 -21.2098 0
      vertex 21.2098 -20.3327 4
      vertex 21.2098 -20.3327 0
    endloop
  endfacet
  facet normal -0.707107 0.707107 0
    outer loop
      vertex 20.3327 -21.2098 0
      vertex 20.3327 -21.2098 4
      vertex 21.2098 -20.3327 4
    endloop
  endfacet
  facet normal -0.422556 -0.906337 0
    outer loop
      vertex 21.4178 -21.7157 0
      vertex 20.3327 -21.2098 4
      vertex 20.3327 -21.2098 0
    endloop
  endfacet
  facet normal -0.422556 -0.906337 0
    outer loop
      vertex 21.4178 -21.7157 0
      vertex 21.4178 -21.7157 4
      vertex 20.3327 -21.2098 4
    endloop
  endfacet
  facet normal 0.707107 -0.707107 0
    outer loop
      vertex 21.7157 -21.4178 0
      vertex 21.4178 -21.7157 4
      vertex 21.4178 -21.7157 0
    endloop
  endfacet
  facet normal 0.707107 -0.707107 0
    outer loop
      vertex 21.7157 -21.4178 0
      vertex 21.7157 -21.4178 4
      vertex 21.4178 -21.7157 4
    endloop
  endfacet
  facet normal 0.927175 0.374629 0
    outer loop
      vertex 20.1166 -21.4149 0
      vertex 20.5651 -22.5249 4
      vertex 20.5651 -22.5249 0
    endloop
  endfacet
  facet normal 0.927175 0.374629 -0
    outer loop
      vertex 20.1166 -21.4149 0
      vertex 20.1166 -21.4149 4
      vertex 20.5651 -22.5249 4
    endloop
  endfacet
  facet normal -0.669134 0.743142 0
    outer loop
      vertex 19.1948 -22.2449 0
      vertex 20.1166 -21.4149 4
      vertex 20.1166 -21.4149 0
    endloop
  endfacet
  facet normal -0.669134 0.743142 0
    outer loop
      vertex 19.1948 -22.2449 0
      vertex 19.1948 -22.2449 4
      vertex 20.1166 -21.4149 4
    endloop
  endfacet
  facet normal -0.469426 -0.882972 0
    outer loop
      vertex 20.2519 -22.8069 0
      vertex 19.1948 -22.2449 4
      vertex 19.1948 -22.2449 0
    endloop
  endfacet
  facet normal -0.469426 -0.882972 0
    outer loop
      vertex 20.2519 -22.8069 0
      vertex 20.2519 -22.8069 4
      vertex 19.1948 -22.2449 4
    endloop
  endfacet
  facet normal 0.669122 -0.743153 0
    outer loop
      vertex 20.5651 -22.5249 0
      vertex 20.2519 -22.8069 4
      vertex 20.2519 -22.8069 0
    endloop
  endfacet
  facet normal 0.669122 -0.743153 0
    outer loop
      vertex 20.5651 -22.5249 0
      vertex 20.5651 -22.5249 4
      vertex 20.2519 -22.8069 4
    endloop
  endfacet
  facet normal 0.669134 0.743142 0
    outer loop
      vertex -20.1166 -21.4149 0
      vertex -19.1948 -22.2449 4
      vertex -19.1948 -22.2449 0
    endloop
  endfacet
  facet normal 0.669134 0.743142 -0
    outer loop
      vertex -20.1166 -21.4149 0
      vertex -20.1166 -21.4149 4
      vertex -19.1948 -22.2449 4
    endloop
  endfacet
  facet normal -0.927175 0.374629 0
    outer loop
      vertex -20.5651 -22.5249 0
      vertex -20.1166 -21.4149 4
      vertex -20.1166 -21.4149 0
    endloop
  endfacet
  facet normal -0.927175 0.374629 0
    outer loop
      vertex -20.5651 -22.5249 0
      vertex -20.5651 -22.5249 4
      vertex -20.1166 -21.4149 4
    endloop
  endfacet
  facet normal -0.669122 -0.743153 0
    outer loop
      vertex -20.2519 -22.8069 0
      vertex -20.5651 -22.5249 4
      vertex -20.5651 -22.5249 0
    endloop
  endfacet
  facet normal -0.669122 -0.743153 0
    outer loop
      vertex -20.2519 -22.8069 0
      vertex -20.2519 -22.8069 4
      vertex -20.5651 -22.5249 4
    endloop
  endfacet
  facet normal 0.469426 -0.882972 0
    outer loop
      vertex -19.1948 -22.2449 0
      vertex -20.2519 -22.8069 4
      vertex -20.2519 -22.8069 0
    endloop
  endfacet
  facet normal 0.469426 -0.882972 0
    outer loop
      vertex -19.1948 -22.2449 0
      vertex -19.1948 -22.2449 4
      vertex -20.2519 -22.8069 4
    endloop
  endfacet
  facet normal 0.629296 0.777166 0
    outer loop
      vertex -18.9682 -22.4384 0
      vertex -18.0043 -23.2189 4
      vertex -18.0043 -23.2189 0
    endloop
  endfacet
  facet normal 0.629296 0.777166 -0
    outer loop
      vertex -18.9682 -22.4384 0
      vertex -18.9682 -22.4384 4
      vertex -18.0043 -23.2189 4
    endloop
  endfacet
  facet normal -0.945504 0.32561 0
    outer loop
      vertex -19.358 -23.5703 0
      vertex -18.9682 -22.4384 4
      vertex -18.9682 -22.4384 0
    endloop
  endfacet
  facet normal -0.945504 0.32561 0
    outer loop
      vertex -19.358 -23.5703 0
      vertex -19.358 -23.5703 4
      vertex -18.9682 -22.4384 4
    endloop
  endfacet
  facet normal -0.629314 -0.777151 0
    outer loop
      vertex -19.0305 -23.8355 0
      vertex -19.358 -23.5703 4
      vertex -19.358 -23.5703 0
    endloop
  endfacet
  facet normal -0.629314 -0.777151 0
    outer loop
      vertex -19.0305 -23.8355 0
      vertex -19.0305 -23.8355 4
      vertex -19.358 -23.5703 4
    endloop
  endfacet
  facet normal 0.515036 -0.857168 0
    outer loop
      vertex -18.0043 -23.2189 0
      vertex -19.0305 -23.8355 4
      vertex -19.0305 -23.8355 0
    endloop
  endfacet
  facet normal 0.515036 -0.857168 0
    outer loop
      vertex -18.0043 -23.2189 0
      vertex -18.0043 -23.2189 4
      vertex -19.0305 -23.8355 4
    endloop
  endfacet
  facet normal 0.945504 0.32561 0
    outer loop
      vertex 18.9682 -22.4384 0
      vertex 19.358 -23.5703 4
      vertex 19.358 -23.5703 0
    endloop
  endfacet
  facet normal 0.945504 0.32561 -0
    outer loop
      vertex 18.9682 -22.4384 0
      vertex 18.9682 -22.4384 4
      vertex 19.358 -23.5703 4
    endloop
  endfacet
  facet normal -0.629296 0.777166 0
    outer loop
      vertex 18.0043 -23.2189 0
      vertex 18.9682 -22.4384 4
      vertex 18.9682 -22.4384 0
    endloop
  endfacet
  facet normal -0.629296 0.777166 0
    outer loop
      vertex 18.0043 -23.2189 0
      vertex 18.0043 -23.2189 4
      vertex 18.9682 -22.4384 4
    endloop
  endfacet
  facet normal -0.515036 -0.857168 0
    outer loop
      vertex 19.0305 -23.8355 0
      vertex 18.0043 -23.2189 4
      vertex 18.0043 -23.2189 0
    endloop
  endfacet
  facet normal -0.515036 -0.857168 0
    outer loop
      vertex 19.0305 -23.8355 0
      vertex 19.0305 -23.8355 4
      vertex 18.0043 -23.2189 4
    endloop
  endfacet
  facet normal 0.629314 -0.777151 0
    outer loop
      vertex 19.358 -23.5703 0
      vertex 19.0305 -23.8355 4
      vertex 19.0305 -23.8355 0
    endloop
  endfacet
  facet normal 0.629314 -0.777151 0
    outer loop
      vertex 19.358 -23.5703 0
      vertex 19.358 -23.5703 4
      vertex 19.0305 -23.8355 4
    endloop
  endfacet
  facet normal 0.961265 0.275626 0
    outer loop
      vertex 17.7679 -23.4003 0
      vertex 18.0979 -24.5512 4
      vertex 18.0979 -24.5512 0
    endloop
  endfacet
  facet normal 0.961265 0.275626 -0
    outer loop
      vertex 17.7679 -23.4003 0
      vertex 17.7679 -23.4003 4
      vertex 18.0979 -24.5512 4
    endloop
  endfacet
  facet normal -0.587831 0.808984 0
    outer loop
      vertex 16.7645 -24.1294 0
      vertex 17.7679 -23.4003 4
      vertex 17.7679 -23.4003 0
    endloop
  endfacet
  facet normal -0.587831 0.808984 0
    outer loop
      vertex 16.7645 -24.1294 0
      vertex 16.7645 -24.1294 4
      vertex 17.7679 -23.4003 4
    endloop
  endfacet
  facet normal -0.559222 -0.829018 0
    outer loop
      vertex 17.757 -24.7989 0
      vertex 16.7645 -24.1294 4
      vertex 16.7645 -24.1294 0
    endloop
  endfacet
  facet normal -0.559222 -0.829018 0
    outer loop
      vertex 17.757 -24.7989 0
      vertex 17.757 -24.7989 4
      vertex 16.7645 -24.1294 4
    endloop
  endfacet
  facet normal 0.587819 -0.808993 0
    outer loop
      vertex 18.0979 -24.5512 0
      vertex 17.757 -24.7989 4
      vertex 17.757 -24.7989 0
    endloop
  endfacet
  facet normal 0.587819 -0.808993 0
    outer loop
      vertex 18.0979 -24.5512 0
      vertex 18.0979 -24.5512 4
      vertex 17.757 -24.7989 4
    endloop
  endfacet
  facet normal 0.587831 0.808984 0
    outer loop
      vertex -17.7679 -23.4003 0
      vertex -16.7645 -24.1294 4
      vertex -16.7645 -24.1294 0
    endloop
  endfacet
  facet normal 0.587831 0.808984 -0
    outer loop
      vertex -17.7679 -23.4003 0
      vertex -17.7679 -23.4003 4
      vertex -16.7645 -24.1294 4
    endloop
  endfacet
  facet normal -0.961265 0.275626 0
    outer loop
      vertex -18.0979 -24.5512 0
      vertex -17.7679 -23.4003 4
      vertex -17.7679 -23.4003 0
    endloop
  endfacet
  facet normal -0.961265 0.275626 0
    outer loop
      vertex -18.0979 -24.5512 0
      vertex -18.0979 -24.5512 4
      vertex -17.7679 -23.4003 4
    endloop
  endfacet
  facet normal -0.587819 -0.808993 0
    outer loop
      vertex -17.757 -24.7989 0
      vertex -18.0979 -24.5512 4
      vertex -18.0979 -24.5512 0
    endloop
  endfacet
  facet normal -0.587819 -0.808993 0
    outer loop
      vertex -17.757 -24.7989 0
      vertex -17.757 -24.7989 4
      vertex -18.0979 -24.5512 4
    endloop
  endfacet
  facet normal 0.559222 -0.829018 0
    outer loop
      vertex -16.7645 -24.1294 0
      vertex -17.757 -24.7989 4
      vertex -17.757 -24.7989 0
    endloop
  endfacet
  facet normal 0.559222 -0.829018 0
    outer loop
      vertex -16.7645 -24.1294 0
      vertex -16.7645 -24.1294 4
      vertex -17.757 -24.7989 4
    endloop
  endfacet
  facet normal 0.974371 0.224945 0
    outer loop
      vertex 16.5189 -24.2982 0
      vertex 16.7882 -25.4647 4
      vertex 16.7882 -25.4647 0
    endloop
  endfacet
  facet normal 0.974371 0.224945 -0
    outer loop
      vertex 16.5189 -24.2982 0
      vertex 16.5189 -24.2982 4
      vertex 16.7882 -25.4647 4
    endloop
  endfacet
  facet normal -0.544594 0.8387 0
    outer loop
      vertex 15.4786 -24.9737 0
      vertex 16.5189 -24.2982 4
      vertex 16.5189 -24.2982 0
    endloop
  endfacet
  facet normal -0.544594 0.8387 0
    outer loop
      vertex 15.4786 -24.9737 0
      vertex 15.4786 -24.9737 4
      vertex 16.5189 -24.2982 4
    endloop
  endfacet
  facet normal -0.601789 -0.798655 0
    outer loop
      vertex 16.4348 -25.6942 0
      vertex 15.4786 -24.9737 4
      vertex 15.4786 -24.9737 0
    endloop
  endfacet
  facet normal -0.601789 -0.798655 0
    outer loop
      vertex 16.4348 -25.6942 0
      vertex 16.4348 -25.6942 4
      vertex 15.4786 -24.9737 4
    endloop
  endfacet
  facet normal 0.544638 -0.838671 0
    outer loop
      vertex 16.7882 -25.4647 0
      vertex 16.4348 -25.6942 4
      vertex 16.4348 -25.6942 0
    endloop
  endfacet
  facet normal 0.544638 -0.838671 0
    outer loop
      vertex 16.7882 -25.4647 0
      vertex 16.7882 -25.4647 4
      vertex 16.4348 -25.6942 4
    endloop
  endfacet
  facet normal 0.544594 0.8387 0
    outer loop
      vertex -16.5189 -24.2982 0
      vertex -15.4786 -24.9737 4
      vertex -15.4786 -24.9737 0
    endloop
  endfacet
  facet normal 0.544594 0.8387 -0
    outer loop
      vertex -16.5189 -24.2982 0
      vertex -16.5189 -24.2982 4
      vertex -15.4786 -24.9737 4
    endloop
  endfacet
  facet normal -0.974371 0.224945 0
    outer loop
      vertex -16.7882 -25.4647 0
      vertex -16.5189 -24.2982 4
      vertex -16.5189 -24.2982 0
    endloop
  endfacet
  facet normal -0.974371 0.224945 0
    outer loop
      vertex -16.7882 -25.4647 0
      vertex -16.7882 -25.4647 4
      vertex -16.5189 -24.2982 4
    endloop
  endfacet
  facet normal -0.544638 -0.838671 0
    outer loop
      vertex -16.4348 -25.6942 0
      vertex -16.7882 -25.4647 4
      vertex -16.7882 -25.4647 0
    endloop
  endfacet
  facet normal -0.544638 -0.838671 0
    outer loop
      vertex -16.4348 -25.6942 0
      vertex -16.4348 -25.6942 4
      vertex -16.7882 -25.4647 4
    endloop
  endfacet
  facet normal 0.601789 -0.798655 0
    outer loop
      vertex -15.4786 -24.9737 0
      vertex -16.4348 -25.6942 4
      vertex -16.4348 -25.6942 0
    endloop
  endfacet
  facet normal 0.601789 -0.798655 0
    outer loop
      vertex -15.4786 -24.9737 0
      vertex -15.4786 -24.9737 4
      vertex -16.4348 -25.6942 4
    endloop
  endfacet
  facet normal 0.454005 0.890999 0
    outer loop
      vertex -13.8885 -25.8918 0
      vertex -12.7834 -26.4549 4
      vertex -12.7834 -26.4549 0
    endloop
  endfacet
  facet normal 0.454005 0.890999 -0
    outer loop
      vertex -13.8885 -25.8918 0
      vertex -13.8885 -25.8918 4
      vertex -12.7834 -26.4549 4
    endloop
  endfacet
  facet normal -0.992545 0.121875 0
    outer loop
      vertex -14.0344 -27.08 0
      vertex -13.8885 -25.8918 4
      vertex -13.8885 -25.8918 0
    endloop
  endfacet
  facet normal -0.992545 0.121875 0
    outer loop
      vertex -14.0344 -27.08 0
      vertex -14.0344 -27.08 4
      vertex -13.8885 -25.8918 4
    endloop
  endfacet
  facet normal -0.454036 -0.890983 0
    outer loop
      vertex -13.659 -27.2713 0
      vertex -14.0344 -27.08 4
      vertex -14.0344 -27.08 0
    endloop
  endfacet
  facet normal -0.454036 -0.890983 0
    outer loop
      vertex -13.659 -27.2713 0
      vertex -13.659 -27.2713 4
      vertex -14.0344 -27.08 4
    endloop
  endfacet
  facet normal 0.681949 -0.7314 0
    outer loop
      vertex -12.7834 -26.4549 0
      vertex -13.659 -27.2713 4
      vertex -13.659 -27.2713 0
    endloop
  endfacet
  facet normal 0.681949 -0.7314 0
    outer loop
      vertex -12.7834 -26.4549 0
      vertex -12.7834 -26.4549 4
      vertex -13.659 -27.2713 4
    endloop
  endfacet
  facet normal 0.992545 0.121875 0
    outer loop
      vertex 13.8885 -25.8918 0
      vertex 14.0344 -27.08 4
      vertex 14.0344 -27.08 0
    endloop
  endfacet
  facet normal 0.992545 0.121875 -0
    outer loop
      vertex 13.8885 -25.8918 0
      vertex 13.8885 -25.8918 4
      vertex 14.0344 -27.08 4
    endloop
  endfacet
  facet normal -0.454005 0.890999 0
    outer loop
      vertex 12.7834 -26.4549 0
      vertex 13.8885 -25.8918 4
      vertex 13.8885 -25.8918 0
    endloop
  endfacet
  facet normal -0.454005 0.890999 0
    outer loop
      vertex 12.7834 -26.4549 0
      vertex 12.7834 -26.4549 4
      vertex 13.8885 -25.8918 4
    endloop
  endfacet
  facet normal -0.681949 -0.7314 0
    outer loop
      vertex 13.659 -27.2713 0
      vertex 12.7834 -26.4549 4
      vertex 12.7834 -26.4549 0
    endloop
  endfacet
  facet normal -0.681949 -0.7314 0
    outer loop
      vertex 13.659 -27.2713 0
      vertex 13.659 -27.2713 4
      vertex 12.7834 -26.4549 4
    endloop
  endfacet
  facet normal 0.454036 -0.890983 0
    outer loop
      vertex 14.0344 -27.08 0
      vertex 13.659 -27.2713 4
      vertex 13.659 -27.2713 0
    endloop
  endfacet
  facet normal 0.454036 -0.890983 0
    outer loop
      vertex 14.0344 -27.08 0
      vertex 14.0344 -27.08 4
      vertex 13.659 -27.2713 4
    endloop
  endfacet
  facet normal 0.406744 0.913542 0
    outer loop
      vertex -12.5144 -26.5831 0
      vertex -11.3813 -27.0876 4
      vertex -11.3813 -27.0876 0
    endloop
  endfacet
  facet normal 0.406744 0.913542 -0
    outer loop
      vertex -12.5144 -26.5831 0
      vertex -12.5144 -26.5831 4
      vertex -11.3813 -27.0876 4
    endloop
  endfacet
  facet normal -0.997565 0.0697452 0
    outer loop
      vertex -12.5979 -27.7774 0
      vertex -12.5144 -26.5831 4
      vertex -12.5144 -26.5831 0
    endloop
  endfacet
  facet normal -0.997565 0.0697452 0
    outer loop
      vertex -12.5979 -27.7774 0
      vertex -12.5979 -27.7774 4
      vertex -12.5144 -26.5831 4
    endloop
  endfacet
  facet normal -0.406799 -0.913518 0
    outer loop
      vertex -12.213 -27.9488 0
      vertex -12.5979 -27.7774 4
      vertex -12.5979 -27.7774 0
    endloop
  endfacet
  facet normal -0.406799 -0.913518 0
    outer loop
      vertex -12.213 -27.9488 0
      vertex -12.213 -27.9488 4
      vertex -12.5979 -27.7774 4
    endloop
  endfacet
  facet normal 0.719319 -0.694679 0
    outer loop
      vertex -11.3813 -27.0876 0
      vertex -12.213 -27.9488 4
      vertex -12.213 -27.9488 0
    endloop
  endfacet
  facet normal 0.719319 -0.694679 0
    outer loop
      vertex -11.3813 -27.0876 0
      vertex -11.3813 -27.0876 4
      vertex -12.213 -27.9488 4
    endloop
  endfacet
  facet normal 0.997565 0.0697452 0
    outer loop
      vertex 12.5144 -26.5831 0
      vertex 12.5979 -27.7774 4
      vertex 12.5979 -27.7774 0
    endloop
  endfacet
  facet normal 0.997565 0.0697452 -0
    outer loop
      vertex 12.5144 -26.5831 0
      vertex 12.5144 -26.5831 4
      vertex 12.5979 -27.7774 4
    endloop
  endfacet
  facet normal -0.406744 0.913542 0
    outer loop
      vertex 11.3813 -27.0876 0
      vertex 12.5144 -26.5831 4
      vertex 12.5144 -26.5831 0
    endloop
  endfacet
  facet normal -0.406744 0.913542 0
    outer loop
      vertex 11.3813 -27.0876 0
      vertex 11.3813 -27.0876 4
      vertex 12.5144 -26.5831 4
    endloop
  endfacet
  facet normal -0.719319 -0.694679 0
    outer loop
      vertex 12.213 -27.9488 0
      vertex 11.3813 -27.0876 4
      vertex 11.3813 -27.0876 0
    endloop
  endfacet
  facet normal -0.719319 -0.694679 0
    outer loop
      vertex 12.213 -27.9488 0
      vertex 12.213 -27.9488 4
      vertex 11.3813 -27.0876 4
    endloop
  endfacet
  facet normal 0.406799 -0.913518 0
    outer loop
      vertex 12.5979 -27.7774 0
      vertex 12.213 -27.9488 4
      vertex 12.213 -27.9488 0
    endloop
  endfacet
  facet normal 0.406799 -0.913518 0
    outer loop
      vertex 12.5979 -27.7774 0
      vertex 12.5979 -27.7774 4
      vertex 12.213 -27.9488 4
    endloop
  endfacet
  facet normal 0.358374 0.933578 0
    outer loop
      vertex -11.106 -27.2017 0
      vertex -9.94806 -27.6462 4
      vertex -9.94806 -27.6462 0
    endloop
  endfacet
  facet normal 0.358374 0.933578 -0
    outer loop
      vertex -11.106 -27.2017 0
      vertex -11.106 -27.2017 4
      vertex -9.94806 -27.6462 4
    endloop
  endfacet
  facet normal -0.999848 0.0174577 0
    outer loop
      vertex -11.1269 -28.3987 0
      vertex -11.106 -27.2017 4
      vertex -11.106 -27.2017 0
    endloop
  endfacet
  facet normal -0.999848 0.0174577 0
    outer loop
      vertex -11.1269 -28.3987 0
      vertex -11.1269 -28.3987 4
      vertex -11.106 -27.2017 4
    endloop
  endfacet
  facet normal -0.358343 -0.93359 0
    outer loop
      vertex -10.7335 -28.5497 0
      vertex -11.1269 -28.3987 4
      vertex -11.1269 -28.3987 0
    endloop
  endfacet
  facet normal -0.358343 -0.93359 0
    outer loop
      vertex -10.7335 -28.5497 0
      vertex -10.7335 -28.5497 4
      vertex -11.1269 -28.3987 4
    endloop
  endfacet
  facet normal 0.754693 -0.656078 0
    outer loop
      vertex -9.94806 -27.6462 0
      vertex -10.7335 -28.5497 4
      vertex -10.7335 -28.5497 0
    endloop
  endfacet
  facet normal 0.754693 -0.656078 0
    outer loop
      vertex -9.94806 -27.6462 0
      vertex -9.94806 -27.6462 4
      vertex -10.7335 -28.5497 4
    endloop
  endfacet
  facet normal 0.999848 0.0174577 0
    outer loop
      vertex 11.106 -27.2017 0
      vertex 11.1269 -28.3987 4
      vertex 11.1269 -28.3987 0
    endloop
  endfacet
  facet normal 0.999848 0.0174577 -0
    outer loop
      vertex 11.106 -27.2017 0
      vertex 11.106 -27.2017 4
      vertex 11.1269 -28.3987 4
    endloop
  endfacet
  facet normal -0.358374 0.933578 0
    outer loop
      vertex 9.94806 -27.6462 0
      vertex 11.106 -27.2017 4
      vertex 11.106 -27.2017 0
    endloop
  endfacet
  facet normal -0.358374 0.933578 0
    outer loop
      vertex 9.94806 -27.6462 0
      vertex 9.94806 -27.6462 4
      vertex 11.106 -27.2017 4
    endloop
  endfacet
  facet normal -0.754693 -0.656078 0
    outer loop
      vertex 10.7335 -28.5497 0
      vertex 9.94806 -27.6462 4
      vertex 9.94806 -27.6462 0
    endloop
  endfacet
  facet normal -0.754693 -0.656078 0
    outer loop
      vertex 10.7335 -28.5497 0
      vertex 10.7335 -28.5497 4
      vertex 9.94806 -27.6462 4
    endloop
  endfacet
  facet normal 0.358343 -0.93359 0
    outer loop
      vertex 11.1269 -28.3987 0
      vertex 10.7335 -28.5497 4
      vertex 10.7335 -28.5497 0
    endloop
  endfacet
  facet normal 0.358343 -0.93359 0
    outer loop
      vertex 11.1269 -28.3987 0
      vertex 11.1269 -28.3987 4
      vertex 10.7335 -28.5497 4
    endloop
  endfacet
  facet normal 0.999391 -0.0348972 0
    outer loop
      vertex 9.66719 -27.7456 0
      vertex 9.62541 -28.9421 4
      vertex 9.62541 -28.9421 0
    endloop
  endfacet
  facet normal 0.999391 -0.0348972 0
    outer loop
      vertex 9.66719 -27.7456 0
      vertex 9.66719 -27.7456 4
      vertex 9.62541 -28.9421 4
    endloop
  endfacet
  facet normal -0.309026 0.951054 0
    outer loop
      vertex 8.48755 -28.1289 0
      vertex 9.66719 -27.7456 4
      vertex 9.66719 -27.7456 0
    endloop
  endfacet
  facet normal -0.309026 0.951054 0
    outer loop
      vertex 8.48755 -28.1289 0
      vertex 8.48755 -28.1289 4
      vertex 9.66719 -27.7456 4
    endloop
  endfacet
  facet normal -0.788013 -0.615659 0
    outer loop
      vertex 9.22461 -29.0723 0
      vertex 8.48755 -28.1289 4
      vertex 8.48755 -28.1289 0
    endloop
  endfacet
  facet normal -0.788013 -0.615659 0
    outer loop
      vertex 9.22461 -29.0723 0
      vertex 9.22461 -29.0723 4
      vertex 8.48755 -28.1289 4
    endloop
  endfacet
  facet normal 0.308957 -0.951076 0
    outer loop
      vertex 9.62541 -28.9421 0
      vertex 9.22461 -29.0723 4
      vertex 9.22461 -29.0723 0
    endloop
  endfacet
  facet normal 0.308957 -0.951076 0
    outer loop
      vertex 9.62541 -28.9421 0
      vertex 9.62541 -28.9421 4
      vertex 9.22461 -29.0723 4
    endloop
  endfacet
  facet normal 0.309026 0.951054 0
    outer loop
      vertex -9.66719 -27.7456 0
      vertex -8.48755 -28.1289 4
      vertex -8.48755 -28.1289 0
    endloop
  endfacet
  facet normal 0.309026 0.951054 -0
    outer loop
      vertex -9.66719 -27.7456 0
      vertex -9.66719 -27.7456 4
      vertex -8.48755 -28.1289 4
    endloop
  endfacet
  facet normal -0.999391 -0.0348972 0
    outer loop
      vertex -9.62541 -28.9421 0
      vertex -9.66719 -27.7456 4
      vertex -9.66719 -27.7456 0
    endloop
  endfacet
  facet normal -0.999391 -0.0348972 0
    outer loop
      vertex -9.62541 -28.9421 0
      vertex -9.62541 -28.9421 4
      vertex -9.66719 -27.7456 4
    endloop
  endfacet
  facet normal -0.308957 -0.951076 0
    outer loop
      vertex -9.22461 -29.0723 0
      vertex -9.62541 -28.9421 4
      vertex -9.62541 -28.9421 0
    endloop
  endfacet
  facet normal -0.308957 -0.951076 0
    outer loop
      vertex -9.22461 -29.0723 0
      vertex -9.22461 -29.0723 4
      vertex -9.62541 -28.9421 4
    endloop
  endfacet
  facet normal 0.788013 -0.615659 0
    outer loop
      vertex -8.48755 -28.1289 0
      vertex -9.22461 -29.0723 4
      vertex -9.22461 -29.0723 0
    endloop
  endfacet
  facet normal 0.788013 -0.615659 0
    outer loop
      vertex -8.48755 -28.1289 0
      vertex -8.48755 -28.1289 4
      vertex -9.22461 -29.0723 4
    endloop
  endfacet
  facet normal 0.996195 -0.0871493 0
    outer loop
      vertex 8.20184 -28.2135 0
      vertex 8.0975 -29.4062 4
      vertex 8.0975 -29.4062 0
    endloop
  endfacet
  facet normal 0.996195 -0.0871493 0
    outer loop
      vertex 8.20184 -28.2135 0
      vertex 8.20184 -28.2135 4
      vertex 8.0975 -29.4062 4
    endloop
  endfacet
  facet normal -0.258874 0.965911 0
    outer loop
      vertex 7.00375 -28.5346 0
      vertex 8.20184 -28.2135 4
      vertex 8.20184 -28.2135 0
    endloop
  endfacet
  facet normal -0.258874 0.965911 0
    outer loop
      vertex 7.00375 -28.5346 0
      vertex 7.00375 -28.5346 4
      vertex 8.20184 -28.2135 4
    endloop
  endfacet
  facet normal -0.819153 -0.573574 0
    outer loop
      vertex 7.69044 -29.5153 0
      vertex 7.00375 -28.5346 4
      vertex 7.00375 -28.5346 0
    endloop
  endfacet
  facet normal -0.819153 -0.573574 0
    outer loop
      vertex 7.69044 -29.5153 0
      vertex 7.69044 -29.5153 4
      vertex 7.00375 -28.5346 4
    endloop
  endfacet
  facet normal 0.258882 -0.965909 0
    outer loop
      vertex 8.0975 -29.4062 0
      vertex 7.69044 -29.5153 4
      vertex 7.69044 -29.5153 0
    endloop
  endfacet
  facet normal 0.258882 -0.965909 0
    outer loop
      vertex 8.0975 -29.4062 0
      vertex 8.0975 -29.4062 4
      vertex 7.69044 -29.5153 4
    endloop
  endfacet
  facet normal 0.258874 0.965911 0
    outer loop
      vertex -8.20184 -28.2135 0
      vertex -7.00375 -28.5346 4
      vertex -7.00375 -28.5346 0
    endloop
  endfacet
  facet normal 0.258874 0.965911 -0
    outer loop
      vertex -8.20184 -28.2135 0
      vertex -8.20184 -28.2135 4
      vertex -7.00375 -28.5346 4
    endloop
  endfacet
  facet normal -0.996195 -0.0871493 0
    outer loop
      vertex -8.0975 -29.4062 0
      vertex -8.20184 -28.2135 4
      vertex -8.20184 -28.2135 0
    endloop
  endfacet
  facet normal -0.996195 -0.0871493 0
    outer loop
      vertex -8.0975 -29.4062 0
      vertex -8.0975 -29.4062 4
      vertex -8.20184 -28.2135 4
    endloop
  endfacet
  facet normal -0.258882 -0.965909 0
    outer loop
      vertex -7.69044 -29.5153 0
      vertex -8.0975 -29.4062 4
      vertex -8.0975 -29.4062 0
    endloop
  endfacet
  facet normal -0.258882 -0.965909 0
    outer loop
      vertex -7.69044 -29.5153 0
      vertex -7.69044 -29.5153 4
      vertex -8.0975 -29.4062 4
    endloop
  endfacet
  facet normal 0.819153 -0.573574 0
    outer loop
      vertex -7.00375 -28.5346 0
      vertex -7.69044 -29.5153 4
      vertex -7.69044 -29.5153 0
    endloop
  endfacet
  facet normal 0.819153 -0.573574 0
    outer loop
      vertex -7.00375 -28.5346 0
      vertex -7.00375 -28.5346 4
      vertex -7.69044 -29.5153 4
    endloop
  endfacet
  facet normal 0.99027 -0.139161 0
    outer loop
      vertex 6.71402 -28.6041 0
      vertex 6.54741 -29.7897 4
      vertex 6.54741 -29.7897 0
    endloop
  endfacet
  facet normal 0.99027 -0.139161 0
    outer loop
      vertex 6.71402 -28.6041 0
      vertex 6.71402 -28.6041 4
      vertex 6.54741 -29.7897 4
    endloop
  endfacet
  facet normal -0.207925 0.978145 0
    outer loop
      vertex 5.50078 -28.862 0
      vertex 6.71402 -28.6041 4
      vertex 6.71402 -28.6041 0
    endloop
  endfacet
  facet normal -0.207925 0.978145 0
    outer loop
      vertex 5.50078 -28.862 0
      vertex 5.50078 -28.862 4
      vertex 6.71402 -28.6041 4
    endloop
  endfacet
  facet normal -0.848056 -0.529907 0
    outer loop
      vertex 6.13519 -29.8773 0
      vertex 5.50078 -28.862 4
      vertex 5.50078 -28.862 0
    endloop
  endfacet
  facet normal -0.848056 -0.529907 0
    outer loop
      vertex 6.13519 -29.8773 0
      vertex 6.13519 -29.8773 4
      vertex 5.50078 -28.862 4
    endloop
  endfacet
  facet normal 0.207866 -0.978157 0
    outer loop
      vertex 6.54741 -29.7897 0
      vertex 6.13519 -29.8773 4
      vertex 6.13519 -29.8773 0
    endloop
  endfacet
  facet normal 0.207866 -0.978157 0
    outer loop
      vertex 6.54741 -29.7897 0
      vertex 6.54741 -29.7897 4
      vertex 6.13519 -29.8773 4
    endloop
  endfacet
  facet normal 0.207925 0.978145 0
    outer loop
      vertex -6.71402 -28.6041 0
      vertex -5.50078 -28.862 4
      vertex -5.50078 -28.862 0
    endloop
  endfacet
  facet normal 0.207925 0.978145 -0
    outer loop
      vertex -6.71402 -28.6041 0
      vertex -6.71402 -28.6041 4
      vertex -5.50078 -28.862 4
    endloop
  endfacet
  facet normal -0.99027 -0.139161 0
    outer loop
      vertex -6.54741 -29.7897 0
      vertex -6.71402 -28.6041 4
      vertex -6.71402 -28.6041 0
    endloop
  endfacet
  facet normal -0.99027 -0.139161 0
    outer loop
      vertex -6.54741 -29.7897 0
      vertex -6.54741 -29.7897 4
      vertex -6.71402 -28.6041 4
    endloop
  endfacet
  facet normal -0.207866 -0.978157 0
    outer loop
      vertex -6.13519 -29.8773 0
      vertex -6.54741 -29.7897 4
      vertex -6.54741 -29.7897 0
    endloop
  endfacet
  facet normal -0.207866 -0.978157 0
    outer loop
      vertex -6.13519 -29.8773 0
      vertex -6.13519 -29.8773 4
      vertex -6.54741 -29.7897 4
    endloop
  endfacet
  facet normal 0.848056 -0.529907 0
    outer loop
      vertex -5.50078 -28.862 0
      vertex -6.13519 -29.8773 4
      vertex -6.13519 -29.8773 0
    endloop
  endfacet
  facet normal 0.848056 -0.529907 0
    outer loop
      vertex -5.50078 -28.862 0
      vertex -5.50078 -28.862 4
      vertex -6.13519 -29.8773 4
    endloop
  endfacet
  facet normal 0.981627 -0.190812 0
    outer loop
      vertex 5.20779 -28.9163 0
      vertex 4.97935 -30.0915 4
      vertex 4.97935 -30.0915 0
    endloop
  endfacet
  facet normal 0.981627 -0.190812 0
    outer loop
      vertex 5.20779 -28.9163 0
      vertex 5.20779 -28.9163 4
      vertex 4.97935 -30.0915 4
    endloop
  endfacet
  facet normal -0.156487 0.98768 0
    outer loop
      vertex 3.98271 -29.1104 0
      vertex 5.20779 -28.9163 4
      vertex 5.20779 -28.9163 0
    endloop
  endfacet
  facet normal -0.156487 0.98768 0
    outer loop
      vertex 3.98271 -29.1104 0
      vertex 3.98271 -29.1104 4
      vertex 5.20779 -28.9163 4
    endloop
  endfacet
  facet normal -0.874619 -0.484812 0
    outer loop
      vertex 4.56313 -30.1575 0
      vertex 3.98271 -29.1104 4
      vertex 3.98271 -29.1104 0
    endloop
  endfacet
  facet normal -0.874619 -0.484812 0
    outer loop
      vertex 4.56313 -30.1575 0
      vertex 4.56313 -30.1575 4
      vertex 3.98271 -29.1104 4
    endloop
  endfacet
  facet normal 0.156613 -0.98766 0
    outer loop
      vertex 4.97935 -30.0915 0
      vertex 4.56313 -30.1575 4
      vertex 4.56313 -30.1575 0
    endloop
  endfacet
  facet normal 0.156613 -0.98766 0
    outer loop
      vertex 4.97935 -30.0915 0
      vertex 4.97935 -30.0915 4
      vertex 4.56313 -30.1575 4
    endloop
  endfacet
  facet normal 0.156487 0.98768 0
    outer loop
      vertex -5.20779 -28.9163 0
      vertex -3.98271 -29.1104 4
      vertex -3.98271 -29.1104 0
    endloop
  endfacet
  facet normal 0.156487 0.98768 -0
    outer loop
      vertex -5.20779 -28.9163 0
      vertex -5.20779 -28.9163 4
      vertex -3.98271 -29.1104 4
    endloop
  endfacet
  facet normal -0.981627 -0.190812 0
    outer loop
      vertex -4.97935 -30.0915 0
      vertex -5.20779 -28.9163 4
      vertex -5.20779 -28.9163 0
    endloop
  endfacet
  facet normal -0.981627 -0.190812 0
    outer loop
      vertex -4.97935 -30.0915 0
      vertex -4.97935 -30.0915 4
      vertex -5.20779 -28.9163 4
    endloop
  endfacet
  facet normal -0.156613 -0.98766 0
    outer loop
      vertex -4.56313 -30.1575 0
      vertex -4.97935 -30.0915 4
      vertex -4.97935 -30.0915 0
    endloop
  endfacet
  facet normal -0.156613 -0.98766 0
    outer loop
      vertex -4.56313 -30.1575 0
      vertex -4.56313 -30.1575 4
      vertex -4.97935 -30.0915 4
    endloop
  endfacet
  facet normal 0.874619 -0.484812 0
    outer loop
      vertex -3.98271 -29.1104 0
      vertex -4.56313 -30.1575 4
      vertex -4.56313 -30.1575 0
    endloop
  endfacet
  facet normal 0.874619 -0.484812 0
    outer loop
      vertex -3.98271 -29.1104 0
      vertex -3.98271 -29.1104 4
      vertex -4.56313 -30.1575 4
    endloop
  endfacet
  facet normal 0.104566 0.994518 0
    outer loop
      vertex -3.6873 -29.1492 0
      vertex -2.45374 -29.2789 4
      vertex -2.45374 -29.2789 0
    endloop
  endfacet
  facet normal 0.104566 0.994518 -0
    outer loop
      vertex -3.6873 -29.1492 0
      vertex -3.6873 -29.1492 4
      vertex -2.45374 -29.2789 4
    endloop
  endfacet
  facet normal -0.970297 -0.241918 0
    outer loop
      vertex -3.39766 -30.3109 0
      vertex -3.6873 -29.1492 4
      vertex -3.6873 -29.1492 0
    endloop
  endfacet
  facet normal -0.970297 -0.241918 0
    outer loop
      vertex -3.39766 -30.3109 0
      vertex -3.39766 -30.3109 4
      vertex -3.6873 -29.1492 4
    endloop
  endfacet
  facet normal -0.104413 -0.994534 0
    outer loop
      vertex -2.97856 -30.3549 0
      vertex -3.39766 -30.3109 4
      vertex -3.39766 -30.3109 0
    endloop
  endfacet
  facet normal -0.104413 -0.994534 0
    outer loop
      vertex -2.97856 -30.3549 0
      vertex -2.97856 -30.3549 4
      vertex -3.39766 -30.3109 4
    endloop
  endfacet
  facet normal 0.898788 -0.438384 0
    outer loop
      vertex -2.45374 -29.2789 0
      vertex -2.97856 -30.3549 4
      vertex -2.97856 -30.3549 0
    endloop
  endfacet
  facet normal 0.898788 -0.438384 0
    outer loop
      vertex -2.45374 -29.2789 0
      vertex -2.45374 -29.2789 4
      vertex -2.97856 -30.3549 4
    endloop
  endfacet
  facet normal 0.970297 -0.241918 0
    outer loop
      vertex 3.6873 -29.1492 0
      vertex 3.39766 -30.3109 4
      vertex 3.39766 -30.3109 0
    endloop
  endfacet
  facet normal 0.970297 -0.241918 0
    outer loop
      vertex 3.6873 -29.1492 0
      vertex 3.6873 -29.1492 4
      vertex 3.39766 -30.3109 4
    endloop
  endfacet
  facet normal -0.104566 0.994518 0
    outer loop
      vertex 2.45374 -29.2789 0
      vertex 3.6873 -29.1492 4
      vertex 3.6873 -29.1492 0
    endloop
  endfacet
  facet normal -0.104566 0.994518 0
    outer loop
      vertex 2.45374 -29.2789 0
      vertex 2.45374 -29.2789 4
      vertex 3.6873 -29.1492 4
    endloop
  endfacet
  facet normal -0.898788 -0.438384 0
    outer loop
      vertex 2.97856 -30.3549 0
      vertex 2.45374 -29.2789 4
      vertex 2.45374 -29.2789 0
    endloop
  endfacet
  facet normal -0.898788 -0.438384 0
    outer loop
      vertex 2.97856 -30.3549 0
      vertex 2.97856 -30.3549 4
      vertex 2.45374 -29.2789 4
    endloop
  endfacet
  facet normal 0.104413 -0.994534 0
    outer loop
      vertex 3.39766 -30.3109 0
      vertex 2.97856 -30.3549 4
      vertex 2.97856 -30.3549 0
    endloop
  endfacet
  facet normal 0.104413 -0.994534 0
    outer loop
      vertex 3.39766 -30.3109 0
      vertex 3.39766 -30.3109 4
      vertex 2.97856 -30.3549 4
    endloop
  endfacet
  facet normal 0.956305 -0.292371 0
    outer loop
      vertex 2.15669 -29.3023 0
      vertex 1.80666 -30.4472 4
      vertex 1.80666 -30.4472 0
    endloop
  endfacet
  facet normal 0.956305 -0.292371 0
    outer loop
      vertex 2.15669 -29.3023 0
      vertex 2.15669 -29.3023 4
      vertex 1.80666 -30.4472 4
    endloop
  endfacet
  facet normal -0.0523236 0.99863 0
    outer loop
      vertex 0.91803 -29.3672 0
      vertex 2.15669 -29.3023 4
      vertex 2.15669 -29.3023 0
    endloop
  endfacet
  facet normal -0.0523236 0.99863 0
    outer loop
      vertex 0.91803 -29.3672 0
      vertex 0.91803 -29.3672 4
      vertex 2.15669 -29.3023 4
    endloop
  endfacet
  facet normal -0.920499 -0.390744 0
    outer loop
      vertex 1.38582 -30.4692 0
      vertex 0.91803 -29.3672 4
      vertex 0.91803 -29.3672 0
    endloop
  endfacet
  facet normal -0.920499 -0.390744 0
    outer loop
      vertex 1.38582 -30.4692 0
      vertex 1.38582 -30.4692 4
      vertex 0.91803 -29.3672 4
    endloop
  endfacet
  facet normal 0.0522051 -0.998636 0
    outer loop
      vertex 1.80666 -30.4472 0
      vertex 1.38582 -30.4692 4
      vertex 1.38582 -30.4692 0
    endloop
  endfacet
  facet normal 0.0522051 -0.998636 0
    outer loop
      vertex 1.80666 -30.4472 0
      vertex 1.80666 -30.4472 4
      vertex 1.38582 -30.4692 4
    endloop
  endfacet
  facet normal 0.0523236 0.99863 0
    outer loop
      vertex -2.15669 -29.3023 0
      vertex -0.91803 -29.3672 4
      vertex -0.91803 -29.3672 0
    endloop
  endfacet
  facet normal 0.0523236 0.99863 -0
    outer loop
      vertex -2.15669 -29.3023 0
      vertex -2.15669 -29.3023 4
      vertex -0.91803 -29.3672 4
    endloop
  endfacet
  facet normal -0.956305 -0.292371 0
    outer loop
      vertex -1.80666 -30.4472 0
      vertex -2.15669 -29.3023 4
      vertex -2.15669 -29.3023 0
    endloop
  endfacet
  facet normal -0.956305 -0.292371 0
    outer loop
      vertex -1.80666 -30.4472 0
      vertex -1.80666 -30.4472 4
      vertex -2.15669 -29.3023 4
    endloop
  endfacet
  facet normal -0.0522051 -0.998636 0
    outer loop
      vertex -1.38582 -30.4692 0
      vertex -1.80666 -30.4472 4
      vertex -1.80666 -30.4472 0
    endloop
  endfacet
  facet normal -0.0522051 -0.998636 0
    outer loop
      vertex -1.38582 -30.4692 0
      vertex -1.38582 -30.4692 4
      vertex -1.80666 -30.4472 4
    endloop
  endfacet
  facet normal 0.920499 -0.390744 0
    outer loop
      vertex -0.91803 -29.3672 0
      vertex -1.38582 -30.4692 4
      vertex -1.38582 -30.4692 0
    endloop
  endfacet
  facet normal 0.920499 -0.390744 0
    outer loop
      vertex -0.91803 -29.3672 0
      vertex -0.91803 -29.3672 4
      vertex -1.38582 -30.4692 4
    endloop
  endfacet
  facet normal 0 1 0
    outer loop
      vertex -0.620178 -29.375 0
      vertex 0.620178 -29.375 4
      vertex 0.620178 -29.375 0
    endloop
  endfacet
  facet normal 0 1 0
    outer loop
      vertex -0.620178 -29.375 0
      vertex -0.620178 -29.375 4
      vertex 0.620178 -29.375 4
    endloop
  endfacet
  facet normal -0.939692 -0.342022 0
    outer loop
      vertex -0.210709 -30.5 0
      vertex -0.620178 -29.375 4
      vertex -0.620178 -29.375 0
    endloop
  endfacet
  facet normal -0.939692 -0.342022 0
    outer loop
      vertex -0.210709 -30.5 0
      vertex -0.210709 -30.5 4
      vertex -0.620178 -29.375 4
    endloop
  endfacet
  facet normal 0 -1 0
    outer loop
      vertex 0.210709 -30.5 0
      vertex -0.210709 -30.5 4
      vertex -0.210709 -30.5 0
    endloop
  endfacet
  facet normal 0 -1 0
    outer loop
      vertex 0.210709 -30.5 0
      vertex 0.210709 -30.5 4
      vertex -0.210709 -30.5 4
    endloop
  endfacet
  facet normal 0.939692 -0.342022 0
    outer loop
      vertex 0.620178 -29.375 0
      vertex 0.210709 -30.5 4
      vertex 0.210709 -30.5 0
    endloop
  endfacet
  facet normal 0.939692 -0.342022 0
    outer loop
      vertex 0.620178 -29.375 0
      vertex 0.620178 -29.375 4
      vertex 0.210709 -30.5 4
    endloop
  endfacet
endsolid OpenSCAD_Model
