ISO-10303-21;
HEADER;
/* Generated by software containing ST-Developer
 * from STEP Tools, Inc. (www.steptools.com) 
 */
/* OPTION: using custom renumber hook */

FILE_DESCRIPTION(
/* description */ ('STEP AP242 Edition 2',
'CAx-IF Rec.Pracs.---Representation and Presentation of Product Manufa
cturing Information (PMI)---4.0---2014-10-13',
'CAx-IF Rec.Pracs.---3D Tessellated Geometry---0.4---2014-09-14','2;1',
'CAx-IF Rec.Pracs.---User Defined Attributes---1.5---2016-08-15'),
/* implementation_level */ '2;1');

FILE_NAME(
/* name */ '69feb3200b904a812bb698a6',
/* time_stamp */ '2026-05-09T04:08:00Z',
/* author */ (''),
/* organization */ (''),
/* preprocessor_version */ 'ST-DEVELOPER v20',
/* originating_system */ 'ONSHAPE BY PTC INC, 1.214',
/* authorisation */ '  ');

FILE_SCHEMA (('AP242_MANAGED_MODEL_BASED_3D_ENGINEERING_MIM_LF { 1 0 10303 442 3 1 4 }'));
ENDSEC;

DATA;
#10=B_SPLINE_SURFACE_WITH_KNOTS('',3,1,((#5649,#5650),(#5651,#5652),(#5653,
#5654),(#5655,#5656),(#5657,#5658),(#5659,#5660),(#5661,#5662),(#5663,#5664),
(#5665,#5666),(#5667,#5668),(#5669,#5670),(#5671,#5672),(#5673,#5674),(#5675,
#5676),(#5677,#5678),(#5679,#5680),(#5681,#5682),(#5683,#5684),(#5685,#5686),
(#5687,#5688),(#5689,#5690),(#5691,#5692),(#5693,#5694),(#5695,#5696),(#5697,
#5698),(#5699,#5700),(#5701,#5702),(#5703,#5704),(#5705,#5706),(#5707,#5708),
(#5709,#5710),(#5711,#5712),(#5713,#5714),(#5715,#5716),(#5717,#5718),(#5719,
#5720),(#5721,#5722),(#5723,#5724),(#5725,#5726),(#5727,#5728),(#5729,#5730),
(#5731,#5732),(#5733,#5734),(#5735,#5736),(#5737,#5738),(#5739,#5740),(#5741,
#5742),(#5743,#5744),(#5745,#5746),(#5747,#5748),(#5749,#5750),(#5751,#5752),
(#5753,#5754),(#5755,#5756),(#5757,#5758),(#5759,#5760),(#5761,#5762),(#5763,
#5764),(#5765,#5766),(#5767,#5768),(#5769,#5770),(#5771,#5772),(#5773,#5774),
(#5775,#5776),(#5777,#5778),(#5779,#5780),(#5781,#5782)),
 .SURF_OF_LINEAR_EXTRUSION.,.F.,.F.,.F.,(4,1,1,1,1,1,1,1,1,1,1,1,1,1,1,
1,1,1,1,1,1,1,1,1,1,1,1,1,1,1,1,1,1,1,1,1,1,1,1,1,1,1,1,1,1,1,1,1,1,1,1,
1,1,1,1,1,1,1,1,1,1,1,1,1,4),(2,2),(0.0666566969281953,0.0812401860386922,
0.0958236751491892,0.110407164259686,0.124990653370183,0.13957414248068,
0.154157631591177,0.168741120701674,0.183324609812171,0.197908098922668,
0.212491588033165,0.227075077143662,0.241658566254159,0.256242055364656,
0.270825544475153,0.28540903358565,0.299992522696146,0.314576011806643,
0.32915950091714,0.343742990027637,0.358326479138134,0.372909968248631,
0.387493457359128,0.402076946469625,0.416660435580122,0.431243924690619,
0.445827413801116,0.460410902911613,0.47499439202211,0.489577881132607,
0.504161370243104,0.518744859353601,0.533328348464098,0.547911837574595,
0.562495326685092,0.577078815795588,0.591662304906085,0.606245794016582,
0.620829283127079,0.635412772237576,0.649996261348073,0.66457975045857,
0.679163239569067,0.693746728679564,0.708330217790061,0.722913706900558,
0.737497196011055,0.752080685121552,0.766664174232049,0.781247663342546,
0.795831152453043,0.81041464156354,0.824998130674037,0.839581619784534,
0.854165108895031,0.868748598005527,0.883332087116024,0.897915576226521,
0.912499065337018,0.927082554447515,0.941666043558012,0.956249532668509,
0.970833021779006,0.985416510889503,1.),(0.,1.),.UNSPECIFIED.);
#11=B_SPLINE_SURFACE_WITH_KNOTS('',3,1,((#6368,#6369),(#6370,#6371),(#6372,
#6373),(#6374,#6375),(#6376,#6377),(#6378,#6379),(#6380,#6381),(#6382,#6383),
(#6384,#6385),(#6386,#6387),(#6388,#6389),(#6390,#6391),(#6392,#6393),(#6394,
#6395),(#6396,#6397),(#6398,#6399),(#6400,#6401),(#6402,#6403),(#6404,#6405),
(#6406,#6407),(#6408,#6409),(#6410,#6411),(#6412,#6413),(#6414,#6415),(#6416,
#6417),(#6418,#6419),(#6420,#6421),(#6422,#6423),(#6424,#6425),(#6426,#6427),
(#6428,#6429),(#6430,#6431),(#6432,#6433),(#6434,#6435),(#6436,#6437),(#6438,
#6439),(#6440,#6441),(#6442,#6443),(#6444,#6445),(#6446,#6447),(#6448,#6449),
(#6450,#6451),(#6452,#6453),(#6454,#6455),(#6456,#6457),(#6458,#6459),(#6460,
#6461),(#6462,#6463),(#6464,#6465),(#6466,#6467),(#6468,#6469),(#6470,#6471),
(#6472,#6473),(#6474,#6475),(#6476,#6477),(#6478,#6479),(#6480,#6481),(#6482,
#6483),(#6484,#6485),(#6486,#6487),(#6488,#6489),(#6490,#6491),(#6492,#6493),
(#6494,#6495),(#6496,#6497),(#6498,#6499),(#6500,#6501)),
 .SURF_OF_LINEAR_EXTRUSION.,.F.,.F.,.F.,(4,1,1,1,1,1,1,1,1,1,1,1,1,1,1,
1,1,1,1,1,1,1,1,1,1,1,1,1,1,1,1,1,1,1,1,1,1,1,1,1,1,1,1,1,1,1,1,1,1,1,1,
1,1,1,1,1,1,1,1,1,1,1,1,1,4),(2,2),(0.,0.015625,0.03125,0.046875,0.0625,
0.078125,0.09375,0.109375,0.125,0.140625,0.15625,0.171875,0.1875,0.203125,
0.21875,0.234375,0.25,0.265625,0.28125,0.296875,0.3125,0.328125,0.34375,
0.359375,0.375,0.390625,0.40625,0.421875,0.4375,0.453125,0.46875,0.484375,
0.5,0.515625,0.53125,0.546875,0.5625,0.578125,0.59375,0.609375,0.625,0.640625,
0.65625,0.671875,0.6875,0.703125,0.71875,0.734375,0.75,0.765625,0.78125,
0.796875,0.8125,0.828125,0.84375,0.859375,0.875,0.890625,0.90625,0.921875,
0.9375,0.953125,0.96875,0.984375,1.),(0.,1.),.UNSPECIFIED.);
#12=ELLIPSE('',#3817,0.00110991626417474,0.001);
#13=ELLIPSE('',#3818,0.00110991626417474,0.001);
#14=ELLIPSE('',#3820,0.00110991626417474,0.001);
#15=ELLIPSE('',#3822,0.00110991626417474,0.001);
#16=ELLIPSE('',#3824,0.00110991626417474,0.001);
#17=ELLIPSE('',#3826,0.00110991626417474,0.001);
#18=ELLIPSE('',#3828,0.00110991626417474,0.001);
#19=B_SPLINE_CURVE_WITH_KNOTS('',3,(#4998,#4999,#5000,#5001,#5002),
 .UNSPECIFIED.,.F.,.F.,(4,1,4),(0.,0.00348034124227703,0.00696068248455406),
 .UNSPECIFIED.);
#20=B_SPLINE_CURVE_WITH_KNOTS('',3,(#5007,#5008,#5009,#5010),
 .UNSPECIFIED.,.F.,.F.,(4,4),(0.,0.00696052769933475),.UNSPECIFIED.);
#21=B_SPLINE_CURVE_WITH_KNOTS('',3,(#5523,#5524,#5525,#5526,#5527),
 .UNSPECIFIED.,.F.,.F.,(4,1,4),(0.,0.00348034124227703,0.00696068248455406),
 .UNSPECIFIED.);
#22=B_SPLINE_CURVE_WITH_KNOTS('',3,(#5532,#5533,#5534,#5535),
 .UNSPECIFIED.,.F.,.F.,(4,4),(0.,0.00696052769933475),.UNSPECIFIED.);
#23=B_SPLINE_CURVE_WITH_KNOTS('',3,(#5783,#5784,#5785,#5786,#5787,#5788,
#5789,#5790,#5791,#5792,#5793,#5794,#5795,#5796,#5797,#5798,#5799,#5800,
#5801,#5802,#5803,#5804,#5805,#5806,#5807,#5808,#5809,#5810,#5811,#5812,
#5813,#5814,#5815,#5816,#5817,#5818,#5819,#5820,#5821,#5822,#5823,#5824,
#5825,#5826,#5827,#5828,#5829,#5830,#5831,#5832,#5833,#5834,#5835,#5836,
#5837,#5838,#5839,#5840,#5841,#5842,#5843,#5844,#5845,#5846,#5847,#5848,
#5849,#5850,#5851,#5852,#5853,#5854,#5855,#5856,#5857,#5858,#5859,#5860,
#5861,#5862,#5863,#5864,#5865,#5866,#5867,#5868,#5869,#5870,#5871,#5872,
#5873,#5874,#5875,#5876,#5877,#5878,#5879,#5880,#5881,#5882,#5883,#5884,
#5885,#5886,#5887,#5888,#5889,#5890,#5891,#5892,#5893,#5894,#5895,#5896,
#5897,#5898,#5899,#5900,#5901,#5902,#5903,#5904,#5905,#5906,#5907,#5908,
#5909,#5910,#5911,#5912),.UNSPECIFIED.,.F.,.F.,(4,2,2,2,2,2,2,2,2,2,2,2,
2,2,2,2,2,2,2,2,2,2,2,2,2,2,2,2,2,2,2,2,2,2,2,2,2,2,2,2,2,2,2,2,2,2,2,2,
2,2,2,2,2,2,2,2,2,2,2,2,2,2,2,2,4),(0.,0.00390625,0.0166015625,0.0292968750000001,
0.0419921875000002,0.0546875,0.0673828125000003,0.0800781250000004,0.0927734375000005,
0.105468750000001,0.118164062500001,0.130859375000001,0.143554687500001,
0.15625,0.168945312500001,0.181640625000001,0.194335937500001,0.207031250000001,
0.219726562500001,0.232421875000001,0.245117187500001,0.2578125,0.270507812500001,
0.283203125000001,0.295898437500001,0.308593750000001,0.321289062500001,
0.333984375000001,0.346679687500001,0.359375,0.372070312500002,0.384765625000002,
0.397460937500002,0.410156250000002,0.422851562500002,0.435546875000002,
0.448242187500002,0.4609375,0.473632812500002,0.486328125000002,0.499023437500002,
0.511718750000002,0.524414062500002,0.537109375000002,0.549804687500002,
0.5625,0.575195312500002,0.587890625000002,0.613281250000001,0.638671875000001,
0.6640625,0.689453125000001,0.71484375,0.740234375,0.765625,0.791015625,
0.81640625,0.841796875,0.8671875,0.892578124999999,0.91796875,0.943359375,
0.96875,0.984375,1.),.UNSPECIFIED.);
#24=B_SPLINE_CURVE_WITH_KNOTS('',3,(#5917,#5918,#5919,#5920,#5921,#5922,
#5923,#5924,#5925,#5926,#5927,#5928,#5929,#5930,#5931,#5932,#5933,#5934,
#5935,#5936,#5937,#5938,#5939,#5940,#5941,#5942,#5943,#5944,#5945,#5946,
#5947,#5948,#5949,#5950,#5951,#5952,#5953,#5954,#5955,#5956,#5957,#5958,
#5959,#5960,#5961,#5962,#5963,#5964,#5965,#5966,#5967,#5968,#5969,#5970,
#5971,#5972,#5973,#5974,#5975,#5976,#5977,#5978,#5979,#5980,#5981,#5982,
#5983,#5984,#5985,#5986,#5987,#5988,#5989,#5990,#5991,#5992,#5993,#5994,
#5995,#5996,#5997,#5998,#5999,#6000,#6001,#6002,#6003,#6004,#6005,#6006,
#6007,#6008,#6009,#6010,#6011,#6012,#6013,#6014,#6015,#6016,#6017,#6018,
#6019,#6020,#6021,#6022,#6023,#6024,#6025,#6026,#6027,#6028,#6029,#6030,
#6031,#6032,#6033,#6034,#6035,#6036,#6037,#6038,#6039,#6040),
 .UNSPECIFIED.,.F.,.F.,(4,2,2,2,2,2,2,2,2,2,2,2,2,2,2,2,2,2,2,2,2,2,2,2,
2,2,2,2,2,2,2,2,2,2,2,2,2,2,2,2,2,2,2,2,2,2,2,2,2,2,2,2,2,2,2,2,2,2,2,2,
2,4),(0.,0.00390625,0.0166015625,0.0292968750000001,0.0419921875000002,
0.0546875,0.0673828125000003,0.0800781250000004,0.0927734375000005,0.105468750000001,
0.118164062500001,0.130859375000001,0.143554687500001,0.15625,0.168945312500001,
0.181640625000001,0.194335937500001,0.207031250000001,0.219726562500001,
0.232421875000001,0.245117187500001,0.2578125,0.270507812500001,0.283203125000001,
0.295898437500001,0.308593750000001,0.321289062500001,0.333984375000001,
0.346679687500001,0.359375,0.372070312500002,0.384765625000002,0.397460937500002,
0.410156250000002,0.422851562500002,0.435546875000002,0.448242187500002,
0.4609375,0.473632812500002,0.486328125000002,0.499023437500002,0.511718750000002,
0.537109375000002,0.5625,0.587890625000002,0.613281250000001,0.638671875000001,
0.6640625,0.689453125000001,0.71484375,0.740234375,0.765625,0.791015625,
0.81640625,0.841796875,0.8671875,0.892578124999999,0.91796875,0.943359375,
0.96875,0.984375,1.),.UNSPECIFIED.);
#25=B_SPLINE_CURVE_WITH_KNOTS('',3,(#6072,#6073,#6074,#6075,#6076,#6077,
#6078,#6079,#6080,#6081,#6082,#6083,#6084,#6085,#6086,#6087,#6088,#6089,
#6090,#6091,#6092,#6093,#6094,#6095,#6096,#6097,#6098,#6099,#6100,#6101,
#6102,#6103,#6104,#6105,#6106,#6107,#6108,#6109,#6110,#6111,#6112,#6113,
#6114,#6115,#6116,#6117,#6118,#6119,#6120,#6121,#6122,#6123,#6124,#6125,
#6126,#6127,#6128,#6129,#6130,#6131,#6132,#6133,#6134,#6135,#6136,#6137,
#6138,#6139,#6140,#6141,#6142,#6143,#6144,#6145,#6146,#6147,#6148,#6149,
#6150,#6151,#6152,#6153,#6154,#6155,#6156,#6157,#6158,#6159,#6160,#6161,
#6162,#6163,#6164,#6165,#6166,#6167,#6168,#6169,#6170,#6171,#6172,#6173,
#6174,#6175,#6176,#6177,#6178,#6179,#6180,#6181,#6182,#6183,#6184,#6185,
#6186,#6187,#6188,#6189,#6190,#6191,#6192,#6193,#6194,#6195,#6196,#6197,
#6198,#6199,#6200,#6201),.UNSPECIFIED.,.F.,.F.,(4,2,2,2,2,2,2,2,2,2,2,2,
2,2,2,2,2,2,2,2,2,2,2,2,2,2,2,2,2,2,2,2,2,2,2,2,2,2,2,2,2,2,2,2,2,2,2,2,
2,2,2,2,2,2,2,2,2,2,2,2,2,2,2,2,4),(0.,0.00390625,0.0166015625,0.0292968750000001,
0.0419921875000002,0.0546875,0.0673828125000003,0.0800781250000004,0.0927734375000005,
0.105468750000001,0.118164062500001,0.130859375000001,0.143554687500001,
0.15625,0.168945312500001,0.181640625000001,0.194335937500001,0.207031250000001,
0.219726562500001,0.232421875000001,0.245117187500001,0.2578125,0.270507812500001,
0.283203125000001,0.295898437500001,0.308593750000001,0.321289062500001,
0.333984375000001,0.346679687500001,0.359375,0.372070312500002,0.384765625000002,
0.397460937500002,0.410156250000002,0.422851562500002,0.435546875000002,
0.448242187500002,0.4609375,0.473632812500002,0.486328125000002,0.499023437500002,
0.511718750000002,0.524414062500002,0.537109375000002,0.549804687500002,
0.5625,0.575195312500002,0.587890625000002,0.613281250000001,0.638671875000001,
0.6640625,0.689453125000001,0.71484375,0.740234375,0.765625,0.791015625,
0.81640625,0.841796875,0.8671875,0.892578124999999,0.91796875,0.943359375,
0.96875,0.984375,1.),.UNSPECIFIED.);
#26=B_SPLINE_CURVE_WITH_KNOTS('',3,(#6238,#6239,#6240,#6241,#6242,#6243,
#6244,#6245,#6246,#6247,#6248,#6249,#6250,#6251,#6252,#6253,#6254,#6255,
#6256,#6257,#6258,#6259,#6260,#6261,#6262,#6263,#6264,#6265,#6266,#6267,
#6268,#6269,#6270,#6271,#6272,#6273,#6274,#6275,#6276,#6277,#6278,#6279,
#6280,#6281,#6282,#6283,#6284,#6285,#6286,#6287,#6288,#6289,#6290,#6291,
#6292,#6293,#6294,#6295,#6296,#6297,#6298,#6299,#6300,#6301,#6302,#6303,
#6304,#6305,#6306,#6307,#6308,#6309,#6310,#6311,#6312,#6313,#6314,#6315,
#6316,#6317,#6318,#6319,#6320,#6321,#6322,#6323,#6324,#6325,#6326,#6327,
#6328,#6329,#6330,#6331,#6332,#6333,#6334,#6335,#6336,#6337,#6338,#6339,
#6340,#6341,#6342,#6343,#6344,#6345,#6346,#6347,#6348,#6349,#6350,#6351,
#6352,#6353,#6354,#6355,#6356,#6357,#6358,#6359,#6360,#6361,#6362,#6363,
#6364,#6365,#6366,#6367),.UNSPECIFIED.,.F.,.F.,(4,2,2,2,2,2,2,2,2,2,2,2,
2,2,2,2,2,2,2,2,2,2,2,2,2,2,2,2,2,2,2,2,2,2,2,2,2,2,2,2,2,2,2,2,2,2,2,2,
2,2,2,2,2,2,2,2,2,2,2,2,2,2,2,2,4),(0.,0.00390625,0.0166015625,0.0292968750000001,
0.0419921875000002,0.0546875,0.0673828125000003,0.0800781250000004,0.0927734375000005,
0.105468750000001,0.118164062500001,0.130859375000001,0.143554687500001,
0.15625,0.168945312500001,0.181640625000001,0.194335937500001,0.207031250000001,
0.219726562500001,0.232421875000001,0.245117187500001,0.2578125,0.270507812500001,
0.283203125000001,0.295898437500001,0.308593750000001,0.321289062500001,
0.333984375000001,0.346679687500001,0.359375,0.372070312500002,0.384765625000002,
0.397460937500002,0.410156250000002,0.422851562500002,0.435546875000002,
0.448242187500002,0.4609375,0.473632812500002,0.486328125000002,0.499023437500002,
0.511718750000002,0.524414062500002,0.537109375000002,0.549804687500002,
0.5625,0.575195312500002,0.587890625000002,0.613281250000001,0.638671875000001,
0.6640625,0.689453125000001,0.71484375,0.740234375,0.765625,0.791015625,
0.81640625,0.841796875,0.8671875,0.892578124999999,0.91796875,0.943359375,
0.96875,0.984375,1.),.UNSPECIFIED.);
#27=LINE('',#4904,#430);
#28=LINE('',#4907,#431);
#29=LINE('',#4909,#432);
#30=LINE('',#4911,#433);
#31=LINE('',#4913,#434);
#32=LINE('',#4915,#435);
#33=LINE('',#4917,#436);
#34=LINE('',#4919,#437);
#35=LINE('',#4921,#438);
#36=LINE('',#4923,#439);
#37=LINE('',#4925,#440);
#38=LINE('',#4927,#441);
#39=LINE('',#4929,#442);
#40=LINE('',#4931,#443);
#41=LINE('',#4933,#444);
#42=LINE('',#4935,#445);
#43=LINE('',#4937,#446);
#44=LINE('',#4941,#447);
#45=LINE('',#4943,#448);
#46=LINE('',#4945,#449);
#47=LINE('',#4947,#450);
#48=LINE('',#4952,#451);
#49=LINE('',#4956,#452);
#50=LINE('',#4958,#453);
#51=LINE('',#4961,#454);
#52=LINE('',#4963,#455);
#53=LINE('',#4965,#456);
#54=LINE('',#4967,#457);
#55=LINE('',#4969,#458);
#56=LINE('',#4971,#459);
#57=LINE('',#4974,#460);
#58=LINE('',#4977,#461);
#59=LINE('',#4978,#462);
#60=LINE('',#4979,#463);
#61=LINE('',#4981,#464);
#62=LINE('',#4983,#465);
#63=LINE('',#4985,#466);
#64=LINE('',#4987,#467);
#65=LINE('',#4989,#468);
#66=LINE('',#4991,#469);
#67=LINE('',#4992,#470);
#68=LINE('',#4994,#471);
#69=LINE('',#4996,#472);
#70=LINE('',#5004,#473);
#71=LINE('',#5005,#474);
#72=LINE('',#5013,#475);
#73=LINE('',#5014,#476);
#74=LINE('',#5016,#477);
#75=LINE('',#5017,#478);
#76=LINE('',#5022,#479);
#77=LINE('',#5023,#480);
#78=LINE('',#5025,#481);
#79=LINE('',#5026,#482);
#80=LINE('',#5031,#483);
#81=LINE('',#5033,#484);
#82=LINE('',#5035,#485);
#83=LINE('',#5037,#486);
#84=LINE('',#5039,#487);
#85=LINE('',#5041,#488);
#86=LINE('',#5043,#489);
#87=LINE('',#5045,#490);
#88=LINE('',#5047,#491);
#89=LINE('',#5049,#492);
#90=LINE('',#5051,#493);
#91=LINE('',#5053,#494);
#92=LINE('',#5055,#495);
#93=LINE('',#5057,#496);
#94=LINE('',#5064,#497);
#95=LINE('',#5068,#498);
#96=LINE('',#5070,#499);
#97=LINE('',#5072,#500);
#98=LINE('',#5074,#501);
#99=LINE('',#5078,#502);
#100=LINE('',#5082,#503);
#101=LINE('',#5084,#504);
#102=LINE('',#5086,#505);
#103=LINE('',#5088,#506);
#104=LINE('',#5090,#507);
#105=LINE('',#5092,#508);
#106=LINE('',#5094,#509);
#107=LINE('',#5096,#510);
#108=LINE('',#5098,#511);
#109=LINE('',#5102,#512);
#110=LINE('',#5104,#513);
#111=LINE('',#5108,#514);
#112=LINE('',#5110,#515);
#113=LINE('',#5112,#516);
#114=LINE('',#5114,#517);
#115=LINE('',#5116,#518);
#116=LINE('',#5118,#519);
#117=LINE('',#5119,#520);
#118=LINE('',#5122,#521);
#119=LINE('',#5127,#522);
#120=LINE('',#5131,#523);
#121=LINE('',#5133,#524);
#122=LINE('',#5135,#525);
#123=LINE('',#5139,#526);
#124=LINE('',#5143,#527);
#125=LINE('',#5145,#528);
#126=LINE('',#5147,#529);
#127=LINE('',#5149,#530);
#128=LINE('',#5151,#531);
#129=LINE('',#5153,#532);
#130=LINE('',#5155,#533);
#131=LINE('',#5157,#534);
#132=LINE('',#5159,#535);
#133=LINE('',#5163,#536);
#134=LINE('',#5165,#537);
#135=LINE('',#5169,#538);
#136=LINE('',#5171,#539);
#137=LINE('',#5173,#540);
#138=LINE('',#5175,#541);
#139=LINE('',#5177,#542);
#140=LINE('',#5179,#543);
#141=LINE('',#5180,#544);
#142=LINE('',#5187,#545);
#143=LINE('',#5190,#546);
#144=LINE('',#5192,#547);
#145=LINE('',#5194,#548);
#146=LINE('',#5196,#549);
#147=LINE('',#5198,#550);
#148=LINE('',#5200,#551);
#149=LINE('',#5202,#552);
#150=LINE('',#5203,#553);
#151=LINE('',#5208,#554);
#152=LINE('',#5212,#555);
#153=LINE('',#5216,#556);
#154=LINE('',#5219,#557);
#155=LINE('',#5222,#558);
#156=LINE('',#5224,#559);
#157=LINE('',#5226,#560);
#158=LINE('',#5228,#561);
#159=LINE('',#5230,#562);
#160=LINE('',#5232,#563);
#161=LINE('',#5234,#564);
#162=LINE('',#5236,#565);
#163=LINE('',#5238,#566);
#164=LINE('',#5240,#567);
#165=LINE('',#5242,#568);
#166=LINE('',#5245,#569);
#167=LINE('',#5246,#570);
#168=LINE('',#5248,#571);
#169=LINE('',#5250,#572);
#170=LINE('',#5252,#573);
#171=LINE('',#5260,#574);
#172=LINE('',#5266,#575);
#173=LINE('',#5268,#576);
#174=LINE('',#5270,#577);
#175=LINE('',#5272,#578);
#176=LINE('',#5274,#579);
#177=LINE('',#5276,#580);
#178=LINE('',#5280,#581);
#179=LINE('',#5284,#582);
#180=LINE('',#5286,#583);
#181=LINE('',#5288,#584);
#182=LINE('',#5294,#585);
#183=LINE('',#5298,#586);
#184=LINE('',#5300,#587);
#185=LINE('',#5302,#588);
#186=LINE('',#5306,#589);
#187=LINE('',#5308,#590);
#188=LINE('',#5311,#591);
#189=LINE('',#5313,#592);
#190=LINE('',#5315,#593);
#191=LINE('',#5317,#594);
#192=LINE('',#5321,#595);
#193=LINE('',#5325,#596);
#194=LINE('',#5327,#597);
#195=LINE('',#5329,#598);
#196=LINE('',#5332,#599);
#197=LINE('',#5333,#600);
#198=LINE('',#5342,#601);
#199=LINE('',#5343,#602);
#200=LINE('',#5345,#603);
#201=LINE('',#5347,#604);
#202=LINE('',#5349,#605);
#203=LINE('',#5353,#606);
#204=LINE('',#5356,#607);
#205=LINE('',#5357,#608);
#206=LINE('',#5372,#609);
#207=LINE('',#5375,#610);
#208=LINE('',#5377,#611);
#209=LINE('',#5379,#612);
#210=LINE('',#5381,#613);
#211=LINE('',#5383,#614);
#212=LINE('',#5385,#615);
#213=LINE('',#5387,#616);
#214=LINE('',#5389,#617);
#215=LINE('',#5391,#618);
#216=LINE('',#5393,#619);
#217=LINE('',#5395,#620);
#218=LINE('',#5397,#621);
#219=LINE('',#5399,#622);
#220=LINE('',#5401,#623);
#221=LINE('',#5403,#624);
#222=LINE('',#5405,#625);
#223=LINE('',#5409,#626);
#224=LINE('',#5411,#627);
#225=LINE('',#5413,#628);
#226=LINE('',#5415,#629);
#227=LINE('',#5420,#630);
#228=LINE('',#5424,#631);
#229=LINE('',#5426,#632);
#230=LINE('',#5429,#633);
#231=LINE('',#5431,#634);
#232=LINE('',#5433,#635);
#233=LINE('',#5435,#636);
#234=LINE('',#5437,#637);
#235=LINE('',#5439,#638);
#236=LINE('',#5442,#639);
#237=LINE('',#5445,#640);
#238=LINE('',#5446,#641);
#239=LINE('',#5447,#642);
#240=LINE('',#5449,#643);
#241=LINE('',#5451,#644);
#242=LINE('',#5453,#645);
#243=LINE('',#5455,#646);
#244=LINE('',#5457,#647);
#245=LINE('',#5459,#648);
#246=LINE('',#5460,#649);
#247=LINE('',#5462,#650);
#248=LINE('',#5464,#651);
#249=LINE('',#5466,#652);
#250=LINE('',#5469,#653);
#251=LINE('',#5471,#654);
#252=LINE('',#5473,#655);
#253=LINE('',#5475,#656);
#254=LINE('',#5477,#657);
#255=LINE('',#5479,#658);
#256=LINE('',#5481,#659);
#257=LINE('',#5483,#660);
#258=LINE('',#5485,#661);
#259=LINE('',#5487,#662);
#260=LINE('',#5489,#663);
#261=LINE('',#5491,#664);
#262=LINE('',#5493,#665);
#263=LINE('',#5495,#666);
#264=LINE('',#5497,#667);
#265=LINE('',#5499,#668);
#266=LINE('',#5501,#669);
#267=LINE('',#5503,#670);
#268=LINE('',#5505,#671);
#269=LINE('',#5506,#672);
#270=LINE('',#5508,#673);
#271=LINE('',#5511,#674);
#272=LINE('',#5513,#675);
#273=LINE('',#5515,#676);
#274=LINE('',#5517,#677);
#275=LINE('',#5519,#678);
#276=LINE('',#5521,#679);
#277=LINE('',#5529,#680);
#278=LINE('',#5530,#681);
#279=LINE('',#5538,#682);
#280=LINE('',#5539,#683);
#281=LINE('',#5541,#684);
#282=LINE('',#5542,#685);
#283=LINE('',#5547,#686);
#284=LINE('',#5548,#687);
#285=LINE('',#5550,#688);
#286=LINE('',#5551,#689);
#287=LINE('',#5570,#690);
#288=LINE('',#5571,#691);
#289=LINE('',#5573,#692);
#290=LINE('',#5575,#693);
#291=LINE('',#5577,#694);
#292=LINE('',#5579,#695);
#293=LINE('',#5581,#696);
#294=LINE('',#5585,#697);
#295=LINE('',#5588,#698);
#296=LINE('',#5591,#699);
#297=LINE('',#5594,#700);
#298=LINE('',#5596,#701);
#299=LINE('',#5598,#702);
#300=LINE('',#5600,#703);
#301=LINE('',#5602,#704);
#302=LINE('',#5605,#705);
#303=LINE('',#5607,#706);
#304=LINE('',#5609,#707);
#305=LINE('',#5611,#708);
#306=LINE('',#5615,#709);
#307=LINE('',#5617,#710);
#308=LINE('',#5620,#711);
#309=LINE('',#5622,#712);
#310=LINE('',#5623,#713);
#311=LINE('',#5625,#714);
#312=LINE('',#5628,#715);
#313=LINE('',#5629,#716);
#314=LINE('',#5631,#717);
#315=LINE('',#5633,#718);
#316=LINE('',#5635,#719);
#317=LINE('',#5637,#720);
#318=LINE('',#5640,#721);
#319=LINE('',#5642,#722);
#320=LINE('',#5644,#723);
#321=LINE('',#5646,#724);
#322=LINE('',#5648,#725);
#323=LINE('',#5915,#726);
#324=LINE('',#6042,#727);
#325=LINE('',#6044,#728);
#326=LINE('',#6047,#729);
#327=LINE('',#6049,#730);
#328=LINE('',#6051,#731);
#329=LINE('',#6053,#732);
#330=LINE('',#6055,#733);
#331=LINE('',#6057,#734);
#332=LINE('',#6058,#735);
#333=LINE('',#6061,#736);
#334=LINE('',#6063,#737);
#335=LINE('',#6064,#738);
#336=LINE('',#6066,#739);
#337=LINE('',#6068,#740);
#338=LINE('',#6069,#741);
#339=LINE('',#6070,#742);
#340=LINE('',#6204,#743);
#341=LINE('',#6206,#744);
#342=LINE('',#6209,#745);
#343=LINE('',#6211,#746);
#344=LINE('',#6213,#747);
#345=LINE('',#6215,#748);
#346=LINE('',#6217,#749);
#347=LINE('',#6219,#750);
#348=LINE('',#6220,#751);
#349=LINE('',#6224,#752);
#350=LINE('',#6226,#753);
#351=LINE('',#6228,#754);
#352=LINE('',#6229,#755);
#353=LINE('',#6231,#756);
#354=LINE('',#6233,#757);
#355=LINE('',#6235,#758);
#356=LINE('',#6502,#759);
#357=LINE('',#6503,#760);
#358=LINE('',#6505,#761);
#359=LINE('',#6507,#762);
#360=LINE('',#6509,#763);
#361=LINE('',#6511,#764);
#362=LINE('',#6514,#765);
#363=LINE('',#6515,#766);
#364=LINE('',#6517,#767);
#365=LINE('',#6521,#768);
#366=LINE('',#6523,#769);
#367=LINE('',#6525,#770);
#368=LINE('',#6528,#771);
#369=LINE('',#6530,#772);
#370=LINE('',#6534,#773);
#371=LINE('',#6537,#774);
#372=LINE('',#6540,#775);
#373=LINE('',#6542,#776);
#374=LINE('',#6545,#777);
#375=LINE('',#6547,#778);
#376=LINE('',#6548,#779);
#377=LINE('',#6550,#780);
#378=LINE('',#6552,#781);
#379=LINE('',#6554,#782);
#380=LINE('',#6557,#783);
#381=LINE('',#6559,#784);
#382=LINE('',#6563,#785);
#383=LINE('',#6566,#786);
#384=LINE('',#6569,#787);
#385=LINE('',#6571,#788);
#386=LINE('',#6574,#789);
#387=LINE('',#6576,#790);
#388=LINE('',#6577,#791);
#389=LINE('',#6579,#792);
#390=LINE('',#6580,#793);
#391=LINE('',#6582,#794);
#392=LINE('',#6585,#795);
#393=LINE('',#6586,#796);
#394=LINE('',#6588,#797);
#395=LINE('',#6598,#798);
#396=LINE('',#6601,#799);
#397=LINE('',#6603,#800);
#398=LINE('',#6605,#801);
#399=LINE('',#6607,#802);
#400=LINE('',#6610,#803);
#401=LINE('',#6611,#804);
#402=LINE('',#6613,#805);
#403=LINE('',#6616,#806);
#404=LINE('',#6617,#807);
#405=LINE('',#6619,#808);
#406=LINE('',#6622,#809);
#407=LINE('',#6623,#810);
#408=LINE('',#6625,#811);
#409=LINE('',#6628,#812);
#410=LINE('',#6629,#813);
#411=LINE('',#6631,#814);
#412=LINE('',#6634,#815);
#413=LINE('',#6635,#816);
#414=LINE('',#6637,#817);
#415=LINE('',#6638,#818);
#416=LINE('',#6640,#819);
#417=LINE('',#6641,#820);
#418=LINE('',#6643,#821);
#419=LINE('',#6645,#822);
#420=LINE('',#6647,#823);
#421=LINE('',#6649,#824);
#422=LINE('',#6651,#825);
#423=LINE('',#6654,#826);
#424=LINE('',#6655,#827);
#425=LINE('',#6657,#828);
#426=LINE('',#6659,#829);
#427=LINE('',#6661,#830);
#428=LINE('',#6663,#831);
#429=LINE('',#6665,#832);
#430=VECTOR('',#3955,1.);
#431=VECTOR('',#3956,1.);
#432=VECTOR('',#3957,1.);
#433=VECTOR('',#3958,1.);
#434=VECTOR('',#3961,1.);
#435=VECTOR('',#3962,1.);
#436=VECTOR('',#3963,1.);
#437=VECTOR('',#3964,1.);
#438=VECTOR('',#3965,1.);
#439=VECTOR('',#3966,1.);
#440=VECTOR('',#3967,1.);
#441=VECTOR('',#3968,1.);
#442=VECTOR('',#3969,1.);
#443=VECTOR('',#3970,1.);
#444=VECTOR('',#3971,1.);
#445=VECTOR('',#3972,1.);
#446=VECTOR('',#3973,1.);
#447=VECTOR('',#3976,1.);
#448=VECTOR('',#3979,1.);
#449=VECTOR('',#3980,1.);
#450=VECTOR('',#3981,1.);
#451=VECTOR('',#3986,1.);
#452=VECTOR('',#3989,1.);
#453=VECTOR('',#3992,1.);
#454=VECTOR('',#3993,1.);
#455=VECTOR('',#3994,1.);
#456=VECTOR('',#3995,1.);
#457=VECTOR('',#3996,1.);
#458=VECTOR('',#3997,1.);
#459=VECTOR('',#3998,1.);
#460=VECTOR('',#4003,1.);
#461=VECTOR('',#4004,1.);
#462=VECTOR('',#4005,1.);
#463=VECTOR('',#4006,1.);
#464=VECTOR('',#4007,1.);
#465=VECTOR('',#4008,1.);
#466=VECTOR('',#4009,1.);
#467=VECTOR('',#4010,1.);
#468=VECTOR('',#4011,1.);
#469=VECTOR('',#4012,1.);
#470=VECTOR('',#4013,1.);
#471=VECTOR('',#4014,1.);
#472=VECTOR('',#4015,1.);
#473=VECTOR('',#4020,1.);
#474=VECTOR('',#4021,1.);
#475=VECTOR('',#4028,1.);
#476=VECTOR('',#4029,1.);
#477=VECTOR('',#4032,1.);
#478=VECTOR('',#4033,1.);
#479=VECTOR('',#4042,1.);
#480=VECTOR('',#4043,1.);
#481=VECTOR('',#4046,1.);
#482=VECTOR('',#4047,1.);
#483=VECTOR('',#4056,1.);
#484=VECTOR('',#4057,1.);
#485=VECTOR('',#4058,1.);
#486=VECTOR('',#4061,1.);
#487=VECTOR('',#4062,1.);
#488=VECTOR('',#4065,1.);
#489=VECTOR('',#4066,1.);
#490=VECTOR('',#4069,1.);
#491=VECTOR('',#4070,1.);
#492=VECTOR('',#4073,1.);
#493=VECTOR('',#4074,1.);
#494=VECTOR('',#4077,1.);
#495=VECTOR('',#4078,1.);
#496=VECTOR('',#4081,1.);
#497=VECTOR('',#4090,1.);
#498=VECTOR('',#4093,1.);
#499=VECTOR('',#4096,1.);
#500=VECTOR('',#4097,1.);
#501=VECTOR('',#4098,1.);
#502=VECTOR('',#4101,1.);
#503=VECTOR('',#4104,1.);
#504=VECTOR('',#4105,1.);
#505=VECTOR('',#4106,1.);
#506=VECTOR('',#4109,1.);
#507=VECTOR('',#4110,1.);
#508=VECTOR('',#4113,1.);
#509=VECTOR('',#4114,1.);
#510=VECTOR('',#4117,1.);
#511=VECTOR('',#4120,1.);
#512=VECTOR('',#4123,1.);
#513=VECTOR('',#4126,1.);
#514=VECTOR('',#4129,1.);
#515=VECTOR('',#4132,1.);
#516=VECTOR('',#4133,1.);
#517=VECTOR('',#4136,1.);
#518=VECTOR('',#4137,1.);
#519=VECTOR('',#4140,1.);
#520=VECTOR('',#4141,1.);
#521=VECTOR('',#4146,1.);
#522=VECTOR('',#4149,1.);
#523=VECTOR('',#4154,1.);
#524=VECTOR('',#4155,1.);
#525=VECTOR('',#4156,1.);
#526=VECTOR('',#4159,1.);
#527=VECTOR('',#4162,1.);
#528=VECTOR('',#4163,1.);
#529=VECTOR('',#4164,1.);
#530=VECTOR('',#4167,1.);
#531=VECTOR('',#4168,1.);
#532=VECTOR('',#4171,1.);
#533=VECTOR('',#4172,1.);
#534=VECTOR('',#4175,1.);
#535=VECTOR('',#4178,1.);
#536=VECTOR('',#4181,1.);
#537=VECTOR('',#4184,1.);
#538=VECTOR('',#4187,1.);
#539=VECTOR('',#4190,1.);
#540=VECTOR('',#4191,1.);
#541=VECTOR('',#4194,1.);
#542=VECTOR('',#4195,1.);
#543=VECTOR('',#4198,1.);
#544=VECTOR('',#4199,1.);
#545=VECTOR('',#4208,1.);
#546=VECTOR('',#4209,1.);
#547=VECTOR('',#4210,1.);
#548=VECTOR('',#4211,1.);
#549=VECTOR('',#4212,1.);
#550=VECTOR('',#4213,1.);
#551=VECTOR('',#4214,1.);
#552=VECTOR('',#4215,1.);
#553=VECTOR('',#4216,1.);
#554=VECTOR('',#4219,1.);
#555=VECTOR('',#4222,1.);
#556=VECTOR('',#4225,1.);
#557=VECTOR('',#4228,1.);
#558=VECTOR('',#4229,1.);
#559=VECTOR('',#4230,1.);
#560=VECTOR('',#4231,1.);
#561=VECTOR('',#4232,1.);
#562=VECTOR('',#4233,1.);
#563=VECTOR('',#4234,1.);
#564=VECTOR('',#4235,1.);
#565=VECTOR('',#4238,1.);
#566=VECTOR('',#4239,1.);
#567=VECTOR('',#4240,1.);
#568=VECTOR('',#4243,1.);
#569=VECTOR('',#4244,1.);
#570=VECTOR('',#4245,1.);
#571=VECTOR('',#4248,1.);
#572=VECTOR('',#4249,1.);
#573=VECTOR('',#4250,1.);
#574=VECTOR('',#4259,1.);
#575=VECTOR('',#4268,1.);
#576=VECTOR('',#4269,1.);
#577=VECTOR('',#4270,1.);
#578=VECTOR('',#4273,1.);
#579=VECTOR('',#4274,1.);
#580=VECTOR('',#4275,1.);
#581=VECTOR('',#4280,1.);
#582=VECTOR('',#4285,1.);
#583=VECTOR('',#4286,1.);
#584=VECTOR('',#4287,1.);
#585=VECTOR('',#4298,1.);
#586=VECTOR('',#4301,1.);
#587=VECTOR('',#4304,1.);
#588=VECTOR('',#4305,1.);
#589=VECTOR('',#4310,1.);
#590=VECTOR('',#4313,1.);
#591=VECTOR('',#4318,1.);
#592=VECTOR('',#4319,1.);
#593=VECTOR('',#4320,1.);
#594=VECTOR('',#4323,1.);
#595=VECTOR('',#4326,1.);
#596=VECTOR('',#4331,1.);
#597=VECTOR('',#4332,1.);
#598=VECTOR('',#4335,1.);
#599=VECTOR('',#4336,1.);
#600=VECTOR('',#4337,1.);
#601=VECTOR('',#4350,1.);
#602=VECTOR('',#4351,1.);
#603=VECTOR('',#4354,1.);
#604=VECTOR('',#4355,1.);
#605=VECTOR('',#4358,1.);
#606=VECTOR('',#4363,1.);
#607=VECTOR('',#4368,1.);
#608=VECTOR('',#4369,1.);
#609=VECTOR('',#4394,1.);
#610=VECTOR('',#4395,1.);
#611=VECTOR('',#4396,1.);
#612=VECTOR('',#4397,1.);
#613=VECTOR('',#4400,1.);
#614=VECTOR('',#4401,1.);
#615=VECTOR('',#4402,1.);
#616=VECTOR('',#4403,1.);
#617=VECTOR('',#4404,1.);
#618=VECTOR('',#4405,1.);
#619=VECTOR('',#4406,1.);
#620=VECTOR('',#4407,1.);
#621=VECTOR('',#4408,1.);
#622=VECTOR('',#4409,1.);
#623=VECTOR('',#4410,1.);
#624=VECTOR('',#4411,1.);
#625=VECTOR('',#4412,1.);
#626=VECTOR('',#4415,1.);
#627=VECTOR('',#4418,1.);
#628=VECTOR('',#4419,1.);
#629=VECTOR('',#4420,1.);
#630=VECTOR('',#4425,1.);
#631=VECTOR('',#4428,1.);
#632=VECTOR('',#4431,1.);
#633=VECTOR('',#4432,1.);
#634=VECTOR('',#4433,1.);
#635=VECTOR('',#4434,1.);
#636=VECTOR('',#4435,1.);
#637=VECTOR('',#4436,1.);
#638=VECTOR('',#4437,1.);
#639=VECTOR('',#4442,1.);
#640=VECTOR('',#4443,1.);
#641=VECTOR('',#4444,1.);
#642=VECTOR('',#4445,1.);
#643=VECTOR('',#4446,1.);
#644=VECTOR('',#4447,1.);
#645=VECTOR('',#4448,1.);
#646=VECTOR('',#4449,1.);
#647=VECTOR('',#4450,1.);
#648=VECTOR('',#4451,1.);
#649=VECTOR('',#4452,1.);
#650=VECTOR('',#4453,1.);
#651=VECTOR('',#4454,1.);
#652=VECTOR('',#4457,1.);
#653=VECTOR('',#4458,1.);
#654=VECTOR('',#4459,1.);
#655=VECTOR('',#4460,1.);
#656=VECTOR('',#4463,1.);
#657=VECTOR('',#4464,1.);
#658=VECTOR('',#4465,1.);
#659=VECTOR('',#4468,1.);
#660=VECTOR('',#4469,1.);
#661=VECTOR('',#4470,1.);
#662=VECTOR('',#4473,1.);
#663=VECTOR('',#4474,1.);
#664=VECTOR('',#4475,1.);
#665=VECTOR('',#4478,1.);
#666=VECTOR('',#4479,1.);
#667=VECTOR('',#4480,1.);
#668=VECTOR('',#4483,1.);
#669=VECTOR('',#4484,1.);
#670=VECTOR('',#4485,1.);
#671=VECTOR('',#4488,1.);
#672=VECTOR('',#4489,1.);
#673=VECTOR('',#4492,1.);
#674=VECTOR('',#4493,1.);
#675=VECTOR('',#4494,1.);
#676=VECTOR('',#4495,1.);
#677=VECTOR('',#4496,1.);
#678=VECTOR('',#4497,1.);
#679=VECTOR('',#4498,1.);
#680=VECTOR('',#4503,1.);
#681=VECTOR('',#4504,1.);
#682=VECTOR('',#4511,1.);
#683=VECTOR('',#4512,1.);
#684=VECTOR('',#4515,1.);
#685=VECTOR('',#4516,1.);
#686=VECTOR('',#4525,1.);
#687=VECTOR('',#4526,1.);
#688=VECTOR('',#4529,1.);
#689=VECTOR('',#4530,1.);
#690=VECTOR('',#4567,1.);
#691=VECTOR('',#4568,1.);
#692=VECTOR('',#4571,1.);
#693=VECTOR('',#4574,1.);
#694=VECTOR('',#4577,1.);
#695=VECTOR('',#4580,1.);
#696=VECTOR('',#4583,1.);
#697=VECTOR('',#4590,1.);
#698=VECTOR('',#4591,1.);
#699=VECTOR('',#4594,1.);
#700=VECTOR('',#4595,1.);
#701=VECTOR('',#4596,1.);
#702=VECTOR('',#4597,1.);
#703=VECTOR('',#4598,1.);
#704=VECTOR('',#4601,1.);
#705=VECTOR('',#4602,1.);
#706=VECTOR('',#4603,1.);
#707=VECTOR('',#4604,1.);
#708=VECTOR('',#4605,1.);
#709=VECTOR('',#4608,1.);
#710=VECTOR('',#4609,1.);
#711=VECTOR('',#4612,1.);
#712=VECTOR('',#4615,1.);
#713=VECTOR('',#4616,1.);
#714=VECTOR('',#4619,1.);
#715=VECTOR('',#4620,1.);
#716=VECTOR('',#4621,1.);
#717=VECTOR('',#4622,1.);
#718=VECTOR('',#4623,1.);
#719=VECTOR('',#4624,1.);
#720=VECTOR('',#4627,1.);
#721=VECTOR('',#4628,1.);
#722=VECTOR('',#4629,1.);
#723=VECTOR('',#4630,1.);
#724=VECTOR('',#4631,1.);
#725=VECTOR('',#4632,1.);
#726=VECTOR('',#4633,1.);
#727=VECTOR('',#4634,1.);
#728=VECTOR('',#4637,1.);
#729=VECTOR('',#4638,1.);
#730=VECTOR('',#4639,1.);
#731=VECTOR('',#4640,1.);
#732=VECTOR('',#4641,1.);
#733=VECTOR('',#4642,1.);
#734=VECTOR('',#4643,1.);
#735=VECTOR('',#4644,1.);
#736=VECTOR('',#4645,1.);
#737=VECTOR('',#4646,1.);
#738=VECTOR('',#4647,1.);
#739=VECTOR('',#4648,1.);
#740=VECTOR('',#4649,1.);
#741=VECTOR('',#4650,1.);
#742=VECTOR('',#4651,1.);
#743=VECTOR('',#4654,1.);
#744=VECTOR('',#4657,1.);
#745=VECTOR('',#4658,1.);
#746=VECTOR('',#4659,1.);
#747=VECTOR('',#4660,1.);
#748=VECTOR('',#4661,1.);
#749=VECTOR('',#4662,1.);
#750=VECTOR('',#4663,1.);
#751=VECTOR('',#4664,1.);
#752=VECTOR('',#4667,1.);
#753=VECTOR('',#4668,1.);
#754=VECTOR('',#4669,1.);
#755=VECTOR('',#4670,1.);
#756=VECTOR('',#4671,1.);
#757=VECTOR('',#4672,1.);
#758=VECTOR('',#4673,1.);
#759=VECTOR('',#4676,1.);
#760=VECTOR('',#4677,1.);
#761=VECTOR('',#4680,1.);
#762=VECTOR('',#4681,1.);
#763=VECTOR('',#4684,1.);
#764=VECTOR('',#4685,1.);
#765=VECTOR('',#4690,1.);
#766=VECTOR('',#4691,1.);
#767=VECTOR('',#4694,1.);
#768=VECTOR('',#4701,1.);
#769=VECTOR('',#4702,1.);
#770=VECTOR('',#4703,1.);
#771=VECTOR('',#4706,1.);
#772=VECTOR('',#4707,1.);
#773=VECTOR('',#4712,1.);
#774=VECTOR('',#4713,1.);
#775=VECTOR('',#4716,1.);
#776=VECTOR('',#4717,1.);
#777=VECTOR('',#4720,1.);
#778=VECTOR('',#4723,1.);
#779=VECTOR('',#4724,1.);
#780=VECTOR('',#4727,1.);
#781=VECTOR('',#4728,1.);
#782=VECTOR('',#4729,1.);
#783=VECTOR('',#4732,1.);
#784=VECTOR('',#4733,1.);
#785=VECTOR('',#4738,1.);
#786=VECTOR('',#4739,1.);
#787=VECTOR('',#4742,1.);
#788=VECTOR('',#4743,1.);
#789=VECTOR('',#4746,1.);
#790=VECTOR('',#4749,1.);
#791=VECTOR('',#4750,1.);
#792=VECTOR('',#4753,1.);
#793=VECTOR('',#4754,1.);
#794=VECTOR('',#4757,1.);
#795=VECTOR('',#4762,1.);
#796=VECTOR('',#4763,1.);
#797=VECTOR('',#4766,1.);
#798=VECTOR('',#4785,1.);
#799=VECTOR('',#4786,1.);
#800=VECTOR('',#4787,1.);
#801=VECTOR('',#4788,1.);
#802=VECTOR('',#4791,1.);
#803=VECTOR('',#4792,1.);
#804=VECTOR('',#4793,1.);
#805=VECTOR('',#4796,1.);
#806=VECTOR('',#4797,1.);
#807=VECTOR('',#4798,1.);
#808=VECTOR('',#4801,1.);
#809=VECTOR('',#4802,1.);
#810=VECTOR('',#4803,1.);
#811=VECTOR('',#4806,1.);
#812=VECTOR('',#4807,1.);
#813=VECTOR('',#4808,1.);
#814=VECTOR('',#4811,1.);
#815=VECTOR('',#4812,1.);
#816=VECTOR('',#4813,1.);
#817=VECTOR('',#4816,1.);
#818=VECTOR('',#4817,1.);
#819=VECTOR('',#4820,1.);
#820=VECTOR('',#4821,1.);
#821=VECTOR('',#4824,1.);
#822=VECTOR('',#4827,1.);
#823=VECTOR('',#4830,1.);
#824=VECTOR('',#4833,1.);
#825=VECTOR('',#4836,1.);
#826=VECTOR('',#4841,1.);
#827=VECTOR('',#4842,1.);
#828=VECTOR('',#4845,1.);
#829=VECTOR('',#4848,1.);
#830=VECTOR('',#4851,1.);
#831=VECTOR('',#4854,1.);
#832=VECTOR('',#4857,1.);
#833=CONTEXT_DEPENDENT_SHAPE_REPRESENTATION(#845,#6696);
#834=CONTEXT_DEPENDENT_SHAPE_REPRESENTATION(#846,#6698);
#835=CONTEXT_DEPENDENT_SHAPE_REPRESENTATION(#847,#6700);
#836=CONTEXT_DEPENDENT_SHAPE_REPRESENTATION(#848,#6702);
#837=CONTEXT_DEPENDENT_SHAPE_REPRESENTATION(#849,#6704);
#838=CONTEXT_DEPENDENT_SHAPE_REPRESENTATION(#850,#6706);
#839=NEXT_ASSEMBLY_USAGE_OCCURRENCE('NAUO1','Part 1','Part 1',#6707,#6708,
'');
#840=NEXT_ASSEMBLY_USAGE_OCCURRENCE('NAUO2','Part 1','Part 1',#6707,#6709,
'');
#841=NEXT_ASSEMBLY_USAGE_OCCURRENCE('NAUO3','Part 1','Part 1',#6707,#6710,
'');
#842=NEXT_ASSEMBLY_USAGE_OCCURRENCE('NAUO4','Part 1','Part 1',#6707,#6711,
'');
#843=NEXT_ASSEMBLY_USAGE_OCCURRENCE('NAUO5','Part 1','Part 1',#6707,#6712,
'');
#844=NEXT_ASSEMBLY_USAGE_OCCURRENCE('NAUO6','Part 1','Part 1',#6707,#6713,
'');
#845=(
REPRESENTATION_RELATIONSHIP(' ',' ',#3628,#3627)
REPRESENTATION_RELATIONSHIP_WITH_TRANSFORMATION(#851)
SHAPE_REPRESENTATION_RELATIONSHIP()
);
#846=(
REPRESENTATION_RELATIONSHIP(' ',' ',#3629,#3627)
REPRESENTATION_RELATIONSHIP_WITH_TRANSFORMATION(#852)
SHAPE_REPRESENTATION_RELATIONSHIP()
);
#847=(
REPRESENTATION_RELATIONSHIP(' ',' ',#3630,#3627)
REPRESENTATION_RELATIONSHIP_WITH_TRANSFORMATION(#853)
SHAPE_REPRESENTATION_RELATIONSHIP()
);
#848=(
REPRESENTATION_RELATIONSHIP(' ',' ',#3631,#3627)
REPRESENTATION_RELATIONSHIP_WITH_TRANSFORMATION(#854)
SHAPE_REPRESENTATION_RELATIONSHIP()
);
#849=(
REPRESENTATION_RELATIONSHIP(' ',' ',#3632,#3627)
REPRESENTATION_RELATIONSHIP_WITH_TRANSFORMATION(#855)
SHAPE_REPRESENTATION_RELATIONSHIP()
);
#850=(
REPRESENTATION_RELATIONSHIP(' ',' ',#3633,#3627)
REPRESENTATION_RELATIONSHIP_WITH_TRANSFORMATION(#856)
SHAPE_REPRESENTATION_RELATIONSHIP()
);
#851=ITEM_DEFINED_TRANSFORMATION(' ',' ',#3634,#3653);
#852=ITEM_DEFINED_TRANSFORMATION(' ',' ',#3634,#3686);
#853=ITEM_DEFINED_TRANSFORMATION(' ',' ',#3634,#3783);
#854=ITEM_DEFINED_TRANSFORMATION(' ',' ',#3634,#3837);
#855=ITEM_DEFINED_TRANSFORMATION(' ',' ',#3634,#3906);
#856=ITEM_DEFINED_TRANSFORMATION(' ',' ',#3634,#3912);
#857=SHAPE_REPRESENTATION_RELATIONSHIP('','',#3628,#863);
#858=SHAPE_REPRESENTATION_RELATIONSHIP('','',#3629,#864);
#859=SHAPE_REPRESENTATION_RELATIONSHIP('','',#3630,#865);
#860=SHAPE_REPRESENTATION_RELATIONSHIP('','',#3631,#866);
#861=SHAPE_REPRESENTATION_RELATIONSHIP('','',#3632,#867);
#862=SHAPE_REPRESENTATION_RELATIONSHIP('','',#3633,#868);
#863=ADVANCED_BREP_SHAPE_REPRESENTATION('',(#3614),#6678);
#864=ADVANCED_BREP_SHAPE_REPRESENTATION('',(#3615),#6679);
#865=ADVANCED_BREP_SHAPE_REPRESENTATION('',(#3616),#6680);
#866=ADVANCED_BREP_SHAPE_REPRESENTATION('',(#3617),#6681);
#867=ADVANCED_BREP_SHAPE_REPRESENTATION('',(#3618),#6682);
#868=ADVANCED_BREP_SHAPE_REPRESENTATION('',(#3619),#6683);
#869=CONICAL_SURFACE('',#3652,0.001,0.785398163397449);
#870=CONICAL_SURFACE('',#3667,0.01,0.78539816339745);
#871=CONICAL_SURFACE('',#3781,0.0025,0.785398163397444);
#872=CONICAL_SURFACE('',#3782,0.0025,0.785398163397444);
#873=CONICAL_SURFACE('',#3805,0.01,0.78539816339745);
#874=DEGENERATE_TOROIDAL_SURFACE('',#3649,0.001,0.004,.T.);
#875=TOROIDAL_SURFACE('',#3647,0.006,0.004);
#876=PLANE('',#3641);
#877=PLANE('',#3646);
#878=PLANE('',#3654);
#879=PLANE('',#3655);
#880=PLANE('',#3657);
#881=PLANE('',#3661);
#882=PLANE('',#3663);
#883=PLANE('',#3664);
#884=PLANE('',#3665);
#885=PLANE('',#3666);
#886=PLANE('',#3668);
#887=PLANE('',#3669);
#888=PLANE('',#3670);
#889=PLANE('',#3671);
#890=PLANE('',#3672);
#891=PLANE('',#3673);
#892=PLANE('',#3674);
#893=PLANE('',#3675);
#894=PLANE('',#3676);
#895=PLANE('',#3677);
#896=PLANE('',#3678);
#897=PLANE('',#3679);
#898=PLANE('',#3680);
#899=PLANE('',#3681);
#900=PLANE('',#3682);
#901=PLANE('',#3683);
#902=PLANE('',#3684);
#903=PLANE('',#3685);
#904=PLANE('',#3690);
#905=PLANE('',#3693);
#906=PLANE('',#3694);
#907=PLANE('',#3695);
#908=PLANE('',#3700);
#909=PLANE('',#3701);
#910=PLANE('',#3702);
#911=PLANE('',#3703);
#912=PLANE('',#3707);
#913=PLANE('',#3710);
#914=PLANE('',#3711);
#915=PLANE('',#3712);
#916=PLANE('',#3717);
#917=PLANE('',#3718);
#918=PLANE('',#3719);
#919=PLANE('',#3720);
#920=PLANE('',#3721);
#921=PLANE('',#3728);
#922=PLANE('',#3729);
#923=PLANE('',#3730);
#924=PLANE('',#3731);
#925=PLANE('',#3738);
#926=PLANE('',#3739);
#927=PLANE('',#3740);
#928=PLANE('',#3743);
#929=PLANE('',#3748);
#930=PLANE('',#3750);
#931=PLANE('',#3751);
#932=PLANE('',#3753);
#933=PLANE('',#3755);
#934=PLANE('',#3756);
#935=PLANE('',#3759);
#936=PLANE('',#3760);
#937=PLANE('',#3765);
#938=PLANE('',#3767);
#939=PLANE('',#3768);
#940=PLANE('',#3770);
#941=PLANE('',#3772);
#942=PLANE('',#3784);
#943=PLANE('',#3785);
#944=PLANE('',#3787);
#945=PLANE('',#3791);
#946=PLANE('',#3793);
#947=PLANE('',#3794);
#948=PLANE('',#3795);
#949=PLANE('',#3796);
#950=PLANE('',#3797);
#951=PLANE('',#3798);
#952=PLANE('',#3799);
#953=PLANE('',#3800);
#954=PLANE('',#3801);
#955=PLANE('',#3802);
#956=PLANE('',#3803);
#957=PLANE('',#3804);
#958=PLANE('',#3806);
#959=PLANE('',#3807);
#960=PLANE('',#3808);
#961=PLANE('',#3809);
#962=PLANE('',#3810);
#963=PLANE('',#3811);
#964=PLANE('',#3812);
#965=PLANE('',#3813);
#966=PLANE('',#3814);
#967=PLANE('',#3815);
#968=PLANE('',#3830);
#969=PLANE('',#3831);
#970=PLANE('',#3832);
#971=PLANE('',#3833);
#972=PLANE('',#3834);
#973=PLANE('',#3835);
#974=PLANE('',#3836);
#975=PLANE('',#3838);
#976=PLANE('',#3840);
#977=PLANE('',#3843);
#978=PLANE('',#3844);
#979=PLANE('',#3845);
#980=PLANE('',#3846);
#981=PLANE('',#3848);
#982=PLANE('',#3851);
#983=PLANE('',#3852);
#984=PLANE('',#3854);
#985=PLANE('',#3856);
#986=PLANE('',#3857);
#987=PLANE('',#3858);
#988=PLANE('',#3861);
#989=PLANE('',#3864);
#990=PLANE('',#3865);
#991=PLANE('',#3868);
#992=PLANE('',#3871);
#993=PLANE('',#3873);
#994=PLANE('',#3874);
#995=PLANE('',#3875);
#996=PLANE('',#3876);
#997=PLANE('',#3878);
#998=PLANE('',#3879);
#999=PLANE('',#3880);
#1000=PLANE('',#3881);
#1001=PLANE('',#3882);
#1002=PLANE('',#3885);
#1003=PLANE('',#3886);
#1004=PLANE('',#3887);
#1005=PLANE('',#3888);
#1006=PLANE('',#3889);
#1007=PLANE('',#3890);
#1008=PLANE('',#3891);
#1009=PLANE('',#3892);
#1010=PLANE('',#3893);
#1011=PLANE('',#3894);
#1012=PLANE('',#3895);
#1013=PLANE('',#3896);
#1014=PLANE('',#3897);
#1015=PLANE('',#3898);
#1016=PLANE('',#3899);
#1017=PLANE('',#3900);
#1018=PLANE('',#3901);
#1019=PLANE('',#3902);
#1020=PLANE('',#3903);
#1021=PLANE('',#3904);
#1022=PLANE('',#3905);
#1023=PLANE('',#3910);
#1024=PLANE('',#3911);
#1025=ORIENTED_EDGE('',*,*,#2005,.T.);
#1026=ORIENTED_EDGE('',*,*,#2006,.F.);
#1027=ORIENTED_EDGE('',*,*,#2007,.T.);
#1028=ORIENTED_EDGE('',*,*,#2008,.T.);
#1029=ORIENTED_EDGE('',*,*,#2009,.F.);
#1030=ORIENTED_EDGE('',*,*,#2008,.F.);
#1031=ORIENTED_EDGE('',*,*,#2010,.T.);
#1032=ORIENTED_EDGE('',*,*,#2011,.F.);
#1033=ORIENTED_EDGE('',*,*,#2005,.F.);
#1034=ORIENTED_EDGE('',*,*,#2011,.T.);
#1035=ORIENTED_EDGE('',*,*,#2012,.T.);
#1036=ORIENTED_EDGE('',*,*,#2010,.F.);
#1037=ORIENTED_EDGE('',*,*,#2012,.F.);
#1038=ORIENTED_EDGE('',*,*,#2007,.F.);
#1039=ORIENTED_EDGE('',*,*,#2013,.T.);
#1040=ORIENTED_EDGE('',*,*,#2009,.T.);
#1041=ORIENTED_EDGE('',*,*,#2013,.F.);
#1042=ORIENTED_EDGE('',*,*,#2006,.T.);
#1043=ORIENTED_EDGE('',*,*,#2014,.T.);
#1044=ORIENTED_EDGE('',*,*,#2015,.T.);
#1045=ORIENTED_EDGE('',*,*,#2016,.F.);
#1046=ORIENTED_EDGE('',*,*,#2017,.T.);
#1047=ORIENTED_EDGE('',*,*,#2016,.T.);
#1048=ORIENTED_EDGE('',*,*,#2018,.T.);
#1049=ORIENTED_EDGE('',*,*,#2019,.F.);
#1050=ORIENTED_EDGE('',*,*,#2020,.F.);
#1051=ORIENTED_EDGE('',*,*,#2021,.T.);
#1052=ORIENTED_EDGE('',*,*,#2022,.T.);
#1053=ORIENTED_EDGE('',*,*,#2023,.T.);
#1054=ORIENTED_EDGE('',*,*,#2024,.T.);
#1055=ORIENTED_EDGE('',*,*,#2025,.F.);
#1056=ORIENTED_EDGE('',*,*,#2026,.T.);
#1057=ORIENTED_EDGE('',*,*,#2027,.T.);
#1058=ORIENTED_EDGE('',*,*,#2028,.T.);
#1059=ORIENTED_EDGE('',*,*,#2029,.T.);
#1060=ORIENTED_EDGE('',*,*,#2030,.F.);
#1061=ORIENTED_EDGE('',*,*,#2031,.T.);
#1062=ORIENTED_EDGE('',*,*,#2032,.T.);
#1063=ORIENTED_EDGE('',*,*,#2023,.F.);
#1064=ORIENTED_EDGE('',*,*,#2033,.T.);
#1065=ORIENTED_EDGE('',*,*,#2034,.T.);
#1066=ORIENTED_EDGE('',*,*,#2035,.T.);
#1067=ORIENTED_EDGE('',*,*,#2036,.F.);
#1068=ORIENTED_EDGE('',*,*,#2037,.T.);
#1069=ORIENTED_EDGE('',*,*,#2038,.T.);
#1070=ORIENTED_EDGE('',*,*,#2039,.F.);
#1071=ORIENTED_EDGE('',*,*,#2040,.F.);
#1072=ORIENTED_EDGE('',*,*,#2041,.F.);
#1073=ORIENTED_EDGE('',*,*,#2042,.F.);
#1074=ORIENTED_EDGE('',*,*,#2043,.F.);
#1075=ORIENTED_EDGE('',*,*,#2044,.F.);
#1076=ORIENTED_EDGE('',*,*,#2045,.F.);
#1077=ORIENTED_EDGE('',*,*,#2046,.F.);
#1078=ORIENTED_EDGE('',*,*,#2036,.T.);
#1079=ORIENTED_EDGE('',*,*,#2047,.T.);
#1080=ORIENTED_EDGE('',*,*,#2048,.T.);
#1081=ORIENTED_EDGE('',*,*,#2049,.T.);
#1082=ORIENTED_EDGE('',*,*,#2014,.F.);
#1083=ORIENTED_EDGE('',*,*,#2050,.F.);
#1084=ORIENTED_EDGE('',*,*,#2038,.F.);
#1085=ORIENTED_EDGE('',*,*,#2051,.T.);
#1086=ORIENTED_EDGE('',*,*,#2052,.F.);
#1087=ORIENTED_EDGE('',*,*,#2053,.T.);
#1088=ORIENTED_EDGE('',*,*,#2054,.F.);
#1089=ORIENTED_EDGE('',*,*,#2055,.F.);
#1090=ORIENTED_EDGE('',*,*,#2056,.T.);
#1091=ORIENTED_EDGE('',*,*,#2057,.T.);
#1092=ORIENTED_EDGE('',*,*,#2034,.F.);
#1093=ORIENTED_EDGE('',*,*,#2058,.T.);
#1094=ORIENTED_EDGE('',*,*,#2059,.F.);
#1095=ORIENTED_EDGE('',*,*,#2060,.T.);
#1096=ORIENTED_EDGE('',*,*,#2050,.T.);
#1097=ORIENTED_EDGE('',*,*,#2017,.F.);
#1098=ORIENTED_EDGE('',*,*,#2032,.F.);
#1099=ORIENTED_EDGE('',*,*,#2061,.T.);
#1100=ORIENTED_EDGE('',*,*,#2039,.T.);
#1101=ORIENTED_EDGE('',*,*,#2029,.F.);
#1102=ORIENTED_EDGE('',*,*,#2062,.T.);
#1103=ORIENTED_EDGE('',*,*,#2052,.T.);
#1104=ORIENTED_EDGE('',*,*,#2063,.F.);
#1105=ORIENTED_EDGE('',*,*,#2051,.F.);
#1106=ORIENTED_EDGE('',*,*,#2037,.F.);
#1107=ORIENTED_EDGE('',*,*,#2064,.T.);
#1108=ORIENTED_EDGE('',*,*,#2030,.T.);
#1109=ORIENTED_EDGE('',*,*,#2063,.T.);
#1110=ORIENTED_EDGE('',*,*,#2061,.F.);
#1111=ORIENTED_EDGE('',*,*,#2031,.F.);
#1112=ORIENTED_EDGE('',*,*,#2064,.F.);
#1113=ORIENTED_EDGE('',*,*,#2047,.F.);
#1114=ORIENTED_EDGE('',*,*,#2025,.T.);
#1115=ORIENTED_EDGE('',*,*,#2065,.T.);
#1116=ORIENTED_EDGE('',*,*,#2056,.F.);
#1117=ORIENTED_EDGE('',*,*,#2066,.F.);
#1118=ORIENTED_EDGE('',*,*,#2054,.T.);
#1119=ORIENTED_EDGE('',*,*,#2067,.T.);
#1120=ORIENTED_EDGE('',*,*,#2027,.F.);
#1121=ORIENTED_EDGE('',*,*,#2068,.T.);
#1122=ORIENTED_EDGE('',*,*,#2026,.F.);
#1123=ORIENTED_EDGE('',*,*,#2066,.T.);
#1124=ORIENTED_EDGE('',*,*,#2055,.T.);
#1125=ORIENTED_EDGE('',*,*,#2068,.F.);
#1126=ORIENTED_EDGE('',*,*,#2028,.F.);
#1127=ORIENTED_EDGE('',*,*,#2067,.F.);
#1128=ORIENTED_EDGE('',*,*,#2053,.F.);
#1129=ORIENTED_EDGE('',*,*,#2062,.F.);
#1130=ORIENTED_EDGE('',*,*,#2024,.F.);
#1131=ORIENTED_EDGE('',*,*,#2035,.F.);
#1132=ORIENTED_EDGE('',*,*,#2057,.F.);
#1133=ORIENTED_EDGE('',*,*,#2065,.F.);
#1134=ORIENTED_EDGE('',*,*,#2019,.T.);
#1135=ORIENTED_EDGE('',*,*,#2069,.T.);
#1136=ORIENTED_EDGE('',*,*,#2048,.F.);
#1137=ORIENTED_EDGE('',*,*,#2070,.F.);
#1138=ORIENTED_EDGE('',*,*,#2059,.T.);
#1139=ORIENTED_EDGE('',*,*,#2071,.T.);
#1140=ORIENTED_EDGE('',*,*,#2021,.F.);
#1141=ORIENTED_EDGE('',*,*,#2072,.T.);
#1142=ORIENTED_EDGE('',*,*,#2020,.T.);
#1143=ORIENTED_EDGE('',*,*,#2070,.T.);
#1144=ORIENTED_EDGE('',*,*,#2060,.F.);
#1145=ORIENTED_EDGE('',*,*,#2072,.F.);
#1146=ORIENTED_EDGE('',*,*,#2018,.F.);
#1147=ORIENTED_EDGE('',*,*,#2015,.F.);
#1148=ORIENTED_EDGE('',*,*,#2049,.F.);
#1149=ORIENTED_EDGE('',*,*,#2069,.F.);
#1150=ORIENTED_EDGE('',*,*,#2022,.F.);
#1151=ORIENTED_EDGE('',*,*,#2071,.F.);
#1152=ORIENTED_EDGE('',*,*,#2058,.F.);
#1153=ORIENTED_EDGE('',*,*,#2033,.F.);
#1154=ORIENTED_EDGE('',*,*,#2040,.T.);
#1155=ORIENTED_EDGE('',*,*,#2073,.F.);
#1156=ORIENTED_EDGE('',*,*,#2074,.F.);
#1157=ORIENTED_EDGE('',*,*,#2075,.T.);
#1158=ORIENTED_EDGE('',*,*,#2046,.T.);
#1159=ORIENTED_EDGE('',*,*,#2076,.F.);
#1160=ORIENTED_EDGE('',*,*,#2077,.F.);
#1161=ORIENTED_EDGE('',*,*,#2073,.T.);
#1162=ORIENTED_EDGE('',*,*,#2045,.T.);
#1163=ORIENTED_EDGE('',*,*,#2078,.F.);
#1164=ORIENTED_EDGE('',*,*,#2079,.F.);
#1165=ORIENTED_EDGE('',*,*,#2076,.T.);
#1166=ORIENTED_EDGE('',*,*,#2044,.T.);
#1167=ORIENTED_EDGE('',*,*,#2080,.F.);
#1168=ORIENTED_EDGE('',*,*,#2081,.F.);
#1169=ORIENTED_EDGE('',*,*,#2078,.T.);
#1170=ORIENTED_EDGE('',*,*,#2043,.T.);
#1171=ORIENTED_EDGE('',*,*,#2082,.F.);
#1172=ORIENTED_EDGE('',*,*,#2083,.F.);
#1173=ORIENTED_EDGE('',*,*,#2080,.T.);
#1174=ORIENTED_EDGE('',*,*,#2042,.T.);
#1175=ORIENTED_EDGE('',*,*,#2084,.F.);
#1176=ORIENTED_EDGE('',*,*,#2085,.F.);
#1177=ORIENTED_EDGE('',*,*,#2082,.T.);
#1178=ORIENTED_EDGE('',*,*,#2041,.T.);
#1179=ORIENTED_EDGE('',*,*,#2075,.F.);
#1180=ORIENTED_EDGE('',*,*,#2086,.F.);
#1181=ORIENTED_EDGE('',*,*,#2084,.T.);
#1182=ORIENTED_EDGE('',*,*,#2074,.T.);
#1183=ORIENTED_EDGE('',*,*,#2077,.T.);
#1184=ORIENTED_EDGE('',*,*,#2079,.T.);
#1185=ORIENTED_EDGE('',*,*,#2081,.T.);
#1186=ORIENTED_EDGE('',*,*,#2083,.T.);
#1187=ORIENTED_EDGE('',*,*,#2085,.T.);
#1188=ORIENTED_EDGE('',*,*,#2086,.T.);
#1189=ORIENTED_EDGE('',*,*,#2087,.T.);
#1190=ORIENTED_EDGE('',*,*,#2088,.T.);
#1191=ORIENTED_EDGE('',*,*,#2089,.T.);
#1192=ORIENTED_EDGE('',*,*,#2090,.T.);
#1193=ORIENTED_EDGE('',*,*,#2089,.F.);
#1194=ORIENTED_EDGE('',*,*,#2091,.T.);
#1195=ORIENTED_EDGE('',*,*,#2092,.F.);
#1196=ORIENTED_EDGE('',*,*,#2093,.F.);
#1197=ORIENTED_EDGE('',*,*,#2094,.F.);
#1198=ORIENTED_EDGE('',*,*,#2095,.F.);
#1199=ORIENTED_EDGE('',*,*,#2096,.F.);
#1200=ORIENTED_EDGE('',*,*,#2097,.T.);
#1201=ORIENTED_EDGE('',*,*,#2098,.F.);
#1202=ORIENTED_EDGE('',*,*,#2099,.F.);
#1203=ORIENTED_EDGE('',*,*,#2099,.T.);
#1204=ORIENTED_EDGE('',*,*,#2100,.T.);
#1205=ORIENTED_EDGE('',*,*,#2101,.F.);
#1206=ORIENTED_EDGE('',*,*,#2090,.F.);
#1207=ORIENTED_EDGE('',*,*,#2101,.T.);
#1208=ORIENTED_EDGE('',*,*,#2102,.F.);
#1209=ORIENTED_EDGE('',*,*,#2103,.F.);
#1210=ORIENTED_EDGE('',*,*,#2087,.F.);
#1211=ORIENTED_EDGE('',*,*,#2103,.T.);
#1212=ORIENTED_EDGE('',*,*,#2104,.F.);
#1213=ORIENTED_EDGE('',*,*,#2091,.F.);
#1214=ORIENTED_EDGE('',*,*,#2088,.F.);
#1215=ORIENTED_EDGE('',*,*,#2094,.T.);
#1216=ORIENTED_EDGE('',*,*,#2105,.T.);
#1217=ORIENTED_EDGE('',*,*,#2106,.T.);
#1218=ORIENTED_EDGE('',*,*,#2107,.T.);
#1219=ORIENTED_EDGE('',*,*,#2096,.T.);
#1220=ORIENTED_EDGE('',*,*,#2108,.T.);
#1221=ORIENTED_EDGE('',*,*,#2109,.T.);
#1222=ORIENTED_EDGE('',*,*,#2110,.T.);
#1223=ORIENTED_EDGE('',*,*,#2111,.T.);
#1224=ORIENTED_EDGE('',*,*,#2112,.F.);
#1225=ORIENTED_EDGE('',*,*,#2097,.F.);
#1226=ORIENTED_EDGE('',*,*,#2110,.F.);
#1227=ORIENTED_EDGE('',*,*,#2093,.T.);
#1228=ORIENTED_EDGE('',*,*,#2113,.T.);
#1229=ORIENTED_EDGE('',*,*,#2114,.F.);
#1230=ORIENTED_EDGE('',*,*,#2105,.F.);
#1231=ORIENTED_EDGE('',*,*,#2115,.T.);
#1232=ORIENTED_EDGE('',*,*,#2106,.F.);
#1233=ORIENTED_EDGE('',*,*,#2114,.T.);
#1234=ORIENTED_EDGE('',*,*,#2116,.F.);
#1235=ORIENTED_EDGE('',*,*,#2111,.F.);
#1236=ORIENTED_EDGE('',*,*,#2109,.F.);
#1237=ORIENTED_EDGE('',*,*,#2095,.T.);
#1238=ORIENTED_EDGE('',*,*,#2107,.F.);
#1239=ORIENTED_EDGE('',*,*,#2115,.F.);
#1240=ORIENTED_EDGE('',*,*,#2108,.F.);
#1241=ORIENTED_EDGE('',*,*,#2117,.T.);
#1242=ORIENTED_EDGE('',*,*,#2118,.T.);
#1243=ORIENTED_EDGE('',*,*,#2119,.T.);
#1244=ORIENTED_EDGE('',*,*,#2120,.T.);
#1245=ORIENTED_EDGE('',*,*,#2121,.T.);
#1246=ORIENTED_EDGE('',*,*,#2122,.T.);
#1247=ORIENTED_EDGE('',*,*,#2123,.F.);
#1248=ORIENTED_EDGE('',*,*,#2124,.F.);
#1249=ORIENTED_EDGE('',*,*,#2125,.T.);
#1250=ORIENTED_EDGE('',*,*,#2126,.F.);
#1251=ORIENTED_EDGE('',*,*,#2127,.T.);
#1252=ORIENTED_EDGE('',*,*,#2128,.T.);
#1253=ORIENTED_EDGE('',*,*,#2129,.F.);
#1254=ORIENTED_EDGE('',*,*,#2120,.F.);
#1255=ORIENTED_EDGE('',*,*,#2130,.T.);
#1256=ORIENTED_EDGE('',*,*,#2131,.F.);
#1257=ORIENTED_EDGE('',*,*,#2121,.F.);
#1258=ORIENTED_EDGE('',*,*,#2119,.F.);
#1259=ORIENTED_EDGE('',*,*,#2118,.F.);
#1260=ORIENTED_EDGE('',*,*,#2132,.T.);
#1261=ORIENTED_EDGE('',*,*,#2133,.T.);
#1262=ORIENTED_EDGE('',*,*,#2130,.F.);
#1263=ORIENTED_EDGE('',*,*,#2129,.T.);
#1264=ORIENTED_EDGE('',*,*,#2134,.T.);
#1265=ORIENTED_EDGE('',*,*,#2132,.F.);
#1266=ORIENTED_EDGE('',*,*,#2117,.F.);
#1267=ORIENTED_EDGE('',*,*,#2126,.T.);
#1268=ORIENTED_EDGE('',*,*,#2135,.T.);
#1269=ORIENTED_EDGE('',*,*,#2136,.T.);
#1270=ORIENTED_EDGE('',*,*,#2137,.T.);
#1271=ORIENTED_EDGE('',*,*,#2124,.T.);
#1272=ORIENTED_EDGE('',*,*,#2138,.T.);
#1273=ORIENTED_EDGE('',*,*,#2139,.T.);
#1274=ORIENTED_EDGE('',*,*,#2140,.T.);
#1275=ORIENTED_EDGE('',*,*,#2123,.T.);
#1276=ORIENTED_EDGE('',*,*,#2141,.T.);
#1277=ORIENTED_EDGE('',*,*,#2142,.F.);
#1278=ORIENTED_EDGE('',*,*,#2138,.F.);
#1279=ORIENTED_EDGE('',*,*,#2143,.T.);
#1280=ORIENTED_EDGE('',*,*,#2144,.F.);
#1281=ORIENTED_EDGE('',*,*,#2127,.F.);
#1282=ORIENTED_EDGE('',*,*,#2137,.F.);
#1283=ORIENTED_EDGE('',*,*,#2142,.T.);
#1284=ORIENTED_EDGE('',*,*,#2145,.T.);
#1285=ORIENTED_EDGE('',*,*,#2143,.F.);
#1286=ORIENTED_EDGE('',*,*,#2136,.F.);
#1287=ORIENTED_EDGE('',*,*,#2146,.F.);
#1288=ORIENTED_EDGE('',*,*,#2139,.F.);
#1289=ORIENTED_EDGE('',*,*,#2146,.T.);
#1290=ORIENTED_EDGE('',*,*,#2135,.F.);
#1291=ORIENTED_EDGE('',*,*,#2125,.F.);
#1292=ORIENTED_EDGE('',*,*,#2140,.F.);
#1293=ORIENTED_EDGE('',*,*,#2147,.T.);
#1294=ORIENTED_EDGE('',*,*,#2148,.T.);
#1295=ORIENTED_EDGE('',*,*,#2131,.T.);
#1296=ORIENTED_EDGE('',*,*,#2133,.F.);
#1297=ORIENTED_EDGE('',*,*,#2134,.F.);
#1298=ORIENTED_EDGE('',*,*,#2128,.F.);
#1299=ORIENTED_EDGE('',*,*,#2144,.T.);
#1300=ORIENTED_EDGE('',*,*,#2145,.F.);
#1301=ORIENTED_EDGE('',*,*,#2141,.F.);
#1302=ORIENTED_EDGE('',*,*,#2122,.F.);
#1303=ORIENTED_EDGE('',*,*,#2092,.T.);
#1304=ORIENTED_EDGE('',*,*,#2104,.T.);
#1305=ORIENTED_EDGE('',*,*,#2102,.T.);
#1306=ORIENTED_EDGE('',*,*,#2100,.F.);
#1307=ORIENTED_EDGE('',*,*,#2098,.T.);
#1308=ORIENTED_EDGE('',*,*,#2112,.T.);
#1309=ORIENTED_EDGE('',*,*,#2116,.T.);
#1310=ORIENTED_EDGE('',*,*,#2113,.F.);
#1311=ORIENTED_EDGE('',*,*,#2149,.F.);
#1312=ORIENTED_EDGE('',*,*,#2150,.T.);
#1313=ORIENTED_EDGE('',*,*,#2151,.F.);
#1314=ORIENTED_EDGE('',*,*,#2152,.F.);
#1315=ORIENTED_EDGE('',*,*,#2153,.F.);
#1316=ORIENTED_EDGE('',*,*,#2154,.T.);
#1317=ORIENTED_EDGE('',*,*,#2155,.F.);
#1318=ORIENTED_EDGE('',*,*,#2156,.F.);
#1319=ORIENTED_EDGE('',*,*,#2157,.T.);
#1320=ORIENTED_EDGE('',*,*,#2158,.T.);
#1321=ORIENTED_EDGE('',*,*,#2159,.F.);
#1322=ORIENTED_EDGE('',*,*,#2160,.T.);
#1323=ORIENTED_EDGE('',*,*,#2161,.F.);
#1324=ORIENTED_EDGE('',*,*,#2162,.T.);
#1325=ORIENTED_EDGE('',*,*,#2163,.T.);
#1326=ORIENTED_EDGE('',*,*,#2164,.T.);
#1327=ORIENTED_EDGE('',*,*,#2165,.F.);
#1328=ORIENTED_EDGE('',*,*,#2166,.T.);
#1329=ORIENTED_EDGE('',*,*,#2167,.T.);
#1330=ORIENTED_EDGE('',*,*,#2168,.T.);
#1331=ORIENTED_EDGE('',*,*,#2169,.F.);
#1332=ORIENTED_EDGE('',*,*,#2170,.T.);
#1333=ORIENTED_EDGE('',*,*,#2171,.T.);
#1334=ORIENTED_EDGE('',*,*,#2172,.T.);
#1335=ORIENTED_EDGE('',*,*,#2161,.T.);
#1336=ORIENTED_EDGE('',*,*,#2173,.T.);
#1337=ORIENTED_EDGE('',*,*,#2174,.F.);
#1338=ORIENTED_EDGE('',*,*,#2175,.T.);
#1339=ORIENTED_EDGE('',*,*,#2176,.T.);
#1340=ORIENTED_EDGE('',*,*,#2177,.T.);
#1341=ORIENTED_EDGE('',*,*,#2163,.F.);
#1342=ORIENTED_EDGE('',*,*,#2178,.T.);
#1343=ORIENTED_EDGE('',*,*,#2159,.T.);
#1344=ORIENTED_EDGE('',*,*,#2179,.T.);
#1345=ORIENTED_EDGE('',*,*,#2180,.F.);
#1346=ORIENTED_EDGE('',*,*,#2181,.T.);
#1347=ORIENTED_EDGE('',*,*,#2182,.T.);
#1348=ORIENTED_EDGE('',*,*,#2183,.T.);
#1349=ORIENTED_EDGE('',*,*,#2180,.T.);
#1350=ORIENTED_EDGE('',*,*,#2184,.T.);
#1351=ORIENTED_EDGE('',*,*,#2185,.F.);
#1352=ORIENTED_EDGE('',*,*,#2186,.T.);
#1353=ORIENTED_EDGE('',*,*,#2176,.F.);
#1354=ORIENTED_EDGE('',*,*,#2187,.T.);
#1355=ORIENTED_EDGE('',*,*,#2174,.T.);
#1356=ORIENTED_EDGE('',*,*,#2188,.T.);
#1357=ORIENTED_EDGE('',*,*,#2189,.F.);
#1358=ORIENTED_EDGE('',*,*,#2190,.T.);
#1359=ORIENTED_EDGE('',*,*,#2191,.T.);
#1360=ORIENTED_EDGE('',*,*,#2167,.F.);
#1361=ORIENTED_EDGE('',*,*,#2192,.F.);
#1362=ORIENTED_EDGE('',*,*,#2193,.T.);
#1363=ORIENTED_EDGE('',*,*,#2194,.T.);
#1364=ORIENTED_EDGE('',*,*,#2169,.T.);
#1365=ORIENTED_EDGE('',*,*,#2191,.F.);
#1366=ORIENTED_EDGE('',*,*,#2195,.T.);
#1367=ORIENTED_EDGE('',*,*,#2196,.T.);
#1368=ORIENTED_EDGE('',*,*,#2197,.T.);
#1369=ORIENTED_EDGE('',*,*,#2192,.T.);
#1370=ORIENTED_EDGE('',*,*,#2168,.F.);
#1371=ORIENTED_EDGE('',*,*,#2196,.F.);
#1372=ORIENTED_EDGE('',*,*,#2198,.T.);
#1373=ORIENTED_EDGE('',*,*,#2199,.T.);
#1374=ORIENTED_EDGE('',*,*,#2200,.T.);
#1375=ORIENTED_EDGE('',*,*,#2201,.F.);
#1376=ORIENTED_EDGE('',*,*,#2198,.F.);
#1377=ORIENTED_EDGE('',*,*,#2195,.F.);
#1378=ORIENTED_EDGE('',*,*,#2190,.F.);
#1379=ORIENTED_EDGE('',*,*,#2202,.F.);
#1380=ORIENTED_EDGE('',*,*,#2193,.F.);
#1381=ORIENTED_EDGE('',*,*,#2197,.F.);
#1382=ORIENTED_EDGE('',*,*,#2200,.F.);
#1383=ORIENTED_EDGE('',*,*,#2203,.F.);
#1384=ORIENTED_EDGE('',*,*,#2204,.T.);
#1385=ORIENTED_EDGE('',*,*,#2205,.T.);
#1386=ORIENTED_EDGE('',*,*,#2170,.F.);
#1387=ORIENTED_EDGE('',*,*,#2194,.F.);
#1388=ORIENTED_EDGE('',*,*,#2202,.T.);
#1389=ORIENTED_EDGE('',*,*,#2199,.F.);
#1390=ORIENTED_EDGE('',*,*,#2201,.T.);
#1391=ORIENTED_EDGE('',*,*,#2189,.T.);
#1392=ORIENTED_EDGE('',*,*,#2166,.F.);
#1393=ORIENTED_EDGE('',*,*,#2206,.F.);
#1394=ORIENTED_EDGE('',*,*,#2207,.T.);
#1395=ORIENTED_EDGE('',*,*,#2203,.T.);
#1396=ORIENTED_EDGE('',*,*,#2165,.T.);
#1397=ORIENTED_EDGE('',*,*,#2208,.T.);
#1398=ORIENTED_EDGE('',*,*,#2206,.T.);
#1399=ORIENTED_EDGE('',*,*,#2172,.F.);
#1400=ORIENTED_EDGE('',*,*,#2209,.F.);
#1401=ORIENTED_EDGE('',*,*,#2205,.F.);
#1402=ORIENTED_EDGE('',*,*,#2210,.T.);
#1403=ORIENTED_EDGE('',*,*,#2209,.T.);
#1404=ORIENTED_EDGE('',*,*,#2171,.F.);
#1405=ORIENTED_EDGE('',*,*,#2210,.F.);
#1406=ORIENTED_EDGE('',*,*,#2204,.F.);
#1407=ORIENTED_EDGE('',*,*,#2207,.F.);
#1408=ORIENTED_EDGE('',*,*,#2208,.F.);
#1409=ORIENTED_EDGE('',*,*,#2211,.F.);
#1410=ORIENTED_EDGE('',*,*,#2212,.T.);
#1411=ORIENTED_EDGE('',*,*,#2213,.T.);
#1412=ORIENTED_EDGE('',*,*,#2152,.T.);
#1413=ORIENTED_EDGE('',*,*,#2214,.F.);
#1414=ORIENTED_EDGE('',*,*,#2215,.T.);
#1415=ORIENTED_EDGE('',*,*,#2211,.T.);
#1416=ORIENTED_EDGE('',*,*,#2151,.T.);
#1417=ORIENTED_EDGE('',*,*,#2216,.F.);
#1418=ORIENTED_EDGE('',*,*,#2217,.T.);
#1419=ORIENTED_EDGE('',*,*,#2218,.F.);
#1420=ORIENTED_EDGE('',*,*,#2219,.T.);
#1421=ORIENTED_EDGE('',*,*,#2216,.T.);
#1422=ORIENTED_EDGE('',*,*,#2150,.F.);
#1423=ORIENTED_EDGE('',*,*,#2220,.F.);
#1424=ORIENTED_EDGE('',*,*,#2221,.T.);
#1425=ORIENTED_EDGE('',*,*,#2214,.T.);
#1426=ORIENTED_EDGE('',*,*,#2222,.T.);
#1427=ORIENTED_EDGE('',*,*,#2223,.F.);
#1428=ORIENTED_EDGE('',*,*,#2212,.F.);
#1429=ORIENTED_EDGE('',*,*,#2215,.F.);
#1430=ORIENTED_EDGE('',*,*,#2221,.F.);
#1431=ORIENTED_EDGE('',*,*,#2224,.F.);
#1432=ORIENTED_EDGE('',*,*,#2222,.F.);
#1433=ORIENTED_EDGE('',*,*,#2217,.F.);
#1434=ORIENTED_EDGE('',*,*,#2219,.F.);
#1435=ORIENTED_EDGE('',*,*,#2225,.T.);
#1436=ORIENTED_EDGE('',*,*,#2226,.T.);
#1437=ORIENTED_EDGE('',*,*,#2153,.T.);
#1438=ORIENTED_EDGE('',*,*,#2213,.F.);
#1439=ORIENTED_EDGE('',*,*,#2223,.T.);
#1440=ORIENTED_EDGE('',*,*,#2220,.T.);
#1441=ORIENTED_EDGE('',*,*,#2224,.T.);
#1442=ORIENTED_EDGE('',*,*,#2218,.T.);
#1443=ORIENTED_EDGE('',*,*,#2149,.T.);
#1444=ORIENTED_EDGE('',*,*,#2227,.F.);
#1445=ORIENTED_EDGE('',*,*,#2228,.F.);
#1446=ORIENTED_EDGE('',*,*,#2229,.T.);
#1447=ORIENTED_EDGE('',*,*,#2227,.T.);
#1448=ORIENTED_EDGE('',*,*,#2156,.T.);
#1449=ORIENTED_EDGE('',*,*,#2230,.F.);
#1450=ORIENTED_EDGE('',*,*,#2231,.T.);
#1451=ORIENTED_EDGE('',*,*,#2228,.T.);
#1452=ORIENTED_EDGE('',*,*,#2155,.T.);
#1453=ORIENTED_EDGE('',*,*,#2226,.F.);
#1454=ORIENTED_EDGE('',*,*,#2232,.T.);
#1455=ORIENTED_EDGE('',*,*,#2230,.T.);
#1456=ORIENTED_EDGE('',*,*,#2154,.F.);
#1457=ORIENTED_EDGE('',*,*,#2231,.F.);
#1458=ORIENTED_EDGE('',*,*,#2232,.F.);
#1459=ORIENTED_EDGE('',*,*,#2225,.F.);
#1460=ORIENTED_EDGE('',*,*,#2229,.F.);
#1461=ORIENTED_EDGE('',*,*,#2185,.T.);
#1462=ORIENTED_EDGE('',*,*,#2233,.T.);
#1463=ORIENTED_EDGE('',*,*,#2157,.F.);
#1464=ORIENTED_EDGE('',*,*,#2234,.T.);
#1465=ORIENTED_EDGE('',*,*,#2158,.F.);
#1466=ORIENTED_EDGE('',*,*,#2233,.F.);
#1467=ORIENTED_EDGE('',*,*,#2184,.F.);
#1468=ORIENTED_EDGE('',*,*,#2179,.F.);
#1469=ORIENTED_EDGE('',*,*,#2164,.F.);
#1470=ORIENTED_EDGE('',*,*,#2177,.F.);
#1471=ORIENTED_EDGE('',*,*,#2186,.F.);
#1472=ORIENTED_EDGE('',*,*,#2234,.F.);
#1473=ORIENTED_EDGE('',*,*,#2160,.F.);
#1474=ORIENTED_EDGE('',*,*,#2181,.F.);
#1475=ORIENTED_EDGE('',*,*,#2188,.F.);
#1476=ORIENTED_EDGE('',*,*,#2173,.F.);
#1477=ORIENTED_EDGE('',*,*,#2162,.F.);
#1478=ORIENTED_EDGE('',*,*,#2175,.F.);
#1479=ORIENTED_EDGE('',*,*,#2187,.F.);
#1480=ORIENTED_EDGE('',*,*,#2178,.F.);
#1481=ORIENTED_EDGE('',*,*,#2235,.T.);
#1482=ORIENTED_EDGE('',*,*,#2183,.F.);
#1483=ORIENTED_EDGE('',*,*,#2236,.T.);
#1484=ORIENTED_EDGE('',*,*,#2182,.F.);
#1485=ORIENTED_EDGE('',*,*,#2147,.F.);
#1486=ORIENTED_EDGE('',*,*,#2235,.F.);
#1487=ORIENTED_EDGE('',*,*,#2148,.F.);
#1488=ORIENTED_EDGE('',*,*,#2236,.F.);
#1489=ORIENTED_EDGE('',*,*,#2237,.T.);
#1490=ORIENTED_EDGE('',*,*,#2238,.T.);
#1491=ORIENTED_EDGE('',*,*,#2239,.F.);
#1492=ORIENTED_EDGE('',*,*,#2240,.T.);
#1493=ORIENTED_EDGE('',*,*,#2239,.T.);
#1494=ORIENTED_EDGE('',*,*,#2241,.T.);
#1495=ORIENTED_EDGE('',*,*,#2242,.F.);
#1496=ORIENTED_EDGE('',*,*,#2243,.F.);
#1497=ORIENTED_EDGE('',*,*,#2244,.T.);
#1498=ORIENTED_EDGE('',*,*,#2245,.T.);
#1499=ORIENTED_EDGE('',*,*,#2246,.T.);
#1500=ORIENTED_EDGE('',*,*,#2247,.T.);
#1501=ORIENTED_EDGE('',*,*,#2248,.F.);
#1502=ORIENTED_EDGE('',*,*,#2249,.T.);
#1503=ORIENTED_EDGE('',*,*,#2250,.T.);
#1504=ORIENTED_EDGE('',*,*,#2251,.T.);
#1505=ORIENTED_EDGE('',*,*,#2252,.T.);
#1506=ORIENTED_EDGE('',*,*,#2253,.F.);
#1507=ORIENTED_EDGE('',*,*,#2254,.T.);
#1508=ORIENTED_EDGE('',*,*,#2255,.T.);
#1509=ORIENTED_EDGE('',*,*,#2246,.F.);
#1510=ORIENTED_EDGE('',*,*,#2256,.T.);
#1511=ORIENTED_EDGE('',*,*,#2257,.T.);
#1512=ORIENTED_EDGE('',*,*,#2258,.T.);
#1513=ORIENTED_EDGE('',*,*,#2259,.F.);
#1514=ORIENTED_EDGE('',*,*,#2260,.T.);
#1515=ORIENTED_EDGE('',*,*,#2261,.T.);
#1516=ORIENTED_EDGE('',*,*,#2262,.F.);
#1517=ORIENTED_EDGE('',*,*,#2263,.T.);
#1518=ORIENTED_EDGE('',*,*,#2264,.T.);
#1519=ORIENTED_EDGE('',*,*,#2265,.T.);
#1520=ORIENTED_EDGE('',*,*,#2266,.T.);
#1521=ORIENTED_EDGE('',*,*,#2267,.T.);
#1522=ORIENTED_EDGE('',*,*,#2268,.T.);
#1523=ORIENTED_EDGE('',*,*,#2269,.T.);
#1524=ORIENTED_EDGE('',*,*,#2259,.T.);
#1525=ORIENTED_EDGE('',*,*,#2270,.T.);
#1526=ORIENTED_EDGE('',*,*,#2271,.T.);
#1527=ORIENTED_EDGE('',*,*,#2272,.T.);
#1528=ORIENTED_EDGE('',*,*,#2237,.F.);
#1529=ORIENTED_EDGE('',*,*,#2273,.F.);
#1530=ORIENTED_EDGE('',*,*,#2261,.F.);
#1531=ORIENTED_EDGE('',*,*,#2274,.T.);
#1532=ORIENTED_EDGE('',*,*,#2275,.F.);
#1533=ORIENTED_EDGE('',*,*,#2276,.T.);
#1534=ORIENTED_EDGE('',*,*,#2277,.F.);
#1535=ORIENTED_EDGE('',*,*,#2278,.F.);
#1536=ORIENTED_EDGE('',*,*,#2279,.T.);
#1537=ORIENTED_EDGE('',*,*,#2280,.T.);
#1538=ORIENTED_EDGE('',*,*,#2257,.F.);
#1539=ORIENTED_EDGE('',*,*,#2281,.T.);
#1540=ORIENTED_EDGE('',*,*,#2282,.F.);
#1541=ORIENTED_EDGE('',*,*,#2283,.T.);
#1542=ORIENTED_EDGE('',*,*,#2284,.T.);
#1543=ORIENTED_EDGE('',*,*,#2285,.T.);
#1544=ORIENTED_EDGE('',*,*,#2286,.F.);
#1545=ORIENTED_EDGE('',*,*,#2287,.T.);
#1546=ORIENTED_EDGE('',*,*,#2286,.T.);
#1547=ORIENTED_EDGE('',*,*,#2288,.T.);
#1548=ORIENTED_EDGE('',*,*,#2289,.F.);
#1549=ORIENTED_EDGE('',*,*,#2290,.T.);
#1550=ORIENTED_EDGE('',*,*,#2289,.T.);
#1551=ORIENTED_EDGE('',*,*,#2291,.T.);
#1552=ORIENTED_EDGE('',*,*,#2292,.F.);
#1553=ORIENTED_EDGE('',*,*,#2293,.T.);
#1554=ORIENTED_EDGE('',*,*,#2292,.T.);
#1555=ORIENTED_EDGE('',*,*,#2294,.T.);
#1556=ORIENTED_EDGE('',*,*,#2295,.F.);
#1557=ORIENTED_EDGE('',*,*,#2296,.T.);
#1558=ORIENTED_EDGE('',*,*,#2295,.T.);
#1559=ORIENTED_EDGE('',*,*,#2297,.T.);
#1560=ORIENTED_EDGE('',*,*,#2298,.F.);
#1561=ORIENTED_EDGE('',*,*,#2299,.T.);
#1562=ORIENTED_EDGE('',*,*,#2298,.T.);
#1563=ORIENTED_EDGE('',*,*,#2300,.T.);
#1564=ORIENTED_EDGE('',*,*,#2301,.F.);
#1565=ORIENTED_EDGE('',*,*,#2302,.T.);
#1566=ORIENTED_EDGE('',*,*,#2301,.T.);
#1567=ORIENTED_EDGE('',*,*,#2303,.T.);
#1568=ORIENTED_EDGE('',*,*,#2284,.F.);
#1569=ORIENTED_EDGE('',*,*,#2304,.T.);
#1570=ORIENTED_EDGE('',*,*,#2305,.T.);
#1571=ORIENTED_EDGE('',*,*,#2306,.T.);
#1572=ORIENTED_EDGE('',*,*,#2307,.T.);
#1573=ORIENTED_EDGE('',*,*,#2308,.T.);
#1574=ORIENTED_EDGE('',*,*,#2309,.T.);
#1575=ORIENTED_EDGE('',*,*,#2310,.T.);
#1576=ORIENTED_EDGE('',*,*,#2311,.T.);
#1577=ORIENTED_EDGE('',*,*,#2273,.T.);
#1578=ORIENTED_EDGE('',*,*,#2240,.F.);
#1579=ORIENTED_EDGE('',*,*,#2255,.F.);
#1580=ORIENTED_EDGE('',*,*,#2312,.T.);
#1581=ORIENTED_EDGE('',*,*,#2262,.T.);
#1582=ORIENTED_EDGE('',*,*,#2252,.F.);
#1583=ORIENTED_EDGE('',*,*,#2313,.T.);
#1584=ORIENTED_EDGE('',*,*,#2275,.T.);
#1585=ORIENTED_EDGE('',*,*,#2314,.F.);
#1586=ORIENTED_EDGE('',*,*,#2274,.F.);
#1587=ORIENTED_EDGE('',*,*,#2260,.F.);
#1588=ORIENTED_EDGE('',*,*,#2315,.T.);
#1589=ORIENTED_EDGE('',*,*,#2253,.T.);
#1590=ORIENTED_EDGE('',*,*,#2314,.T.);
#1591=ORIENTED_EDGE('',*,*,#2312,.F.);
#1592=ORIENTED_EDGE('',*,*,#2254,.F.);
#1593=ORIENTED_EDGE('',*,*,#2315,.F.);
#1594=ORIENTED_EDGE('',*,*,#2270,.F.);
#1595=ORIENTED_EDGE('',*,*,#2248,.T.);
#1596=ORIENTED_EDGE('',*,*,#2316,.T.);
#1597=ORIENTED_EDGE('',*,*,#2279,.F.);
#1598=ORIENTED_EDGE('',*,*,#2317,.F.);
#1599=ORIENTED_EDGE('',*,*,#2277,.T.);
#1600=ORIENTED_EDGE('',*,*,#2318,.T.);
#1601=ORIENTED_EDGE('',*,*,#2250,.F.);
#1602=ORIENTED_EDGE('',*,*,#2319,.T.);
#1603=ORIENTED_EDGE('',*,*,#2249,.F.);
#1604=ORIENTED_EDGE('',*,*,#2317,.T.);
#1605=ORIENTED_EDGE('',*,*,#2278,.T.);
#1606=ORIENTED_EDGE('',*,*,#2319,.F.);
#1607=ORIENTED_EDGE('',*,*,#2251,.F.);
#1608=ORIENTED_EDGE('',*,*,#2318,.F.);
#1609=ORIENTED_EDGE('',*,*,#2276,.F.);
#1610=ORIENTED_EDGE('',*,*,#2313,.F.);
#1611=ORIENTED_EDGE('',*,*,#2247,.F.);
#1612=ORIENTED_EDGE('',*,*,#2258,.F.);
#1613=ORIENTED_EDGE('',*,*,#2280,.F.);
#1614=ORIENTED_EDGE('',*,*,#2316,.F.);
#1615=ORIENTED_EDGE('',*,*,#2242,.T.);
#1616=ORIENTED_EDGE('',*,*,#2320,.T.);
#1617=ORIENTED_EDGE('',*,*,#2271,.F.);
#1618=ORIENTED_EDGE('',*,*,#2321,.F.);
#1619=ORIENTED_EDGE('',*,*,#2282,.T.);
#1620=ORIENTED_EDGE('',*,*,#2322,.T.);
#1621=ORIENTED_EDGE('',*,*,#2244,.F.);
#1622=ORIENTED_EDGE('',*,*,#2323,.T.);
#1623=ORIENTED_EDGE('',*,*,#2243,.T.);
#1624=ORIENTED_EDGE('',*,*,#2321,.T.);
#1625=ORIENTED_EDGE('',*,*,#2283,.F.);
#1626=ORIENTED_EDGE('',*,*,#2323,.F.);
#1627=ORIENTED_EDGE('',*,*,#2241,.F.);
#1628=ORIENTED_EDGE('',*,*,#2238,.F.);
#1629=ORIENTED_EDGE('',*,*,#2272,.F.);
#1630=ORIENTED_EDGE('',*,*,#2320,.F.);
#1631=ORIENTED_EDGE('',*,*,#2245,.F.);
#1632=ORIENTED_EDGE('',*,*,#2322,.F.);
#1633=ORIENTED_EDGE('',*,*,#2281,.F.);
#1634=ORIENTED_EDGE('',*,*,#2256,.F.);
#1635=ORIENTED_EDGE('',*,*,#2324,.F.);
#1636=ORIENTED_EDGE('',*,*,#2310,.F.);
#1637=ORIENTED_EDGE('',*,*,#2325,.F.);
#1638=ORIENTED_EDGE('',*,*,#2299,.F.);
#1639=ORIENTED_EDGE('',*,*,#2325,.T.);
#1640=ORIENTED_EDGE('',*,*,#2309,.F.);
#1641=ORIENTED_EDGE('',*,*,#2326,.F.);
#1642=ORIENTED_EDGE('',*,*,#2296,.F.);
#1643=ORIENTED_EDGE('',*,*,#2324,.T.);
#1644=ORIENTED_EDGE('',*,*,#2302,.F.);
#1645=ORIENTED_EDGE('',*,*,#2327,.F.);
#1646=ORIENTED_EDGE('',*,*,#2311,.F.);
#1647=ORIENTED_EDGE('',*,*,#2326,.T.);
#1648=ORIENTED_EDGE('',*,*,#2308,.F.);
#1649=ORIENTED_EDGE('',*,*,#2328,.F.);
#1650=ORIENTED_EDGE('',*,*,#2293,.F.);
#1651=ORIENTED_EDGE('',*,*,#2327,.T.);
#1652=ORIENTED_EDGE('',*,*,#2304,.F.);
#1653=ORIENTED_EDGE('',*,*,#2329,.F.);
#1654=ORIENTED_EDGE('',*,*,#2305,.F.);
#1655=ORIENTED_EDGE('',*,*,#2328,.T.);
#1656=ORIENTED_EDGE('',*,*,#2307,.F.);
#1657=ORIENTED_EDGE('',*,*,#2330,.F.);
#1658=ORIENTED_EDGE('',*,*,#2290,.F.);
#1659=ORIENTED_EDGE('',*,*,#2329,.T.);
#1660=ORIENTED_EDGE('',*,*,#2287,.F.);
#1661=ORIENTED_EDGE('',*,*,#2330,.T.);
#1662=ORIENTED_EDGE('',*,*,#2306,.F.);
#1663=ORIENTED_EDGE('',*,*,#2331,.F.);
#1664=ORIENTED_EDGE('',*,*,#2297,.F.);
#1665=ORIENTED_EDGE('',*,*,#2332,.F.);
#1666=ORIENTED_EDGE('',*,*,#2267,.F.);
#1667=ORIENTED_EDGE('',*,*,#2332,.T.);
#1668=ORIENTED_EDGE('',*,*,#2294,.F.);
#1669=ORIENTED_EDGE('',*,*,#2333,.F.);
#1670=ORIENTED_EDGE('',*,*,#2268,.F.);
#1671=ORIENTED_EDGE('',*,*,#2331,.T.);
#1672=ORIENTED_EDGE('',*,*,#2266,.F.);
#1673=ORIENTED_EDGE('',*,*,#2334,.F.);
#1674=ORIENTED_EDGE('',*,*,#2300,.F.);
#1675=ORIENTED_EDGE('',*,*,#2333,.T.);
#1676=ORIENTED_EDGE('',*,*,#2291,.F.);
#1677=ORIENTED_EDGE('',*,*,#2335,.F.);
#1678=ORIENTED_EDGE('',*,*,#2269,.F.);
#1679=ORIENTED_EDGE('',*,*,#2334,.T.);
#1680=ORIENTED_EDGE('',*,*,#2265,.F.);
#1681=ORIENTED_EDGE('',*,*,#2336,.F.);
#1682=ORIENTED_EDGE('',*,*,#2303,.F.);
#1683=ORIENTED_EDGE('',*,*,#2335,.T.);
#1684=ORIENTED_EDGE('',*,*,#2288,.F.);
#1685=ORIENTED_EDGE('',*,*,#2337,.F.);
#1686=ORIENTED_EDGE('',*,*,#2263,.F.);
#1687=ORIENTED_EDGE('',*,*,#2336,.T.);
#1688=ORIENTED_EDGE('',*,*,#2264,.F.);
#1689=ORIENTED_EDGE('',*,*,#2337,.T.);
#1690=ORIENTED_EDGE('',*,*,#2285,.F.);
#1691=ORIENTED_EDGE('',*,*,#2338,.T.);
#1692=ORIENTED_EDGE('',*,*,#2339,.T.);
#1693=ORIENTED_EDGE('',*,*,#2340,.F.);
#1694=ORIENTED_EDGE('',*,*,#2341,.F.);
#1695=ORIENTED_EDGE('',*,*,#2342,.T.);
#1696=ORIENTED_EDGE('',*,*,#2343,.T.);
#1697=ORIENTED_EDGE('',*,*,#2344,.F.);
#1698=ORIENTED_EDGE('',*,*,#2345,.T.);
#1699=ORIENTED_EDGE('',*,*,#2346,.F.);
#1700=ORIENTED_EDGE('',*,*,#2347,.F.);
#1701=ORIENTED_EDGE('',*,*,#2348,.T.);
#1702=ORIENTED_EDGE('',*,*,#2349,.T.);
#1703=ORIENTED_EDGE('',*,*,#2350,.T.);
#1704=ORIENTED_EDGE('',*,*,#2351,.F.);
#1705=ORIENTED_EDGE('',*,*,#2352,.T.);
#1706=ORIENTED_EDGE('',*,*,#2353,.T.);
#1707=ORIENTED_EDGE('',*,*,#2354,.T.);
#1708=ORIENTED_EDGE('',*,*,#2355,.T.);
#1709=ORIENTED_EDGE('',*,*,#2347,.T.);
#1710=ORIENTED_EDGE('',*,*,#2356,.T.);
#1711=ORIENTED_EDGE('',*,*,#2341,.T.);
#1712=ORIENTED_EDGE('',*,*,#2357,.T.);
#1713=ORIENTED_EDGE('',*,*,#2358,.F.);
#1714=ORIENTED_EDGE('',*,*,#2359,.T.);
#1715=ORIENTED_EDGE('',*,*,#2355,.F.);
#1716=ORIENTED_EDGE('',*,*,#2350,.F.);
#1717=ORIENTED_EDGE('',*,*,#2360,.T.);
#1718=ORIENTED_EDGE('',*,*,#2361,.T.);
#1719=ORIENTED_EDGE('',*,*,#2362,.T.);
#1720=ORIENTED_EDGE('',*,*,#2363,.F.);
#1721=ORIENTED_EDGE('',*,*,#2364,.F.);
#1722=ORIENTED_EDGE('',*,*,#2365,.F.);
#1723=ORIENTED_EDGE('',*,*,#2366,.T.);
#1724=ORIENTED_EDGE('',*,*,#2367,.T.);
#1725=ORIENTED_EDGE('',*,*,#2368,.T.);
#1726=ORIENTED_EDGE('',*,*,#2369,.F.);
#1727=ORIENTED_EDGE('',*,*,#2370,.T.);
#1728=ORIENTED_EDGE('',*,*,#2371,.T.);
#1729=ORIENTED_EDGE('',*,*,#2372,.F.);
#1730=ORIENTED_EDGE('',*,*,#2373,.T.);
#1731=ORIENTED_EDGE('',*,*,#2374,.T.);
#1732=ORIENTED_EDGE('',*,*,#2375,.T.);
#1733=ORIENTED_EDGE('',*,*,#2376,.T.);
#1734=ORIENTED_EDGE('',*,*,#2377,.T.);
#1735=ORIENTED_EDGE('',*,*,#2378,.T.);
#1736=ORIENTED_EDGE('',*,*,#2379,.T.);
#1737=ORIENTED_EDGE('',*,*,#2380,.T.);
#1738=ORIENTED_EDGE('',*,*,#2381,.F.);
#1739=ORIENTED_EDGE('',*,*,#2382,.T.);
#1740=ORIENTED_EDGE('',*,*,#2383,.T.);
#1741=ORIENTED_EDGE('',*,*,#2366,.F.);
#1742=ORIENTED_EDGE('',*,*,#2384,.F.);
#1743=ORIENTED_EDGE('',*,*,#2385,.T.);
#1744=ORIENTED_EDGE('',*,*,#2386,.T.);
#1745=ORIENTED_EDGE('',*,*,#2360,.F.);
#1746=ORIENTED_EDGE('',*,*,#2349,.F.);
#1747=ORIENTED_EDGE('',*,*,#2387,.T.);
#1748=ORIENTED_EDGE('',*,*,#2344,.T.);
#1749=ORIENTED_EDGE('',*,*,#2388,.T.);
#1750=ORIENTED_EDGE('',*,*,#2389,.T.);
#1751=ORIENTED_EDGE('',*,*,#2390,.T.);
#1752=ORIENTED_EDGE('',*,*,#2370,.F.);
#1753=ORIENTED_EDGE('',*,*,#2391,.F.);
#1754=ORIENTED_EDGE('',*,*,#2392,.T.);
#1755=ORIENTED_EDGE('',*,*,#2393,.T.);
#1756=ORIENTED_EDGE('',*,*,#2394,.T.);
#1757=ORIENTED_EDGE('',*,*,#2395,.T.);
#1758=ORIENTED_EDGE('',*,*,#2396,.T.);
#1759=ORIENTED_EDGE('',*,*,#2397,.T.);
#1760=ORIENTED_EDGE('',*,*,#2398,.T.);
#1761=ORIENTED_EDGE('',*,*,#2399,.F.);
#1762=ORIENTED_EDGE('',*,*,#2400,.T.);
#1763=ORIENTED_EDGE('',*,*,#2363,.T.);
#1764=ORIENTED_EDGE('',*,*,#2401,.F.);
#1765=ORIENTED_EDGE('',*,*,#2402,.T.);
#1766=ORIENTED_EDGE('',*,*,#2403,.T.);
#1767=ORIENTED_EDGE('',*,*,#2369,.T.);
#1768=ORIENTED_EDGE('',*,*,#2404,.F.);
#1769=ORIENTED_EDGE('',*,*,#2405,.T.);
#1770=ORIENTED_EDGE('',*,*,#2406,.T.);
#1771=ORIENTED_EDGE('',*,*,#2407,.T.);
#1772=ORIENTED_EDGE('',*,*,#2372,.T.);
#1773=ORIENTED_EDGE('',*,*,#2408,.F.);
#1774=ORIENTED_EDGE('',*,*,#2409,.F.);
#1775=ORIENTED_EDGE('',*,*,#2409,.T.);
#1776=ORIENTED_EDGE('',*,*,#2410,.F.);
#1777=ORIENTED_EDGE('',*,*,#2389,.F.);
#1778=ORIENTED_EDGE('',*,*,#2411,.T.);
#1779=ORIENTED_EDGE('',*,*,#2412,.F.);
#1780=ORIENTED_EDGE('',*,*,#2413,.F.);
#1781=ORIENTED_EDGE('',*,*,#2391,.T.);
#1782=ORIENTED_EDGE('',*,*,#2373,.F.);
#1783=ORIENTED_EDGE('',*,*,#2407,.F.);
#1784=ORIENTED_EDGE('',*,*,#2414,.F.);
#1785=ORIENTED_EDGE('',*,*,#2415,.T.);
#1786=ORIENTED_EDGE('',*,*,#2399,.T.);
#1787=ORIENTED_EDGE('',*,*,#2411,.F.);
#1788=ORIENTED_EDGE('',*,*,#2388,.F.);
#1789=ORIENTED_EDGE('',*,*,#2343,.F.);
#1790=ORIENTED_EDGE('',*,*,#2410,.T.);
#1791=ORIENTED_EDGE('',*,*,#2408,.T.);
#1792=ORIENTED_EDGE('',*,*,#2371,.F.);
#1793=ORIENTED_EDGE('',*,*,#2390,.F.);
#1794=ORIENTED_EDGE('',*,*,#2416,.T.);
#1795=ORIENTED_EDGE('',*,*,#2352,.F.);
#1796=ORIENTED_EDGE('',*,*,#2417,.F.);
#1797=ORIENTED_EDGE('',*,*,#2339,.F.);
#1798=ORIENTED_EDGE('',*,*,#2340,.T.);
#1799=ORIENTED_EDGE('',*,*,#2417,.T.);
#1800=ORIENTED_EDGE('',*,*,#2351,.T.);
#1801=ORIENTED_EDGE('',*,*,#2354,.F.);
#1802=ORIENTED_EDGE('',*,*,#2418,.F.);
#1803=ORIENTED_EDGE('',*,*,#2418,.T.);
#1804=ORIENTED_EDGE('',*,*,#2353,.F.);
#1805=ORIENTED_EDGE('',*,*,#2416,.F.);
#1806=ORIENTED_EDGE('',*,*,#2338,.F.);
#1807=ORIENTED_EDGE('',*,*,#2345,.F.);
#1808=ORIENTED_EDGE('',*,*,#2387,.F.);
#1809=ORIENTED_EDGE('',*,*,#2348,.F.);
#1810=ORIENTED_EDGE('',*,*,#2357,.F.);
#1811=ORIENTED_EDGE('',*,*,#2406,.F.);
#1812=ORIENTED_EDGE('',*,*,#2419,.T.);
#1813=ORIENTED_EDGE('',*,*,#2420,.F.);
#1814=ORIENTED_EDGE('',*,*,#2421,.T.);
#1815=ORIENTED_EDGE('',*,*,#2381,.T.);
#1816=ORIENTED_EDGE('',*,*,#2413,.T.);
#1817=ORIENTED_EDGE('',*,*,#2422,.T.);
#1818=ORIENTED_EDGE('',*,*,#2423,.T.);
#1819=ORIENTED_EDGE('',*,*,#2424,.T.);
#1820=ORIENTED_EDGE('',*,*,#2425,.T.);
#1821=ORIENTED_EDGE('',*,*,#2412,.T.);
#1822=ORIENTED_EDGE('',*,*,#2426,.T.);
#1823=ORIENTED_EDGE('',*,*,#2427,.T.);
#1824=ORIENTED_EDGE('',*,*,#2404,.T.);
#1825=ORIENTED_EDGE('',*,*,#2368,.F.);
#1826=ORIENTED_EDGE('',*,*,#2428,.F.);
#1827=ORIENTED_EDGE('',*,*,#2429,.F.);
#1828=ORIENTED_EDGE('',*,*,#2430,.F.);
#1829=ORIENTED_EDGE('',*,*,#2431,.F.);
#1830=ORIENTED_EDGE('',*,*,#2367,.F.);
#1831=ORIENTED_EDGE('',*,*,#2383,.F.);
#1832=ORIENTED_EDGE('',*,*,#2432,.T.);
#1833=ORIENTED_EDGE('',*,*,#2420,.T.);
#1834=ORIENTED_EDGE('',*,*,#2433,.T.);
#1835=ORIENTED_EDGE('',*,*,#2426,.F.);
#1836=ORIENTED_EDGE('',*,*,#2434,.T.);
#1837=ORIENTED_EDGE('',*,*,#2403,.F.);
#1838=ORIENTED_EDGE('',*,*,#2435,.T.);
#1839=ORIENTED_EDGE('',*,*,#2436,.F.);
#1840=ORIENTED_EDGE('',*,*,#2437,.T.);
#1841=ORIENTED_EDGE('',*,*,#2384,.T.);
#1842=ORIENTED_EDGE('',*,*,#2365,.T.);
#1843=ORIENTED_EDGE('',*,*,#2438,.T.);
#1844=ORIENTED_EDGE('',*,*,#2439,.T.);
#1845=ORIENTED_EDGE('',*,*,#2440,.T.);
#1846=ORIENTED_EDGE('',*,*,#2441,.T.);
#1847=ORIENTED_EDGE('',*,*,#2364,.T.);
#1848=ORIENTED_EDGE('',*,*,#2442,.T.);
#1849=ORIENTED_EDGE('',*,*,#2443,.T.);
#1850=ORIENTED_EDGE('',*,*,#2401,.T.);
#1851=ORIENTED_EDGE('',*,*,#2362,.F.);
#1852=ORIENTED_EDGE('',*,*,#2444,.F.);
#1853=ORIENTED_EDGE('',*,*,#2445,.F.);
#1854=ORIENTED_EDGE('',*,*,#2446,.F.);
#1855=ORIENTED_EDGE('',*,*,#2447,.F.);
#1856=ORIENTED_EDGE('',*,*,#2361,.F.);
#1857=ORIENTED_EDGE('',*,*,#2386,.F.);
#1858=ORIENTED_EDGE('',*,*,#2448,.T.);
#1859=ORIENTED_EDGE('',*,*,#2436,.T.);
#1860=ORIENTED_EDGE('',*,*,#2449,.T.);
#1861=ORIENTED_EDGE('',*,*,#2442,.F.);
#1862=ORIENTED_EDGE('',*,*,#2450,.T.);
#1863=ORIENTED_EDGE('',*,*,#2451,.T.);
#1864=ORIENTED_EDGE('',*,*,#2444,.T.);
#1865=ORIENTED_EDGE('',*,*,#2447,.T.);
#1866=ORIENTED_EDGE('',*,*,#2452,.F.);
#1867=ORIENTED_EDGE('',*,*,#2438,.F.);
#1868=ORIENTED_EDGE('',*,*,#2441,.F.);
#1869=ORIENTED_EDGE('',*,*,#2453,.T.);
#1870=ORIENTED_EDGE('',*,*,#2445,.T.);
#1871=ORIENTED_EDGE('',*,*,#2451,.F.);
#1872=ORIENTED_EDGE('',*,*,#2440,.F.);
#1873=ORIENTED_EDGE('',*,*,#2452,.T.);
#1874=ORIENTED_EDGE('',*,*,#2446,.T.);
#1875=ORIENTED_EDGE('',*,*,#2453,.F.);
#1876=ORIENTED_EDGE('',*,*,#2439,.F.);
#1877=ORIENTED_EDGE('',*,*,#2454,.T.);
#1878=ORIENTED_EDGE('',*,*,#2430,.T.);
#1879=ORIENTED_EDGE('',*,*,#2455,.F.);
#1880=ORIENTED_EDGE('',*,*,#2423,.F.);
#1881=ORIENTED_EDGE('',*,*,#2455,.T.);
#1882=ORIENTED_EDGE('',*,*,#2429,.T.);
#1883=ORIENTED_EDGE('',*,*,#2456,.F.);
#1884=ORIENTED_EDGE('',*,*,#2424,.F.);
#1885=ORIENTED_EDGE('',*,*,#2456,.T.);
#1886=ORIENTED_EDGE('',*,*,#2428,.T.);
#1887=ORIENTED_EDGE('',*,*,#2431,.T.);
#1888=ORIENTED_EDGE('',*,*,#2454,.F.);
#1889=ORIENTED_EDGE('',*,*,#2422,.F.);
#1890=ORIENTED_EDGE('',*,*,#2425,.F.);
#1891=ORIENTED_EDGE('',*,*,#2427,.F.);
#1892=ORIENTED_EDGE('',*,*,#2433,.F.);
#1893=ORIENTED_EDGE('',*,*,#2419,.F.);
#1894=ORIENTED_EDGE('',*,*,#2405,.F.);
#1895=ORIENTED_EDGE('',*,*,#2432,.F.);
#1896=ORIENTED_EDGE('',*,*,#2382,.F.);
#1897=ORIENTED_EDGE('',*,*,#2421,.F.);
#1898=ORIENTED_EDGE('',*,*,#2434,.F.);
#1899=ORIENTED_EDGE('',*,*,#2443,.F.);
#1900=ORIENTED_EDGE('',*,*,#2449,.F.);
#1901=ORIENTED_EDGE('',*,*,#2435,.F.);
#1902=ORIENTED_EDGE('',*,*,#2402,.F.);
#1903=ORIENTED_EDGE('',*,*,#2448,.F.);
#1904=ORIENTED_EDGE('',*,*,#2385,.F.);
#1905=ORIENTED_EDGE('',*,*,#2437,.F.);
#1906=ORIENTED_EDGE('',*,*,#2450,.F.);
#1907=ORIENTED_EDGE('',*,*,#2457,.F.);
#1908=ORIENTED_EDGE('',*,*,#2414,.T.);
#1909=ORIENTED_EDGE('',*,*,#2342,.F.);
#1910=ORIENTED_EDGE('',*,*,#2356,.F.);
#1911=ORIENTED_EDGE('',*,*,#2346,.T.);
#1912=ORIENTED_EDGE('',*,*,#2359,.F.);
#1913=ORIENTED_EDGE('',*,*,#2457,.T.);
#1914=ORIENTED_EDGE('',*,*,#2358,.T.);
#1915=ORIENTED_EDGE('',*,*,#2400,.F.);
#1916=ORIENTED_EDGE('',*,*,#2415,.F.);
#1917=ORIENTED_EDGE('',*,*,#2458,.F.);
#1918=ORIENTED_EDGE('',*,*,#2459,.T.);
#1919=ORIENTED_EDGE('',*,*,#2460,.T.);
#1920=ORIENTED_EDGE('',*,*,#2461,.T.);
#1921=ORIENTED_EDGE('',*,*,#2462,.F.);
#1922=ORIENTED_EDGE('',*,*,#2463,.T.);
#1923=ORIENTED_EDGE('',*,*,#2458,.T.);
#1924=ORIENTED_EDGE('',*,*,#2464,.T.);
#1925=ORIENTED_EDGE('',*,*,#2465,.F.);
#1926=ORIENTED_EDGE('',*,*,#2466,.T.);
#1927=ORIENTED_EDGE('',*,*,#2462,.T.);
#1928=ORIENTED_EDGE('',*,*,#2467,.T.);
#1929=ORIENTED_EDGE('',*,*,#2468,.F.);
#1930=ORIENTED_EDGE('',*,*,#2469,.T.);
#1931=ORIENTED_EDGE('',*,*,#2465,.T.);
#1932=ORIENTED_EDGE('',*,*,#2470,.T.);
#1933=ORIENTED_EDGE('',*,*,#2471,.F.);
#1934=ORIENTED_EDGE('',*,*,#2472,.T.);
#1935=ORIENTED_EDGE('',*,*,#2468,.T.);
#1936=ORIENTED_EDGE('',*,*,#2473,.T.);
#1937=ORIENTED_EDGE('',*,*,#2474,.F.);
#1938=ORIENTED_EDGE('',*,*,#2475,.T.);
#1939=ORIENTED_EDGE('',*,*,#2471,.T.);
#1940=ORIENTED_EDGE('',*,*,#2476,.T.);
#1941=ORIENTED_EDGE('',*,*,#2460,.F.);
#1942=ORIENTED_EDGE('',*,*,#2477,.T.);
#1943=ORIENTED_EDGE('',*,*,#2474,.T.);
#1944=ORIENTED_EDGE('',*,*,#2478,.T.);
#1945=ORIENTED_EDGE('',*,*,#2479,.F.);
#1946=ORIENTED_EDGE('',*,*,#2469,.F.);
#1947=ORIENTED_EDGE('',*,*,#2480,.F.);
#1948=ORIENTED_EDGE('',*,*,#2396,.F.);
#1949=ORIENTED_EDGE('',*,*,#2480,.T.);
#1950=ORIENTED_EDGE('',*,*,#2472,.F.);
#1951=ORIENTED_EDGE('',*,*,#2481,.F.);
#1952=ORIENTED_EDGE('',*,*,#2397,.F.);
#1953=ORIENTED_EDGE('',*,*,#2479,.T.);
#1954=ORIENTED_EDGE('',*,*,#2395,.F.);
#1955=ORIENTED_EDGE('',*,*,#2482,.F.);
#1956=ORIENTED_EDGE('',*,*,#2466,.F.);
#1957=ORIENTED_EDGE('',*,*,#2481,.T.);
#1958=ORIENTED_EDGE('',*,*,#2475,.F.);
#1959=ORIENTED_EDGE('',*,*,#2483,.F.);
#1960=ORIENTED_EDGE('',*,*,#2398,.F.);
#1961=ORIENTED_EDGE('',*,*,#2482,.T.);
#1962=ORIENTED_EDGE('',*,*,#2394,.F.);
#1963=ORIENTED_EDGE('',*,*,#2484,.F.);
#1964=ORIENTED_EDGE('',*,*,#2463,.F.);
#1965=ORIENTED_EDGE('',*,*,#2483,.T.);
#1966=ORIENTED_EDGE('',*,*,#2477,.F.);
#1967=ORIENTED_EDGE('',*,*,#2485,.F.);
#1968=ORIENTED_EDGE('',*,*,#2392,.F.);
#1969=ORIENTED_EDGE('',*,*,#2484,.T.);
#1970=ORIENTED_EDGE('',*,*,#2393,.F.);
#1971=ORIENTED_EDGE('',*,*,#2485,.T.);
#1972=ORIENTED_EDGE('',*,*,#2459,.F.);
#1973=ORIENTED_EDGE('',*,*,#2486,.F.);
#1974=ORIENTED_EDGE('',*,*,#2473,.F.);
#1975=ORIENTED_EDGE('',*,*,#2487,.F.);
#1976=ORIENTED_EDGE('',*,*,#2378,.F.);
#1977=ORIENTED_EDGE('',*,*,#2487,.T.);
#1978=ORIENTED_EDGE('',*,*,#2470,.F.);
#1979=ORIENTED_EDGE('',*,*,#2488,.F.);
#1980=ORIENTED_EDGE('',*,*,#2379,.F.);
#1981=ORIENTED_EDGE('',*,*,#2486,.T.);
#1982=ORIENTED_EDGE('',*,*,#2377,.F.);
#1983=ORIENTED_EDGE('',*,*,#2489,.F.);
#1984=ORIENTED_EDGE('',*,*,#2476,.F.);
#1985=ORIENTED_EDGE('',*,*,#2488,.T.);
#1986=ORIENTED_EDGE('',*,*,#2467,.F.);
#1987=ORIENTED_EDGE('',*,*,#2490,.F.);
#1988=ORIENTED_EDGE('',*,*,#2380,.F.);
#1989=ORIENTED_EDGE('',*,*,#2489,.T.);
#1990=ORIENTED_EDGE('',*,*,#2376,.F.);
#1991=ORIENTED_EDGE('',*,*,#2491,.F.);
#1992=ORIENTED_EDGE('',*,*,#2478,.F.);
#1993=ORIENTED_EDGE('',*,*,#2490,.T.);
#1994=ORIENTED_EDGE('',*,*,#2464,.F.);
#1995=ORIENTED_EDGE('',*,*,#2492,.F.);
#1996=ORIENTED_EDGE('',*,*,#2374,.F.);
#1997=ORIENTED_EDGE('',*,*,#2491,.T.);
#1998=ORIENTED_EDGE('',*,*,#2375,.F.);
#1999=ORIENTED_EDGE('',*,*,#2492,.T.);
#2000=ORIENTED_EDGE('',*,*,#2461,.F.);
#2001=ORIENTED_EDGE('',*,*,#2493,.F.);
#2002=ORIENTED_EDGE('',*,*,#2494,.T.);
#2003=ORIENTED_EDGE('',*,*,#2493,.T.);
#2004=ORIENTED_EDGE('',*,*,#2494,.F.);
#2005=EDGE_CURVE('',#2495,#2495,#2815,.T.);
#2006=EDGE_CURVE('',#2496,#2496,#2816,.F.);
#2007=EDGE_CURVE('',#2497,#2497,#2817,.F.);
#2008=EDGE_CURVE('',#2498,#2498,#2818,.T.);
#2009=EDGE_CURVE('',#2499,#2499,#2819,.T.);
#2010=EDGE_CURVE('',#2500,#2500,#2820,.T.);
#2011=EDGE_CURVE('',#2501,#2501,#2821,.T.);
#2012=EDGE_CURVE('',#2502,#2502,#2822,.T.);
#2013=EDGE_CURVE('',#2503,#2503,#2823,.F.);
#2014=EDGE_CURVE('',#2504,#2505,#27,.T.);
#2015=EDGE_CURVE('',#2505,#2506,#28,.T.);
#2016=EDGE_CURVE('',#2507,#2506,#29,.T.);
#2017=EDGE_CURVE('',#2507,#2504,#30,.T.);
#2018=EDGE_CURVE('',#2506,#2508,#31,.F.);
#2019=EDGE_CURVE('',#2509,#2508,#32,.T.);
#2020=EDGE_CURVE('',#2510,#2509,#33,.T.);
#2021=EDGE_CURVE('',#2510,#2511,#34,.T.);
#2022=EDGE_CURVE('',#2511,#2512,#35,.T.);
#2023=EDGE_CURVE('',#2512,#2513,#36,.T.);
#2024=EDGE_CURVE('',#2513,#2514,#37,.F.);
#2025=EDGE_CURVE('',#2515,#2514,#38,.T.);
#2026=EDGE_CURVE('',#2515,#2516,#39,.T.);
#2027=EDGE_CURVE('',#2516,#2517,#40,.T.);
#2028=EDGE_CURVE('',#2517,#2518,#41,.T.);
#2029=EDGE_CURVE('',#2518,#2519,#42,.T.);
#2030=EDGE_CURVE('',#2520,#2519,#43,.T.);
#2031=EDGE_CURVE('',#2520,#2521,#2824,.F.);
#2032=EDGE_CURVE('',#2521,#2507,#44,.T.);
#2033=EDGE_CURVE('',#2512,#2522,#45,.T.);
#2034=EDGE_CURVE('',#2522,#2523,#46,.T.);
#2035=EDGE_CURVE('',#2523,#2513,#47,.T.);
#2036=EDGE_CURVE('',#2524,#2525,#2825,.T.);
#2037=EDGE_CURVE('',#2524,#2526,#48,.T.);
#2038=EDGE_CURVE('',#2526,#2527,#2826,.T.);
#2039=EDGE_CURVE('',#2525,#2527,#49,.T.);
#2040=EDGE_CURVE('',#2528,#2529,#50,.T.);
#2041=EDGE_CURVE('',#2530,#2528,#51,.T.);
#2042=EDGE_CURVE('',#2531,#2530,#52,.T.);
#2043=EDGE_CURVE('',#2532,#2531,#53,.T.);
#2044=EDGE_CURVE('',#2533,#2532,#54,.T.);
#2045=EDGE_CURVE('',#2534,#2533,#55,.T.);
#2046=EDGE_CURVE('',#2529,#2534,#56,.T.);
#2047=EDGE_CURVE('',#2525,#2524,#2827,.T.);
#2048=EDGE_CURVE('',#2535,#2536,#57,.T.);
#2049=EDGE_CURVE('',#2536,#2505,#58,.F.);
#2050=EDGE_CURVE('',#2527,#2504,#59,.T.);
#2051=EDGE_CURVE('',#2526,#2537,#60,.T.);
#2052=EDGE_CURVE('',#2538,#2537,#61,.T.);
#2053=EDGE_CURVE('',#2538,#2539,#62,.T.);
#2054=EDGE_CURVE('',#2540,#2539,#63,.T.);
#2055=EDGE_CURVE('',#2541,#2540,#64,.T.);
#2056=EDGE_CURVE('',#2541,#2542,#65,.T.);
#2057=EDGE_CURVE('',#2542,#2523,#66,.F.);
#2058=EDGE_CURVE('',#2522,#2543,#67,.T.);
#2059=EDGE_CURVE('',#2544,#2543,#68,.T.);
#2060=EDGE_CURVE('',#2544,#2535,#69,.T.);
#2061=EDGE_CURVE('',#2521,#2525,#19,.T.);
#2062=EDGE_CURVE('',#2518,#2538,#70,.T.);
#2063=EDGE_CURVE('',#2519,#2537,#71,.T.);
#2064=EDGE_CURVE('',#2524,#2520,#20,.T.);
#2065=EDGE_CURVE('',#2514,#2542,#72,.T.);
#2066=EDGE_CURVE('',#2515,#2541,#73,.T.);
#2067=EDGE_CURVE('',#2539,#2517,#74,.T.);
#2068=EDGE_CURVE('',#2516,#2540,#75,.T.);
#2069=EDGE_CURVE('',#2508,#2536,#76,.T.);
#2070=EDGE_CURVE('',#2509,#2535,#77,.T.);
#2071=EDGE_CURVE('',#2543,#2511,#78,.T.);
#2072=EDGE_CURVE('',#2510,#2544,#79,.T.);
#2073=EDGE_CURVE('',#2545,#2529,#80,.T.);
#2074=EDGE_CURVE('',#2546,#2545,#81,.T.);
#2075=EDGE_CURVE('',#2546,#2528,#82,.T.);
#2076=EDGE_CURVE('',#2547,#2534,#83,.T.);
#2077=EDGE_CURVE('',#2545,#2547,#84,.T.);
#2078=EDGE_CURVE('',#2548,#2533,#85,.T.);
#2079=EDGE_CURVE('',#2547,#2548,#86,.T.);
#2080=EDGE_CURVE('',#2549,#2532,#87,.T.);
#2081=EDGE_CURVE('',#2548,#2549,#88,.T.);
#2082=EDGE_CURVE('',#2550,#2531,#89,.T.);
#2083=EDGE_CURVE('',#2549,#2550,#90,.T.);
#2084=EDGE_CURVE('',#2551,#2530,#91,.T.);
#2085=EDGE_CURVE('',#2550,#2551,#92,.T.);
#2086=EDGE_CURVE('',#2551,#2546,#93,.T.);
#2087=EDGE_CURVE('',#2552,#2553,#2828,.F.);
#2088=EDGE_CURVE('',#2553,#2554,#94,.F.);
#2089=EDGE_CURVE('',#2554,#2555,#2829,.F.);
#2090=EDGE_CURVE('',#2555,#2552,#95,.T.);
#2091=EDGE_CURVE('',#2554,#2556,#96,.T.);
#2092=EDGE_CURVE('',#2557,#2556,#97,.T.);
#2093=EDGE_CURVE('',#2558,#2557,#98,.T.);
#2094=EDGE_CURVE('',#2559,#2558,#2830,.T.);
#2095=EDGE_CURVE('',#2560,#2559,#99,.T.);
#2096=EDGE_CURVE('',#2561,#2560,#2831,.T.);
#2097=EDGE_CURVE('',#2561,#2562,#100,.T.);
#2098=EDGE_CURVE('',#2563,#2562,#101,.T.);
#2099=EDGE_CURVE('',#2555,#2563,#102,.T.);
#2100=EDGE_CURVE('',#2563,#2564,#103,.T.);
#2101=EDGE_CURVE('',#2552,#2564,#104,.T.);
#2102=EDGE_CURVE('',#2565,#2564,#105,.T.);
#2103=EDGE_CURVE('',#2553,#2565,#106,.T.);
#2104=EDGE_CURVE('',#2556,#2565,#107,.T.);
#2105=EDGE_CURVE('',#2558,#2566,#108,.T.);
#2106=EDGE_CURVE('',#2566,#2567,#2832,.F.);
#2107=EDGE_CURVE('',#2567,#2559,#109,.F.);
#2108=EDGE_CURVE('',#2560,#2568,#110,.T.);
#2109=EDGE_CURVE('',#2568,#2569,#2833,.F.);
#2110=EDGE_CURVE('',#2569,#2561,#111,.F.);
#2111=EDGE_CURVE('',#2569,#2570,#112,.T.);
#2112=EDGE_CURVE('',#2562,#2570,#113,.T.);
#2113=EDGE_CURVE('',#2557,#2571,#114,.T.);
#2114=EDGE_CURVE('',#2566,#2571,#115,.T.);
#2115=EDGE_CURVE('',#2568,#2567,#116,.T.);
#2116=EDGE_CURVE('',#2570,#2571,#117,.T.);
#2117=EDGE_CURVE('',#2572,#2573,#118,.T.);
#2118=EDGE_CURVE('',#2573,#2574,#2834,.T.);
#2119=EDGE_CURVE('',#2574,#2575,#119,.F.);
#2120=EDGE_CURVE('',#2575,#2572,#2835,.T.);
#2121=EDGE_CURVE('',#2575,#2576,#120,.T.);
#2122=EDGE_CURVE('',#2576,#2577,#121,.T.);
#2123=EDGE_CURVE('',#2578,#2577,#122,.T.);
#2124=EDGE_CURVE('',#2579,#2578,#2836,.F.);
#2125=EDGE_CURVE('',#2579,#2580,#123,.T.);
#2126=EDGE_CURVE('',#2581,#2580,#2837,.F.);
#2127=EDGE_CURVE('',#2581,#2582,#124,.T.);
#2128=EDGE_CURVE('',#2582,#2583,#125,.T.);
#2129=EDGE_CURVE('',#2572,#2583,#126,.T.);
#2130=EDGE_CURVE('',#2574,#2584,#127,.T.);
#2131=EDGE_CURVE('',#2576,#2584,#128,.T.);
#2132=EDGE_CURVE('',#2573,#2585,#129,.T.);
#2133=EDGE_CURVE('',#2585,#2584,#130,.T.);
#2134=EDGE_CURVE('',#2583,#2585,#131,.T.);
#2135=EDGE_CURVE('',#2580,#2586,#132,.T.);
#2136=EDGE_CURVE('',#2586,#2587,#2838,.T.);
#2137=EDGE_CURVE('',#2587,#2581,#133,.F.);
#2138=EDGE_CURVE('',#2578,#2588,#134,.T.);
#2139=EDGE_CURVE('',#2588,#2589,#2839,.T.);
#2140=EDGE_CURVE('',#2589,#2579,#135,.F.);
#2141=EDGE_CURVE('',#2577,#2590,#136,.T.);
#2142=EDGE_CURVE('',#2588,#2590,#137,.T.);
#2143=EDGE_CURVE('',#2587,#2591,#138,.T.);
#2144=EDGE_CURVE('',#2582,#2591,#139,.T.);
#2145=EDGE_CURVE('',#2590,#2591,#140,.T.);
#2146=EDGE_CURVE('',#2589,#2586,#141,.T.);
#2147=EDGE_CURVE('',#2592,#2592,#2840,.F.);
#2148=EDGE_CURVE('',#2593,#2593,#2841,.F.);
#2149=EDGE_CURVE('',#2594,#2595,#142,.T.);
#2150=EDGE_CURVE('',#2594,#2596,#143,.T.);
#2151=EDGE_CURVE('',#2597,#2596,#144,.T.);
#2152=EDGE_CURVE('',#2598,#2597,#145,.T.);
#2153=EDGE_CURVE('',#2599,#2598,#146,.T.);
#2154=EDGE_CURVE('',#2599,#2600,#147,.T.);
#2155=EDGE_CURVE('',#2601,#2600,#148,.T.);
#2156=EDGE_CURVE('',#2595,#2601,#149,.T.);
#2157=EDGE_CURVE('',#2602,#2603,#150,.T.);
#2158=EDGE_CURVE('',#2603,#2604,#2842,.T.);
#2159=EDGE_CURVE('',#2605,#2604,#151,.T.);
#2160=EDGE_CURVE('',#2605,#2606,#2843,.T.);
#2161=EDGE_CURVE('',#2607,#2606,#152,.T.);
#2162=EDGE_CURVE('',#2607,#2608,#2844,.T.);
#2163=EDGE_CURVE('',#2608,#2609,#153,.T.);
#2164=EDGE_CURVE('',#2609,#2602,#2845,.T.);
#2165=EDGE_CURVE('',#2610,#2611,#154,.T.);
#2166=EDGE_CURVE('',#2610,#2612,#155,.T.);
#2167=EDGE_CURVE('',#2612,#2613,#156,.T.);
#2168=EDGE_CURVE('',#2613,#2614,#157,.T.);
#2169=EDGE_CURVE('',#2615,#2614,#158,.T.);
#2170=EDGE_CURVE('',#2615,#2616,#159,.T.);
#2171=EDGE_CURVE('',#2616,#2617,#160,.T.);
#2172=EDGE_CURVE('',#2617,#2611,#161,.T.);
#2173=EDGE_CURVE('',#2606,#2618,#162,.T.);
#2174=EDGE_CURVE('',#2619,#2618,#163,.T.);
#2175=EDGE_CURVE('',#2619,#2607,#164,.F.);
#2176=EDGE_CURVE('',#2620,#2621,#165,.T.);
#2177=EDGE_CURVE('',#2621,#2609,#166,.F.);
#2178=EDGE_CURVE('',#2608,#2620,#167,.T.);
#2179=EDGE_CURVE('',#2604,#2622,#168,.T.);
#2180=EDGE_CURVE('',#2623,#2622,#169,.T.);
#2181=EDGE_CURVE('',#2623,#2605,#170,.F.);
#2182=EDGE_CURVE('',#2624,#2624,#2846,.T.);
#2183=EDGE_CURVE('',#2625,#2625,#2847,.T.);
#2184=EDGE_CURVE('',#2622,#2626,#2848,.F.);
#2185=EDGE_CURVE('',#2627,#2626,#171,.T.);
#2186=EDGE_CURVE('',#2627,#2621,#2849,.F.);
#2187=EDGE_CURVE('',#2620,#2619,#2850,.F.);
#2188=EDGE_CURVE('',#2618,#2623,#2851,.F.);
#2189=EDGE_CURVE('',#2628,#2612,#172,.T.);
#2190=EDGE_CURVE('',#2628,#2629,#173,.T.);
#2191=EDGE_CURVE('',#2629,#2613,#174,.T.);
#2192=EDGE_CURVE('',#2630,#2614,#175,.T.);
#2193=EDGE_CURVE('',#2630,#2631,#176,.F.);
#2194=EDGE_CURVE('',#2631,#2615,#177,.T.);
#2195=EDGE_CURVE('',#2629,#2632,#2852,.T.);
#2196=EDGE_CURVE('',#2632,#2633,#178,.T.);
#2197=EDGE_CURVE('',#2633,#2630,#2853,.T.);
#2198=EDGE_CURVE('',#2632,#2634,#179,.F.);
#2199=EDGE_CURVE('',#2634,#2635,#180,.T.);
#2200=EDGE_CURVE('',#2635,#2633,#181,.T.);
#2201=EDGE_CURVE('',#2634,#2628,#2854,.F.);
#2202=EDGE_CURVE('',#2631,#2635,#2855,.F.);
#2203=EDGE_CURVE('',#2636,#2610,#182,.T.);
#2204=EDGE_CURVE('',#2636,#2637,#2856,.T.);
#2205=EDGE_CURVE('',#2637,#2616,#183,.T.);
#2206=EDGE_CURVE('',#2638,#2611,#184,.T.);
#2207=EDGE_CURVE('',#2638,#2636,#185,.F.);
#2208=EDGE_CURVE('',#2639,#2638,#2857,.T.);
#2209=EDGE_CURVE('',#2639,#2617,#186,.T.);
#2210=EDGE_CURVE('',#2637,#2639,#187,.T.);
#2211=EDGE_CURVE('',#2640,#2597,#188,.T.);
#2212=EDGE_CURVE('',#2640,#2641,#189,.F.);
#2213=EDGE_CURVE('',#2641,#2598,#190,.T.);
#2214=EDGE_CURVE('',#2642,#2643,#191,.T.);
#2215=EDGE_CURVE('',#2642,#2640,#2858,.F.);
#2216=EDGE_CURVE('',#2644,#2596,#192,.T.);
#2217=EDGE_CURVE('',#2644,#2643,#2859,.F.);
#2218=EDGE_CURVE('',#2645,#2594,#193,.T.);
#2219=EDGE_CURVE('',#2645,#2644,#194,.T.);
#2220=EDGE_CURVE('',#2646,#2647,#195,.T.);
#2221=EDGE_CURVE('',#2646,#2642,#196,.T.);
#2222=EDGE_CURVE('',#2643,#2647,#197,.F.);
#2223=EDGE_CURVE('',#2641,#2646,#2860,.T.);
#2224=EDGE_CURVE('',#2647,#2645,#2861,.T.);
#2225=EDGE_CURVE('',#2648,#2649,#2862,.F.);
#2226=EDGE_CURVE('',#2649,#2599,#198,.T.);
#2227=EDGE_CURVE('',#2648,#2595,#199,.T.);
#2228=EDGE_CURVE('',#2650,#2601,#200,.T.);
#2229=EDGE_CURVE('',#2650,#2648,#201,.F.);
#2230=EDGE_CURVE('',#2651,#2600,#202,.T.);
#2231=EDGE_CURVE('',#2651,#2650,#2863,.F.);
#2232=EDGE_CURVE('',#2649,#2651,#203,.T.);
#2233=EDGE_CURVE('',#2626,#2603,#204,.F.);
#2234=EDGE_CURVE('',#2602,#2627,#205,.T.);
#2235=EDGE_CURVE('',#2652,#2652,#2864,.T.);
#2236=EDGE_CURVE('',#2653,#2653,#2865,.T.);
#2237=EDGE_CURVE('',#2654,#2655,#206,.T.);
#2238=EDGE_CURVE('',#2655,#2656,#207,.T.);
#2239=EDGE_CURVE('',#2657,#2656,#208,.T.);
#2240=EDGE_CURVE('',#2657,#2654,#209,.T.);
#2241=EDGE_CURVE('',#2656,#2658,#210,.F.);
#2242=EDGE_CURVE('',#2659,#2658,#211,.T.);
#2243=EDGE_CURVE('',#2660,#2659,#212,.T.);
#2244=EDGE_CURVE('',#2660,#2661,#213,.T.);
#2245=EDGE_CURVE('',#2661,#2662,#214,.T.);
#2246=EDGE_CURVE('',#2662,#2663,#215,.T.);
#2247=EDGE_CURVE('',#2663,#2664,#216,.F.);
#2248=EDGE_CURVE('',#2665,#2664,#217,.T.);
#2249=EDGE_CURVE('',#2665,#2666,#218,.T.);
#2250=EDGE_CURVE('',#2666,#2667,#219,.T.);
#2251=EDGE_CURVE('',#2667,#2668,#220,.T.);
#2252=EDGE_CURVE('',#2668,#2669,#221,.T.);
#2253=EDGE_CURVE('',#2670,#2669,#222,.T.);
#2254=EDGE_CURVE('',#2670,#2671,#2866,.F.);
#2255=EDGE_CURVE('',#2671,#2657,#223,.T.);
#2256=EDGE_CURVE('',#2662,#2672,#224,.T.);
#2257=EDGE_CURVE('',#2672,#2673,#225,.T.);
#2258=EDGE_CURVE('',#2673,#2663,#226,.T.);
#2259=EDGE_CURVE('',#2674,#2675,#2867,.T.);
#2260=EDGE_CURVE('',#2674,#2676,#227,.T.);
#2261=EDGE_CURVE('',#2676,#2677,#2868,.T.);
#2262=EDGE_CURVE('',#2675,#2677,#228,.T.);
#2263=EDGE_CURVE('',#2678,#2679,#229,.T.);
#2264=EDGE_CURVE('',#2679,#2680,#230,.T.);
#2265=EDGE_CURVE('',#2680,#2681,#231,.T.);
#2266=EDGE_CURVE('',#2681,#2682,#232,.T.);
#2267=EDGE_CURVE('',#2682,#2683,#233,.T.);
#2268=EDGE_CURVE('',#2683,#2684,#234,.T.);
#2269=EDGE_CURVE('',#2684,#2678,#235,.T.);
#2270=EDGE_CURVE('',#2675,#2674,#2869,.T.);
#2271=EDGE_CURVE('',#2685,#2686,#236,.T.);
#2272=EDGE_CURVE('',#2686,#2655,#237,.F.);
#2273=EDGE_CURVE('',#2677,#2654,#238,.T.);
#2274=EDGE_CURVE('',#2676,#2687,#239,.T.);
#2275=EDGE_CURVE('',#2688,#2687,#240,.T.);
#2276=EDGE_CURVE('',#2688,#2689,#241,.T.);
#2277=EDGE_CURVE('',#2690,#2689,#242,.T.);
#2278=EDGE_CURVE('',#2691,#2690,#243,.T.);
#2279=EDGE_CURVE('',#2691,#2692,#244,.T.);
#2280=EDGE_CURVE('',#2692,#2673,#245,.F.);
#2281=EDGE_CURVE('',#2672,#2693,#246,.T.);
#2282=EDGE_CURVE('',#2694,#2693,#247,.T.);
#2283=EDGE_CURVE('',#2694,#2685,#248,.T.);
#2284=EDGE_CURVE('',#2695,#2696,#249,.T.);
#2285=EDGE_CURVE('',#2696,#2697,#250,.T.);
#2286=EDGE_CURVE('',#2698,#2697,#251,.T.);
#2287=EDGE_CURVE('',#2698,#2695,#252,.F.);
#2288=EDGE_CURVE('',#2697,#2699,#253,.T.);
#2289=EDGE_CURVE('',#2700,#2699,#254,.T.);
#2290=EDGE_CURVE('',#2700,#2698,#255,.F.);
#2291=EDGE_CURVE('',#2699,#2701,#256,.T.);
#2292=EDGE_CURVE('',#2702,#2701,#257,.T.);
#2293=EDGE_CURVE('',#2702,#2700,#258,.F.);
#2294=EDGE_CURVE('',#2701,#2703,#259,.T.);
#2295=EDGE_CURVE('',#2704,#2703,#260,.T.);
#2296=EDGE_CURVE('',#2704,#2702,#261,.F.);
#2297=EDGE_CURVE('',#2703,#2705,#262,.T.);
#2298=EDGE_CURVE('',#2706,#2705,#263,.T.);
#2299=EDGE_CURVE('',#2706,#2704,#264,.F.);
#2300=EDGE_CURVE('',#2705,#2707,#265,.T.);
#2301=EDGE_CURVE('',#2708,#2707,#266,.T.);
#2302=EDGE_CURVE('',#2708,#2706,#267,.F.);
#2303=EDGE_CURVE('',#2707,#2696,#268,.T.);
#2304=EDGE_CURVE('',#2695,#2708,#269,.F.);
#2305=EDGE_CURVE('',#2709,#2710,#270,.T.);
#2306=EDGE_CURVE('',#2710,#2711,#271,.T.);
#2307=EDGE_CURVE('',#2711,#2712,#272,.T.);
#2308=EDGE_CURVE('',#2712,#2713,#273,.T.);
#2309=EDGE_CURVE('',#2713,#2714,#274,.T.);
#2310=EDGE_CURVE('',#2714,#2715,#275,.T.);
#2311=EDGE_CURVE('',#2715,#2709,#276,.T.);
#2312=EDGE_CURVE('',#2671,#2675,#21,.T.);
#2313=EDGE_CURVE('',#2668,#2688,#277,.T.);
#2314=EDGE_CURVE('',#2669,#2687,#278,.T.);
#2315=EDGE_CURVE('',#2674,#2670,#22,.T.);
#2316=EDGE_CURVE('',#2664,#2692,#279,.T.);
#2317=EDGE_CURVE('',#2665,#2691,#280,.T.);
#2318=EDGE_CURVE('',#2689,#2667,#281,.T.);
#2319=EDGE_CURVE('',#2666,#2690,#282,.T.);
#2320=EDGE_CURVE('',#2658,#2686,#283,.T.);
#2321=EDGE_CURVE('',#2659,#2685,#284,.T.);
#2322=EDGE_CURVE('',#2693,#2661,#285,.T.);
#2323=EDGE_CURVE('',#2660,#2694,#286,.T.);
#2324=EDGE_CURVE('',#2715,#2706,#12,.F.);
#2325=EDGE_CURVE('',#2704,#2714,#13,.T.);
#2326=EDGE_CURVE('',#2702,#2713,#14,.T.);
#2327=EDGE_CURVE('',#2709,#2708,#15,.F.);
#2328=EDGE_CURVE('',#2700,#2712,#16,.T.);
#2329=EDGE_CURVE('',#2710,#2695,#17,.F.);
#2330=EDGE_CURVE('',#2698,#2711,#18,.T.);
#2331=EDGE_CURVE('',#2705,#2682,#287,.F.);
#2332=EDGE_CURVE('',#2683,#2703,#288,.T.);
#2333=EDGE_CURVE('',#2684,#2701,#289,.T.);
#2334=EDGE_CURVE('',#2707,#2681,#290,.F.);
#2335=EDGE_CURVE('',#2678,#2699,#291,.T.);
#2336=EDGE_CURVE('',#2696,#2680,#292,.F.);
#2337=EDGE_CURVE('',#2679,#2697,#293,.F.);
#2338=EDGE_CURVE('',#2716,#2717,#294,.T.);
#2339=EDGE_CURVE('',#2717,#2718,#295,.T.);
#2340=EDGE_CURVE('',#2716,#2718,#2870,.T.);
#2341=EDGE_CURVE('',#2719,#2720,#296,.T.);
#2342=EDGE_CURVE('',#2719,#2721,#297,.T.);
#2343=EDGE_CURVE('',#2721,#2722,#298,.T.);
#2344=EDGE_CURVE('',#2723,#2722,#299,.T.);
#2345=EDGE_CURVE('',#2723,#2720,#300,.F.);
#2346=EDGE_CURVE('',#2724,#2725,#301,.T.);
#2347=EDGE_CURVE('',#2726,#2724,#302,.T.);
#2348=EDGE_CURVE('',#2726,#2727,#303,.F.);
#2349=EDGE_CURVE('',#2727,#2728,#304,.T.);
#2350=EDGE_CURVE('',#2728,#2729,#305,.T.);
#2351=EDGE_CURVE('',#2730,#2729,#2871,.T.);
#2352=EDGE_CURVE('',#2730,#2731,#306,.T.);
#2353=EDGE_CURVE('',#2731,#2732,#307,.T.);
#2354=EDGE_CURVE('',#2732,#2729,#2872,.T.);
#2355=EDGE_CURVE('',#2729,#2725,#308,.T.);
#2356=EDGE_CURVE('',#2724,#2719,#309,.T.);
#2357=EDGE_CURVE('',#2720,#2726,#310,.T.);
#2358=EDGE_CURVE('',#2733,#2734,#311,.T.);
#2359=EDGE_CURVE('',#2733,#2725,#312,.T.);
#2360=EDGE_CURVE('',#2728,#2735,#313,.T.);
#2361=EDGE_CURVE('',#2735,#2736,#314,.T.);
#2362=EDGE_CURVE('',#2736,#2737,#315,.T.);
#2363=EDGE_CURVE('',#2734,#2737,#316,.T.);
#2364=EDGE_CURVE('',#2738,#2739,#317,.T.);
#2365=EDGE_CURVE('',#2740,#2738,#318,.T.);
#2366=EDGE_CURVE('',#2740,#2741,#319,.T.);
#2367=EDGE_CURVE('',#2741,#2742,#320,.T.);
#2368=EDGE_CURVE('',#2742,#2743,#321,.T.);
#2369=EDGE_CURVE('',#2739,#2743,#322,.T.);
#2370=EDGE_CURVE('',#2744,#2745,#23,.T.);
#2371=EDGE_CURVE('',#2745,#2746,#323,.F.);
#2372=EDGE_CURVE('',#2747,#2746,#24,.T.);
#2373=EDGE_CURVE('',#2747,#2744,#324,.T.);
#2374=EDGE_CURVE('',#2748,#2749,#325,.T.);
#2375=EDGE_CURVE('',#2749,#2750,#326,.T.);
#2376=EDGE_CURVE('',#2750,#2751,#327,.T.);
#2377=EDGE_CURVE('',#2751,#2752,#328,.T.);
#2378=EDGE_CURVE('',#2752,#2753,#329,.T.);
#2379=EDGE_CURVE('',#2753,#2754,#330,.T.);
#2380=EDGE_CURVE('',#2754,#2748,#331,.T.);
#2381=EDGE_CURVE('',#2755,#2756,#332,.T.);
#2382=EDGE_CURVE('',#2755,#2757,#333,.T.);
#2383=EDGE_CURVE('',#2757,#2741,#334,.T.);
#2384=EDGE_CURVE('',#2758,#2740,#335,.T.);
#2385=EDGE_CURVE('',#2758,#2759,#336,.T.);
#2386=EDGE_CURVE('',#2759,#2735,#337,.T.);
#2387=EDGE_CURVE('',#2727,#2723,#338,.T.);
#2388=EDGE_CURVE('',#2722,#2760,#339,.T.);
#2389=EDGE_CURVE('',#2760,#2761,#25,.T.);
#2390=EDGE_CURVE('',#2761,#2745,#2873,.T.);
#2391=EDGE_CURVE('',#2756,#2744,#340,.T.);
#2392=EDGE_CURVE('',#2762,#2763,#341,.F.);
#2393=EDGE_CURVE('',#2763,#2764,#342,.F.);
#2394=EDGE_CURVE('',#2764,#2765,#343,.F.);
#2395=EDGE_CURVE('',#2765,#2766,#344,.F.);
#2396=EDGE_CURVE('',#2766,#2767,#345,.F.);
#2397=EDGE_CURVE('',#2767,#2768,#346,.F.);
#2398=EDGE_CURVE('',#2768,#2762,#347,.F.);
#2399=EDGE_CURVE('',#2769,#2770,#348,.T.);
#2400=EDGE_CURVE('',#2769,#2734,#2874,.T.);
#2401=EDGE_CURVE('',#2771,#2737,#349,.T.);
#2402=EDGE_CURVE('',#2771,#2772,#350,.F.);
#2403=EDGE_CURVE('',#2772,#2739,#351,.T.);
#2404=EDGE_CURVE('',#2773,#2743,#352,.T.);
#2405=EDGE_CURVE('',#2773,#2774,#353,.F.);
#2406=EDGE_CURVE('',#2774,#2775,#354,.T.);
#2407=EDGE_CURVE('',#2775,#2747,#355,.T.);
#2408=EDGE_CURVE('',#2776,#2746,#2875,.T.);
#2409=EDGE_CURVE('',#2770,#2776,#26,.T.);
#2410=EDGE_CURVE('',#2761,#2776,#356,.F.);
#2411=EDGE_CURVE('',#2760,#2770,#357,.F.);
#2412=EDGE_CURVE('',#2777,#2775,#358,.T.);
#2413=EDGE_CURVE('',#2756,#2777,#359,.T.);
#2414=EDGE_CURVE('',#2778,#2721,#360,.T.);
#2415=EDGE_CURVE('',#2778,#2769,#361,.T.);
#2416=EDGE_CURVE('',#2717,#2731,#362,.T.);
#2417=EDGE_CURVE('',#2718,#2730,#363,.T.);
#2418=EDGE_CURVE('',#2716,#2732,#364,.T.);
#2419=EDGE_CURVE('',#2774,#2779,#365,.T.);
#2420=EDGE_CURVE('',#2780,#2779,#366,.T.);
#2421=EDGE_CURVE('',#2780,#2755,#367,.F.);
#2422=EDGE_CURVE('',#2777,#2781,#2876,.T.);
#2423=EDGE_CURVE('',#2781,#2782,#368,.T.);
#2424=EDGE_CURVE('',#2782,#2783,#369,.T.);
#2425=EDGE_CURVE('',#2783,#2777,#2877,.T.);
#2426=EDGE_CURVE('',#2784,#2785,#370,.T.);
#2427=EDGE_CURVE('',#2785,#2773,#371,.T.);
#2428=EDGE_CURVE('',#2786,#2742,#2878,.T.);
#2429=EDGE_CURVE('',#2787,#2786,#372,.T.);
#2430=EDGE_CURVE('',#2788,#2787,#373,.T.);
#2431=EDGE_CURVE('',#2742,#2788,#2879,.T.);
#2432=EDGE_CURVE('',#2757,#2784,#374,.F.);
#2433=EDGE_CURVE('',#2779,#2785,#375,.T.);
#2434=EDGE_CURVE('',#2784,#2780,#376,.T.);
#2435=EDGE_CURVE('',#2772,#2789,#377,.T.);
#2436=EDGE_CURVE('',#2790,#2789,#378,.T.);
#2437=EDGE_CURVE('',#2790,#2758,#379,.F.);
#2438=EDGE_CURVE('',#2738,#2791,#2880,.T.);
#2439=EDGE_CURVE('',#2791,#2792,#380,.T.);
#2440=EDGE_CURVE('',#2792,#2793,#381,.T.);
#2441=EDGE_CURVE('',#2793,#2738,#2881,.T.);
#2442=EDGE_CURVE('',#2794,#2795,#382,.T.);
#2443=EDGE_CURVE('',#2795,#2771,#383,.T.);
#2444=EDGE_CURVE('',#2796,#2736,#2882,.T.);
#2445=EDGE_CURVE('',#2797,#2796,#384,.T.);
#2446=EDGE_CURVE('',#2798,#2797,#385,.T.);
#2447=EDGE_CURVE('',#2736,#2798,#2883,.T.);
#2448=EDGE_CURVE('',#2759,#2794,#386,.F.);
#2449=EDGE_CURVE('',#2789,#2795,#387,.T.);
#2450=EDGE_CURVE('',#2794,#2790,#388,.T.);
#2451=EDGE_CURVE('',#2793,#2796,#389,.T.);
#2452=EDGE_CURVE('',#2791,#2798,#390,.T.);
#2453=EDGE_CURVE('',#2792,#2797,#391,.T.);
#2454=EDGE_CURVE('',#2781,#2788,#392,.T.);
#2455=EDGE_CURVE('',#2782,#2787,#393,.T.);
#2456=EDGE_CURVE('',#2783,#2786,#394,.T.);
#2457=EDGE_CURVE('',#2778,#2733,#2884,.T.);
#2458=EDGE_CURVE('',#2799,#2800,#395,.T.);
#2459=EDGE_CURVE('',#2799,#2801,#396,.T.);
#2460=EDGE_CURVE('',#2801,#2802,#397,.T.);
#2461=EDGE_CURVE('',#2802,#2800,#398,.T.);
#2462=EDGE_CURVE('',#2803,#2804,#399,.T.);
#2463=EDGE_CURVE('',#2803,#2799,#400,.T.);
#2464=EDGE_CURVE('',#2800,#2804,#401,.T.);
#2465=EDGE_CURVE('',#2805,#2806,#402,.T.);
#2466=EDGE_CURVE('',#2805,#2803,#403,.T.);
#2467=EDGE_CURVE('',#2804,#2806,#404,.T.);
#2468=EDGE_CURVE('',#2807,#2808,#405,.T.);
#2469=EDGE_CURVE('',#2807,#2805,#406,.T.);
#2470=EDGE_CURVE('',#2806,#2808,#407,.T.);
#2471=EDGE_CURVE('',#2809,#2810,#408,.T.);
#2472=EDGE_CURVE('',#2809,#2807,#409,.T.);
#2473=EDGE_CURVE('',#2808,#2810,#410,.T.);
#2474=EDGE_CURVE('',#2811,#2812,#411,.T.);
#2475=EDGE_CURVE('',#2811,#2809,#412,.T.);
#2476=EDGE_CURVE('',#2810,#2812,#413,.T.);
#2477=EDGE_CURVE('',#2801,#2811,#414,.T.);
#2478=EDGE_CURVE('',#2812,#2802,#415,.T.);
#2479=EDGE_CURVE('',#2805,#2766,#416,.F.);
#2480=EDGE_CURVE('',#2767,#2807,#417,.T.);
#2481=EDGE_CURVE('',#2768,#2809,#418,.T.);
#2482=EDGE_CURVE('',#2803,#2765,#419,.F.);
#2483=EDGE_CURVE('',#2762,#2811,#420,.T.);
#2484=EDGE_CURVE('',#2799,#2764,#421,.F.);
#2485=EDGE_CURVE('',#2763,#2801,#422,.F.);
#2486=EDGE_CURVE('',#2810,#2752,#423,.F.);
#2487=EDGE_CURVE('',#2753,#2808,#424,.T.);
#2488=EDGE_CURVE('',#2754,#2806,#425,.T.);
#2489=EDGE_CURVE('',#2812,#2751,#426,.F.);
#2490=EDGE_CURVE('',#2748,#2804,#427,.T.);
#2491=EDGE_CURVE('',#2802,#2750,#428,.F.);
#2492=EDGE_CURVE('',#2749,#2800,#429,.F.);
#2493=EDGE_CURVE('',#2813,#2813,#2885,.T.);
#2494=EDGE_CURVE('',#2814,#2814,#2886,.T.);
#2495=VERTEX_POINT('',#4877);
#2496=VERTEX_POINT('',#4879);
#2497=VERTEX_POINT('',#4882);
#2498=VERTEX_POINT('',#4884);
#2499=VERTEX_POINT('',#4887);
#2500=VERTEX_POINT('',#4890);
#2501=VERTEX_POINT('',#4892);
#2502=VERTEX_POINT('',#4896);
#2503=VERTEX_POINT('',#4900);
#2504=VERTEX_POINT('',#4905);
#2505=VERTEX_POINT('',#4906);
#2506=VERTEX_POINT('',#4908);
#2507=VERTEX_POINT('',#4910);
#2508=VERTEX_POINT('',#4914);
#2509=VERTEX_POINT('',#4916);
#2510=VERTEX_POINT('',#4918);
#2511=VERTEX_POINT('',#4920);
#2512=VERTEX_POINT('',#4922);
#2513=VERTEX_POINT('',#4924);
#2514=VERTEX_POINT('',#4926);
#2515=VERTEX_POINT('',#4928);
#2516=VERTEX_POINT('',#4930);
#2517=VERTEX_POINT('',#4932);
#2518=VERTEX_POINT('',#4934);
#2519=VERTEX_POINT('',#4936);
#2520=VERTEX_POINT('',#4938);
#2521=VERTEX_POINT('',#4940);
#2522=VERTEX_POINT('',#4944);
#2523=VERTEX_POINT('',#4946);
#2524=VERTEX_POINT('',#4950);
#2525=VERTEX_POINT('',#4951);
#2526=VERTEX_POINT('',#4953);
#2527=VERTEX_POINT('',#4955);
#2528=VERTEX_POINT('',#4959);
#2529=VERTEX_POINT('',#4960);
#2530=VERTEX_POINT('',#4962);
#2531=VERTEX_POINT('',#4964);
#2532=VERTEX_POINT('',#4966);
#2533=VERTEX_POINT('',#4968);
#2534=VERTEX_POINT('',#4970);
#2535=VERTEX_POINT('',#4975);
#2536=VERTEX_POINT('',#4976);
#2537=VERTEX_POINT('',#4980);
#2538=VERTEX_POINT('',#4982);
#2539=VERTEX_POINT('',#4984);
#2540=VERTEX_POINT('',#4986);
#2541=VERTEX_POINT('',#4988);
#2542=VERTEX_POINT('',#4990);
#2543=VERTEX_POINT('',#4993);
#2544=VERTEX_POINT('',#4995);
#2545=VERTEX_POINT('',#5032);
#2546=VERTEX_POINT('',#5034);
#2547=VERTEX_POINT('',#5038);
#2548=VERTEX_POINT('',#5042);
#2549=VERTEX_POINT('',#5046);
#2550=VERTEX_POINT('',#5050);
#2551=VERTEX_POINT('',#5054);
#2552=VERTEX_POINT('',#5062);
#2553=VERTEX_POINT('',#5063);
#2554=VERTEX_POINT('',#5065);
#2555=VERTEX_POINT('',#5067);
#2556=VERTEX_POINT('',#5071);
#2557=VERTEX_POINT('',#5073);
#2558=VERTEX_POINT('',#5075);
#2559=VERTEX_POINT('',#5077);
#2560=VERTEX_POINT('',#5079);
#2561=VERTEX_POINT('',#5081);
#2562=VERTEX_POINT('',#5083);
#2563=VERTEX_POINT('',#5085);
#2564=VERTEX_POINT('',#5089);
#2565=VERTEX_POINT('',#5093);
#2566=VERTEX_POINT('',#5099);
#2567=VERTEX_POINT('',#5101);
#2568=VERTEX_POINT('',#5105);
#2569=VERTEX_POINT('',#5107);
#2570=VERTEX_POINT('',#5111);
#2571=VERTEX_POINT('',#5115);
#2572=VERTEX_POINT('',#5123);
#2573=VERTEX_POINT('',#5124);
#2574=VERTEX_POINT('',#5126);
#2575=VERTEX_POINT('',#5128);
#2576=VERTEX_POINT('',#5132);
#2577=VERTEX_POINT('',#5134);
#2578=VERTEX_POINT('',#5136);
#2579=VERTEX_POINT('',#5138);
#2580=VERTEX_POINT('',#5140);
#2581=VERTEX_POINT('',#5142);
#2582=VERTEX_POINT('',#5144);
#2583=VERTEX_POINT('',#5146);
#2584=VERTEX_POINT('',#5150);
#2585=VERTEX_POINT('',#5154);
#2586=VERTEX_POINT('',#5160);
#2587=VERTEX_POINT('',#5162);
#2588=VERTEX_POINT('',#5166);
#2589=VERTEX_POINT('',#5168);
#2590=VERTEX_POINT('',#5172);
#2591=VERTEX_POINT('',#5176);
#2592=VERTEX_POINT('',#5184);
#2593=VERTEX_POINT('',#5186);
#2594=VERTEX_POINT('',#5188);
#2595=VERTEX_POINT('',#5189);
#2596=VERTEX_POINT('',#5191);
#2597=VERTEX_POINT('',#5193);
#2598=VERTEX_POINT('',#5195);
#2599=VERTEX_POINT('',#5197);
#2600=VERTEX_POINT('',#5199);
#2601=VERTEX_POINT('',#5201);
#2602=VERTEX_POINT('',#5204);
#2603=VERTEX_POINT('',#5205);
#2604=VERTEX_POINT('',#5207);
#2605=VERTEX_POINT('',#5209);
#2606=VERTEX_POINT('',#5211);
#2607=VERTEX_POINT('',#5213);
#2608=VERTEX_POINT('',#5215);
#2609=VERTEX_POINT('',#5217);
#2610=VERTEX_POINT('',#5220);
#2611=VERTEX_POINT('',#5221);
#2612=VERTEX_POINT('',#5223);
#2613=VERTEX_POINT('',#5225);
#2614=VERTEX_POINT('',#5227);
#2615=VERTEX_POINT('',#5229);
#2616=VERTEX_POINT('',#5231);
#2617=VERTEX_POINT('',#5233);
#2618=VERTEX_POINT('',#5237);
#2619=VERTEX_POINT('',#5239);
#2620=VERTEX_POINT('',#5243);
#2621=VERTEX_POINT('',#5244);
#2622=VERTEX_POINT('',#5249);
#2623=VERTEX_POINT('',#5251);
#2624=VERTEX_POINT('',#5255);
#2625=VERTEX_POINT('',#5257);
#2626=VERTEX_POINT('',#5259);
#2627=VERTEX_POINT('',#5261);
#2628=VERTEX_POINT('',#5267);
#2629=VERTEX_POINT('',#5269);
#2630=VERTEX_POINT('',#5273);
#2631=VERTEX_POINT('',#5275);
#2632=VERTEX_POINT('',#5279);
#2633=VERTEX_POINT('',#5281);
#2634=VERTEX_POINT('',#5285);
#2635=VERTEX_POINT('',#5287);
#2636=VERTEX_POINT('',#5295);
#2637=VERTEX_POINT('',#5297);
#2638=VERTEX_POINT('',#5301);
#2639=VERTEX_POINT('',#5305);
#2640=VERTEX_POINT('',#5312);
#2641=VERTEX_POINT('',#5314);
#2642=VERTEX_POINT('',#5318);
#2643=VERTEX_POINT('',#5319);
#2644=VERTEX_POINT('',#5322);
#2645=VERTEX_POINT('',#5326);
#2646=VERTEX_POINT('',#5330);
#2647=VERTEX_POINT('',#5331);
#2648=VERTEX_POINT('',#5340);
#2649=VERTEX_POINT('',#5341);
#2650=VERTEX_POINT('',#5346);
#2651=VERTEX_POINT('',#5350);
#2652=VERTEX_POINT('',#5364);
#2653=VERTEX_POINT('',#5367);
#2654=VERTEX_POINT('',#5373);
#2655=VERTEX_POINT('',#5374);
#2656=VERTEX_POINT('',#5376);
#2657=VERTEX_POINT('',#5378);
#2658=VERTEX_POINT('',#5382);
#2659=VERTEX_POINT('',#5384);
#2660=VERTEX_POINT('',#5386);
#2661=VERTEX_POINT('',#5388);
#2662=VERTEX_POINT('',#5390);
#2663=VERTEX_POINT('',#5392);
#2664=VERTEX_POINT('',#5394);
#2665=VERTEX_POINT('',#5396);
#2666=VERTEX_POINT('',#5398);
#2667=VERTEX_POINT('',#5400);
#2668=VERTEX_POINT('',#5402);
#2669=VERTEX_POINT('',#5404);
#2670=VERTEX_POINT('',#5406);
#2671=VERTEX_POINT('',#5408);
#2672=VERTEX_POINT('',#5412);
#2673=VERTEX_POINT('',#5414);
#2674=VERTEX_POINT('',#5418);
#2675=VERTEX_POINT('',#5419);
#2676=VERTEX_POINT('',#5421);
#2677=VERTEX_POINT('',#5423);
#2678=VERTEX_POINT('',#5427);
#2679=VERTEX_POINT('',#5428);
#2680=VERTEX_POINT('',#5430);
#2681=VERTEX_POINT('',#5432);
#2682=VERTEX_POINT('',#5434);
#2683=VERTEX_POINT('',#5436);
#2684=VERTEX_POINT('',#5438);
#2685=VERTEX_POINT('',#5443);
#2686=VERTEX_POINT('',#5444);
#2687=VERTEX_POINT('',#5448);
#2688=VERTEX_POINT('',#5450);
#2689=VERTEX_POINT('',#5452);
#2690=VERTEX_POINT('',#5454);
#2691=VERTEX_POINT('',#5456);
#2692=VERTEX_POINT('',#5458);
#2693=VERTEX_POINT('',#5461);
#2694=VERTEX_POINT('',#5463);
#2695=VERTEX_POINT('',#5467);
#2696=VERTEX_POINT('',#5468);
#2697=VERTEX_POINT('',#5470);
#2698=VERTEX_POINT('',#5472);
#2699=VERTEX_POINT('',#5476);
#2700=VERTEX_POINT('',#5478);
#2701=VERTEX_POINT('',#5482);
#2702=VERTEX_POINT('',#5484);
#2703=VERTEX_POINT('',#5488);
#2704=VERTEX_POINT('',#5490);
#2705=VERTEX_POINT('',#5494);
#2706=VERTEX_POINT('',#5496);
#2707=VERTEX_POINT('',#5500);
#2708=VERTEX_POINT('',#5502);
#2709=VERTEX_POINT('',#5509);
#2710=VERTEX_POINT('',#5510);
#2711=VERTEX_POINT('',#5512);
#2712=VERTEX_POINT('',#5514);
#2713=VERTEX_POINT('',#5516);
#2714=VERTEX_POINT('',#5518);
#2715=VERTEX_POINT('',#5520);
#2716=VERTEX_POINT('',#5586);
#2717=VERTEX_POINT('',#5587);
#2718=VERTEX_POINT('',#5589);
#2719=VERTEX_POINT('',#5592);
#2720=VERTEX_POINT('',#5593);
#2721=VERTEX_POINT('',#5595);
#2722=VERTEX_POINT('',#5597);
#2723=VERTEX_POINT('',#5599);
#2724=VERTEX_POINT('',#5603);
#2725=VERTEX_POINT('',#5604);
#2726=VERTEX_POINT('',#5606);
#2727=VERTEX_POINT('',#5608);
#2728=VERTEX_POINT('',#5610);
#2729=VERTEX_POINT('',#5612);
#2730=VERTEX_POINT('',#5614);
#2731=VERTEX_POINT('',#5616);
#2732=VERTEX_POINT('',#5618);
#2733=VERTEX_POINT('',#5626);
#2734=VERTEX_POINT('',#5627);
#2735=VERTEX_POINT('',#5630);
#2736=VERTEX_POINT('',#5632);
#2737=VERTEX_POINT('',#5634);
#2738=VERTEX_POINT('',#5638);
#2739=VERTEX_POINT('',#5639);
#2740=VERTEX_POINT('',#5641);
#2741=VERTEX_POINT('',#5643);
#2742=VERTEX_POINT('',#5645);
#2743=VERTEX_POINT('',#5647);
#2744=VERTEX_POINT('',#5913);
#2745=VERTEX_POINT('',#5914);
#2746=VERTEX_POINT('',#5916);
#2747=VERTEX_POINT('',#6041);
#2748=VERTEX_POINT('',#6045);
#2749=VERTEX_POINT('',#6046);
#2750=VERTEX_POINT('',#6048);
#2751=VERTEX_POINT('',#6050);
#2752=VERTEX_POINT('',#6052);
#2753=VERTEX_POINT('',#6054);
#2754=VERTEX_POINT('',#6056);
#2755=VERTEX_POINT('',#6059);
#2756=VERTEX_POINT('',#6060);
#2757=VERTEX_POINT('',#6062);
#2758=VERTEX_POINT('',#6065);
#2759=VERTEX_POINT('',#6067);
#2760=VERTEX_POINT('',#6071);
#2761=VERTEX_POINT('',#6202);
#2762=VERTEX_POINT('',#6207);
#2763=VERTEX_POINT('',#6208);
#2764=VERTEX_POINT('',#6210);
#2765=VERTEX_POINT('',#6212);
#2766=VERTEX_POINT('',#6214);
#2767=VERTEX_POINT('',#6216);
#2768=VERTEX_POINT('',#6218);
#2769=VERTEX_POINT('',#6221);
#2770=VERTEX_POINT('',#6222);
#2771=VERTEX_POINT('',#6225);
#2772=VERTEX_POINT('',#6227);
#2773=VERTEX_POINT('',#6230);
#2774=VERTEX_POINT('',#6232);
#2775=VERTEX_POINT('',#6234);
#2776=VERTEX_POINT('',#6237);
#2777=VERTEX_POINT('',#6506);
#2778=VERTEX_POINT('',#6510);
#2779=VERTEX_POINT('',#6522);
#2780=VERTEX_POINT('',#6524);
#2781=VERTEX_POINT('',#6527);
#2782=VERTEX_POINT('',#6529);
#2783=VERTEX_POINT('',#6531);
#2784=VERTEX_POINT('',#6535);
#2785=VERTEX_POINT('',#6536);
#2786=VERTEX_POINT('',#6539);
#2787=VERTEX_POINT('',#6541);
#2788=VERTEX_POINT('',#6543);
#2789=VERTEX_POINT('',#6551);
#2790=VERTEX_POINT('',#6553);
#2791=VERTEX_POINT('',#6556);
#2792=VERTEX_POINT('',#6558);
#2793=VERTEX_POINT('',#6560);
#2794=VERTEX_POINT('',#6564);
#2795=VERTEX_POINT('',#6565);
#2796=VERTEX_POINT('',#6568);
#2797=VERTEX_POINT('',#6570);
#2798=VERTEX_POINT('',#6572);
#2799=VERTEX_POINT('',#6599);
#2800=VERTEX_POINT('',#6600);
#2801=VERTEX_POINT('',#6602);
#2802=VERTEX_POINT('',#6604);
#2803=VERTEX_POINT('',#6608);
#2804=VERTEX_POINT('',#6609);
#2805=VERTEX_POINT('',#6614);
#2806=VERTEX_POINT('',#6615);
#2807=VERTEX_POINT('',#6620);
#2808=VERTEX_POINT('',#6621);
#2809=VERTEX_POINT('',#6626);
#2810=VERTEX_POINT('',#6627);
#2811=VERTEX_POINT('',#6632);
#2812=VERTEX_POINT('',#6633);
#2813=VERTEX_POINT('',#6670);
#2814=VERTEX_POINT('',#6672);
#2815=CIRCLE('',#3636,0.001);
#2816=CIRCLE('',#3637,0.001);
#2817=CIRCLE('',#3639,0.005);
#2818=CIRCLE('',#3640,0.005);
#2819=CIRCLE('',#3642,0.004);
#2820=CIRCLE('',#3644,0.002);
#2821=CIRCLE('',#3645,0.002);
#2822=CIRCLE('',#3648,0.0035);
#2823=CIRCLE('',#3651,0.004);
#2824=CIRCLE('',#3656,0.012);
#2825=CIRCLE('',#3659,0.01);
#2826=CIRCLE('',#3660,0.01);
#2827=CIRCLE('',#3662,0.01);
#2828=CIRCLE('',#3688,0.004);
#2829=CIRCLE('',#3689,0.004);
#2830=CIRCLE('',#3691,0.001);
#2831=CIRCLE('',#3692,0.001);
#2832=CIRCLE('',#3697,0.001);
#2833=CIRCLE('',#3699,0.001);
#2834=CIRCLE('',#3705,0.004);
#2835=CIRCLE('',#3706,0.004);
#2836=CIRCLE('',#3708,0.001);
#2837=CIRCLE('',#3709,0.001);
#2838=CIRCLE('',#3714,0.001);
#2839=CIRCLE('',#3716,0.001);
#2840=CIRCLE('',#3722,0.0039);
#2841=CIRCLE('',#3723,0.0039);
#2842=CIRCLE('',#3724,0.012);
#2843=CIRCLE('',#3725,0.012);
#2844=CIRCLE('',#3726,0.012);
#2845=CIRCLE('',#3727,0.012);
#2846=CIRCLE('',#3732,0.0025);
#2847=CIRCLE('',#3733,0.0025);
#2848=CIRCLE('',#3734,0.012);
#2849=CIRCLE('',#3735,0.012);
#2850=CIRCLE('',#3736,0.012);
#2851=CIRCLE('',#3737,0.012);
#2852=CIRCLE('',#3741,0.001);
#2853=CIRCLE('',#3742,0.001);
#2854=CIRCLE('',#3745,0.001);
#2855=CIRCLE('',#3747,0.001);
#2856=CIRCLE('',#3749,0.004);
#2857=CIRCLE('',#3752,0.004);
#2858=CIRCLE('',#3757,0.001);
#2859=CIRCLE('',#3758,0.001);
#2860=CIRCLE('',#3762,0.001);
#2861=CIRCLE('',#3764,0.001);
#2862=CIRCLE('',#3766,0.004);
#2863=CIRCLE('',#3769,0.004);
#2864=CIRCLE('',#3778,0.0025);
#2865=CIRCLE('',#3780,0.0025);
#2866=CIRCLE('',#3786,0.012);
#2867=CIRCLE('',#3789,0.01);
#2868=CIRCLE('',#3790,0.01);
#2869=CIRCLE('',#3792,0.01);
#2870=CIRCLE('',#3839,0.001);
#2871=CIRCLE('',#3841,0.001);
#2872=CIRCLE('',#3842,0.001);
#2873=CIRCLE('',#3847,0.0116200452704258);
#2874=CIRCLE('',#3849,0.01);
#2875=CIRCLE('',#3850,0.0116200452704258);
#2876=CIRCLE('',#3859,0.001);
#2877=CIRCLE('',#3860,0.001);
#2878=CIRCLE('',#3862,0.001);
#2879=CIRCLE('',#3863,0.001);
#2880=CIRCLE('',#3866,0.001);
#2881=CIRCLE('',#3867,0.001);
#2882=CIRCLE('',#3869,0.001);
#2883=CIRCLE('',#3870,0.001);
#2884=CIRCLE('',#3883,0.01);
#2885=CIRCLE('',#3908,0.00075);
#2886=CIRCLE('',#3909,0.00075);
#2887=EDGE_LOOP('',(#1025));
#2888=EDGE_LOOP('',(#1026));
#2889=EDGE_LOOP('',(#1027));
#2890=EDGE_LOOP('',(#1028));
#2891=EDGE_LOOP('',(#1029));
#2892=EDGE_LOOP('',(#1030));
#2893=EDGE_LOOP('',(#1031));
#2894=EDGE_LOOP('',(#1032));
#2895=EDGE_LOOP('',(#1033));
#2896=EDGE_LOOP('',(#1034));
#2897=EDGE_LOOP('',(#1035));
#2898=EDGE_LOOP('',(#1036));
#2899=EDGE_LOOP('',(#1037));
#2900=EDGE_LOOP('',(#1038));
#2901=EDGE_LOOP('',(#1039));
#2902=EDGE_LOOP('',(#1040));
#2903=EDGE_LOOP('',(#1041));
#2904=EDGE_LOOP('',(#1042));
#2905=EDGE_LOOP('',(#1043,#1044,#1045,#1046));
#2906=EDGE_LOOP('',(#1047,#1048,#1049,#1050,#1051,#1052,#1053,#1054,#1055,
#1056,#1057,#1058,#1059,#1060,#1061,#1062));
#2907=EDGE_LOOP('',(#1063,#1064,#1065,#1066));
#2908=EDGE_LOOP('',(#1067,#1068,#1069,#1070));
#2909=EDGE_LOOP('',(#1071,#1072,#1073,#1074,#1075,#1076,#1077));
#2910=EDGE_LOOP('',(#1078,#1079));
#2911=EDGE_LOOP('',(#1080,#1081,#1082,#1083,#1084,#1085,#1086,#1087,#1088,
#1089,#1090,#1091,#1092,#1093,#1094,#1095));
#2912=EDGE_LOOP('',(#1096,#1097,#1098,#1099,#1100));
#2913=EDGE_LOOP('',(#1101,#1102,#1103,#1104));
#2914=EDGE_LOOP('',(#1105,#1106,#1107,#1108,#1109));
#2915=EDGE_LOOP('',(#1110,#1111,#1112,#1113));
#2916=EDGE_LOOP('',(#1114,#1115,#1116,#1117));
#2917=EDGE_LOOP('',(#1118,#1119,#1120,#1121));
#2918=EDGE_LOOP('',(#1122,#1123,#1124,#1125));
#2919=EDGE_LOOP('',(#1126,#1127,#1128,#1129));
#2920=EDGE_LOOP('',(#1130,#1131,#1132,#1133));
#2921=EDGE_LOOP('',(#1134,#1135,#1136,#1137));
#2922=EDGE_LOOP('',(#1138,#1139,#1140,#1141));
#2923=EDGE_LOOP('',(#1142,#1143,#1144,#1145));
#2924=EDGE_LOOP('',(#1146,#1147,#1148,#1149));
#2925=EDGE_LOOP('',(#1150,#1151,#1152,#1153));
#2926=EDGE_LOOP('',(#1154,#1155,#1156,#1157));
#2927=EDGE_LOOP('',(#1158,#1159,#1160,#1161));
#2928=EDGE_LOOP('',(#1162,#1163,#1164,#1165));
#2929=EDGE_LOOP('',(#1166,#1167,#1168,#1169));
#2930=EDGE_LOOP('',(#1170,#1171,#1172,#1173));
#2931=EDGE_LOOP('',(#1174,#1175,#1176,#1177));
#2932=EDGE_LOOP('',(#1178,#1179,#1180,#1181));
#2933=EDGE_LOOP('',(#1182,#1183,#1184,#1185,#1186,#1187,#1188));
#2934=EDGE_LOOP('',(#1189,#1190,#1191,#1192));
#2935=EDGE_LOOP('',(#1193,#1194,#1195,#1196,#1197,#1198,#1199,#1200,#1201,
#1202));
#2936=EDGE_LOOP('',(#1203,#1204,#1205,#1206));
#2937=EDGE_LOOP('',(#1207,#1208,#1209,#1210));
#2938=EDGE_LOOP('',(#1211,#1212,#1213,#1214));
#2939=EDGE_LOOP('',(#1215,#1216,#1217,#1218));
#2940=EDGE_LOOP('',(#1219,#1220,#1221,#1222));
#2941=EDGE_LOOP('',(#1223,#1224,#1225,#1226));
#2942=EDGE_LOOP('',(#1227,#1228,#1229,#1230));
#2943=EDGE_LOOP('',(#1231,#1232,#1233,#1234,#1235,#1236));
#2944=EDGE_LOOP('',(#1237,#1238,#1239,#1240));
#2945=EDGE_LOOP('',(#1241,#1242,#1243,#1244));
#2946=EDGE_LOOP('',(#1245,#1246,#1247,#1248,#1249,#1250,#1251,#1252,#1253,
#1254));
#2947=EDGE_LOOP('',(#1255,#1256,#1257,#1258));
#2948=EDGE_LOOP('',(#1259,#1260,#1261,#1262));
#2949=EDGE_LOOP('',(#1263,#1264,#1265,#1266));
#2950=EDGE_LOOP('',(#1267,#1268,#1269,#1270));
#2951=EDGE_LOOP('',(#1271,#1272,#1273,#1274));
#2952=EDGE_LOOP('',(#1275,#1276,#1277,#1278));
#2953=EDGE_LOOP('',(#1279,#1280,#1281,#1282));
#2954=EDGE_LOOP('',(#1283,#1284,#1285,#1286,#1287,#1288));
#2955=EDGE_LOOP('',(#1289,#1290,#1291,#1292));
#2956=EDGE_LOOP('',(#1293));
#2957=EDGE_LOOP('',(#1294));
#2958=EDGE_LOOP('',(#1295,#1296,#1297,#1298,#1299,#1300,#1301,#1302));
#2959=EDGE_LOOP('',(#1303,#1304,#1305,#1306,#1307,#1308,#1309,#1310));
#2960=EDGE_LOOP('',(#1311,#1312,#1313,#1314,#1315,#1316,#1317,#1318));
#2961=EDGE_LOOP('',(#1319,#1320,#1321,#1322,#1323,#1324,#1325,#1326));
#2962=EDGE_LOOP('',(#1327,#1328,#1329,#1330,#1331,#1332,#1333,#1334));
#2963=EDGE_LOOP('',(#1335,#1336,#1337,#1338));
#2964=EDGE_LOOP('',(#1339,#1340,#1341,#1342));
#2965=EDGE_LOOP('',(#1343,#1344,#1345,#1346));
#2966=EDGE_LOOP('',(#1347));
#2967=EDGE_LOOP('',(#1348));
#2968=EDGE_LOOP('',(#1349,#1350,#1351,#1352,#1353,#1354,#1355,#1356));
#2969=EDGE_LOOP('',(#1357,#1358,#1359,#1360));
#2970=EDGE_LOOP('',(#1361,#1362,#1363,#1364));
#2971=EDGE_LOOP('',(#1365,#1366,#1367,#1368,#1369,#1370));
#2972=EDGE_LOOP('',(#1371,#1372,#1373,#1374));
#2973=EDGE_LOOP('',(#1375,#1376,#1377,#1378));
#2974=EDGE_LOOP('',(#1379,#1380,#1381,#1382));
#2975=EDGE_LOOP('',(#1383,#1384,#1385,#1386,#1387,#1388,#1389,#1390,#1391,
#1392));
#2976=EDGE_LOOP('',(#1393,#1394,#1395,#1396));
#2977=EDGE_LOOP('',(#1397,#1398,#1399,#1400));
#2978=EDGE_LOOP('',(#1401,#1402,#1403,#1404));
#2979=EDGE_LOOP('',(#1405,#1406,#1407,#1408));
#2980=EDGE_LOOP('',(#1409,#1410,#1411,#1412));
#2981=EDGE_LOOP('',(#1413,#1414,#1415,#1416,#1417,#1418));
#2982=EDGE_LOOP('',(#1419,#1420,#1421,#1422));
#2983=EDGE_LOOP('',(#1423,#1424,#1425,#1426));
#2984=EDGE_LOOP('',(#1427,#1428,#1429,#1430));
#2985=EDGE_LOOP('',(#1431,#1432,#1433,#1434));
#2986=EDGE_LOOP('',(#1435,#1436,#1437,#1438,#1439,#1440,#1441,#1442,#1443,
#1444));
#2987=EDGE_LOOP('',(#1445,#1446,#1447,#1448));
#2988=EDGE_LOOP('',(#1449,#1450,#1451,#1452));
#2989=EDGE_LOOP('',(#1453,#1454,#1455,#1456));
#2990=EDGE_LOOP('',(#1457,#1458,#1459,#1460));
#2991=EDGE_LOOP('',(#1461,#1462,#1463,#1464));
#2992=EDGE_LOOP('',(#1465,#1466,#1467,#1468));
#2993=EDGE_LOOP('',(#1469,#1470,#1471,#1472));
#2994=EDGE_LOOP('',(#1473,#1474,#1475,#1476));
#2995=EDGE_LOOP('',(#1477,#1478,#1479,#1480));
#2996=EDGE_LOOP('',(#1481));
#2997=EDGE_LOOP('',(#1482));
#2998=EDGE_LOOP('',(#1483));
#2999=EDGE_LOOP('',(#1484));
#3000=EDGE_LOOP('',(#1485));
#3001=EDGE_LOOP('',(#1486));
#3002=EDGE_LOOP('',(#1487));
#3003=EDGE_LOOP('',(#1488));
#3004=EDGE_LOOP('',(#1489,#1490,#1491,#1492));
#3005=EDGE_LOOP('',(#1493,#1494,#1495,#1496,#1497,#1498,#1499,#1500,#1501,
#1502,#1503,#1504,#1505,#1506,#1507,#1508));
#3006=EDGE_LOOP('',(#1509,#1510,#1511,#1512));
#3007=EDGE_LOOP('',(#1513,#1514,#1515,#1516));
#3008=EDGE_LOOP('',(#1517,#1518,#1519,#1520,#1521,#1522,#1523));
#3009=EDGE_LOOP('',(#1524,#1525));
#3010=EDGE_LOOP('',(#1526,#1527,#1528,#1529,#1530,#1531,#1532,#1533,#1534,
#1535,#1536,#1537,#1538,#1539,#1540,#1541));
#3011=EDGE_LOOP('',(#1542,#1543,#1544,#1545));
#3012=EDGE_LOOP('',(#1546,#1547,#1548,#1549));
#3013=EDGE_LOOP('',(#1550,#1551,#1552,#1553));
#3014=EDGE_LOOP('',(#1554,#1555,#1556,#1557));
#3015=EDGE_LOOP('',(#1558,#1559,#1560,#1561));
#3016=EDGE_LOOP('',(#1562,#1563,#1564,#1565));
#3017=EDGE_LOOP('',(#1566,#1567,#1568,#1569));
#3018=EDGE_LOOP('',(#1570,#1571,#1572,#1573,#1574,#1575,#1576));
#3019=EDGE_LOOP('',(#1577,#1578,#1579,#1580,#1581));
#3020=EDGE_LOOP('',(#1582,#1583,#1584,#1585));
#3021=EDGE_LOOP('',(#1586,#1587,#1588,#1589,#1590));
#3022=EDGE_LOOP('',(#1591,#1592,#1593,#1594));
#3023=EDGE_LOOP('',(#1595,#1596,#1597,#1598));
#3024=EDGE_LOOP('',(#1599,#1600,#1601,#1602));
#3025=EDGE_LOOP('',(#1603,#1604,#1605,#1606));
#3026=EDGE_LOOP('',(#1607,#1608,#1609,#1610));
#3027=EDGE_LOOP('',(#1611,#1612,#1613,#1614));
#3028=EDGE_LOOP('',(#1615,#1616,#1617,#1618));
#3029=EDGE_LOOP('',(#1619,#1620,#1621,#1622));
#3030=EDGE_LOOP('',(#1623,#1624,#1625,#1626));
#3031=EDGE_LOOP('',(#1627,#1628,#1629,#1630));
#3032=EDGE_LOOP('',(#1631,#1632,#1633,#1634));
#3033=EDGE_LOOP('',(#1635,#1636,#1637,#1638));
#3034=EDGE_LOOP('',(#1639,#1640,#1641,#1642));
#3035=EDGE_LOOP('',(#1643,#1644,#1645,#1646));
#3036=EDGE_LOOP('',(#1647,#1648,#1649,#1650));
#3037=EDGE_LOOP('',(#1651,#1652,#1653,#1654));
#3038=EDGE_LOOP('',(#1655,#1656,#1657,#1658));
#3039=EDGE_LOOP('',(#1659,#1660,#1661,#1662));
#3040=EDGE_LOOP('',(#1663,#1664,#1665,#1666));
#3041=EDGE_LOOP('',(#1667,#1668,#1669,#1670));
#3042=EDGE_LOOP('',(#1671,#1672,#1673,#1674));
#3043=EDGE_LOOP('',(#1675,#1676,#1677,#1678));
#3044=EDGE_LOOP('',(#1679,#1680,#1681,#1682));
#3045=EDGE_LOOP('',(#1683,#1684,#1685,#1686));
#3046=EDGE_LOOP('',(#1687,#1688,#1689,#1690));
#3047=EDGE_LOOP('',(#1691,#1692,#1693));
#3048=EDGE_LOOP('',(#1694,#1695,#1696,#1697,#1698));
#3049=EDGE_LOOP('',(#1699,#1700,#1701,#1702,#1703,#1704,#1705,#1706,#1707,
#1708));
#3050=EDGE_LOOP('',(#1709,#1710,#1711,#1712));
#3051=EDGE_LOOP('',(#1713,#1714,#1715,#1716,#1717,#1718,#1719,#1720));
#3052=EDGE_LOOP('',(#1721,#1722,#1723,#1724,#1725,#1726));
#3053=EDGE_LOOP('',(#1727,#1728,#1729,#1730));
#3054=EDGE_LOOP('',(#1731,#1732,#1733,#1734,#1735,#1736,#1737));
#3055=EDGE_LOOP('',(#1738,#1739,#1740,#1741,#1742,#1743,#1744,#1745,#1746,
#1747,#1748,#1749,#1750,#1751,#1752,#1753));
#3056=EDGE_LOOP('',(#1754,#1755,#1756,#1757,#1758,#1759,#1760));
#3057=EDGE_LOOP('',(#1761,#1762,#1763,#1764,#1765,#1766,#1767,#1768,#1769,
#1770,#1771,#1772,#1773,#1774));
#3058=EDGE_LOOP('',(#1775,#1776,#1777,#1778));
#3059=EDGE_LOOP('',(#1779,#1780,#1781,#1782,#1783));
#3060=EDGE_LOOP('',(#1784,#1785,#1786,#1787,#1788,#1789));
#3061=EDGE_LOOP('',(#1790,#1791,#1792,#1793));
#3062=EDGE_LOOP('',(#1794,#1795,#1796,#1797));
#3063=EDGE_LOOP('',(#1798,#1799,#1800,#1801,#1802));
#3064=EDGE_LOOP('',(#1803,#1804,#1805,#1806));
#3065=EDGE_LOOP('',(#1807,#1808,#1809,#1810));
#3066=EDGE_LOOP('',(#1811,#1812,#1813,#1814,#1815,#1816,#1817,#1818,#1819,
#1820,#1821));
#3067=EDGE_LOOP('',(#1822,#1823,#1824,#1825,#1826,#1827,#1828,#1829,#1830,
#1831,#1832));
#3068=EDGE_LOOP('',(#1833,#1834,#1835,#1836));
#3069=EDGE_LOOP('',(#1837,#1838,#1839,#1840,#1841,#1842,#1843,#1844,#1845,
#1846,#1847));
#3070=EDGE_LOOP('',(#1848,#1849,#1850,#1851,#1852,#1853,#1854,#1855,#1856,
#1857,#1858));
#3071=EDGE_LOOP('',(#1859,#1860,#1861,#1862));
#3072=EDGE_LOOP('',(#1863,#1864,#1865,#1866,#1867,#1868));
#3073=EDGE_LOOP('',(#1869,#1870,#1871,#1872));
#3074=EDGE_LOOP('',(#1873,#1874,#1875,#1876));
#3075=EDGE_LOOP('',(#1877,#1878,#1879,#1880));
#3076=EDGE_LOOP('',(#1881,#1882,#1883,#1884));
#3077=EDGE_LOOP('',(#1885,#1886,#1887,#1888,#1889,#1890));
#3078=EDGE_LOOP('',(#1891,#1892,#1893,#1894));
#3079=EDGE_LOOP('',(#1895,#1896,#1897,#1898));
#3080=EDGE_LOOP('',(#1899,#1900,#1901,#1902));
#3081=EDGE_LOOP('',(#1903,#1904,#1905,#1906));
#3082=EDGE_LOOP('',(#1907,#1908,#1909,#1910,#1911,#1912));
#3083=EDGE_LOOP('',(#1913,#1914,#1915,#1916));
#3084=EDGE_LOOP('',(#1917,#1918,#1919,#1920));
#3085=EDGE_LOOP('',(#1921,#1922,#1923,#1924));
#3086=EDGE_LOOP('',(#1925,#1926,#1927,#1928));
#3087=EDGE_LOOP('',(#1929,#1930,#1931,#1932));
#3088=EDGE_LOOP('',(#1933,#1934,#1935,#1936));
#3089=EDGE_LOOP('',(#1937,#1938,#1939,#1940));
#3090=EDGE_LOOP('',(#1941,#1942,#1943,#1944));
#3091=EDGE_LOOP('',(#1945,#1946,#1947,#1948));
#3092=EDGE_LOOP('',(#1949,#1950,#1951,#1952));
#3093=EDGE_LOOP('',(#1953,#1954,#1955,#1956));
#3094=EDGE_LOOP('',(#1957,#1958,#1959,#1960));
#3095=EDGE_LOOP('',(#1961,#1962,#1963,#1964));
#3096=EDGE_LOOP('',(#1965,#1966,#1967,#1968));
#3097=EDGE_LOOP('',(#1969,#1970,#1971,#1972));
#3098=EDGE_LOOP('',(#1973,#1974,#1975,#1976));
#3099=EDGE_LOOP('',(#1977,#1978,#1979,#1980));
#3100=EDGE_LOOP('',(#1981,#1982,#1983,#1984));
#3101=EDGE_LOOP('',(#1985,#1986,#1987,#1988));
#3102=EDGE_LOOP('',(#1989,#1990,#1991,#1992));
#3103=EDGE_LOOP('',(#1993,#1994,#1995,#1996));
#3104=EDGE_LOOP('',(#1997,#1998,#1999,#2000));
#3105=EDGE_LOOP('',(#2001));
#3106=EDGE_LOOP('',(#2002));
#3107=EDGE_LOOP('',(#2003));
#3108=EDGE_LOOP('',(#2004));
#3109=FACE_BOUND('',#2887,.T.);
#3110=FACE_BOUND('',#2888,.T.);
#3111=FACE_BOUND('',#2889,.T.);
#3112=FACE_BOUND('',#2890,.T.);
#3113=FACE_BOUND('',#2891,.T.);
#3114=FACE_BOUND('',#2892,.T.);
#3115=FACE_BOUND('',#2893,.T.);
#3116=FACE_BOUND('',#2894,.T.);
#3117=FACE_BOUND('',#2895,.T.);
#3118=FACE_BOUND('',#2896,.T.);
#3119=FACE_BOUND('',#2897,.T.);
#3120=FACE_BOUND('',#2898,.T.);
#3121=FACE_BOUND('',#2899,.T.);
#3122=FACE_BOUND('',#2900,.T.);
#3123=FACE_BOUND('',#2901,.T.);
#3124=FACE_BOUND('',#2902,.T.);
#3125=FACE_BOUND('',#2903,.T.);
#3126=FACE_BOUND('',#2904,.T.);
#3127=FACE_BOUND('',#2905,.T.);
#3128=FACE_BOUND('',#2906,.T.);
#3129=FACE_BOUND('',#2907,.T.);
#3130=FACE_BOUND('',#2908,.T.);
#3131=FACE_BOUND('',#2909,.T.);
#3132=FACE_BOUND('',#2910,.T.);
#3133=FACE_BOUND('',#2911,.T.);
#3134=FACE_BOUND('',#2912,.T.);
#3135=FACE_BOUND('',#2913,.T.);
#3136=FACE_BOUND('',#2914,.T.);
#3137=FACE_BOUND('',#2915,.T.);
#3138=FACE_BOUND('',#2916,.T.);
#3139=FACE_BOUND('',#2917,.T.);
#3140=FACE_BOUND('',#2918,.T.);
#3141=FACE_BOUND('',#2919,.T.);
#3142=FACE_BOUND('',#2920,.T.);
#3143=FACE_BOUND('',#2921,.T.);
#3144=FACE_BOUND('',#2922,.T.);
#3145=FACE_BOUND('',#2923,.T.);
#3146=FACE_BOUND('',#2924,.T.);
#3147=FACE_BOUND('',#2925,.T.);
#3148=FACE_BOUND('',#2926,.T.);
#3149=FACE_BOUND('',#2927,.T.);
#3150=FACE_BOUND('',#2928,.T.);
#3151=FACE_BOUND('',#2929,.T.);
#3152=FACE_BOUND('',#2930,.T.);
#3153=FACE_BOUND('',#2931,.T.);
#3154=FACE_BOUND('',#2932,.T.);
#3155=FACE_BOUND('',#2933,.T.);
#3156=FACE_BOUND('',#2934,.T.);
#3157=FACE_BOUND('',#2935,.T.);
#3158=FACE_BOUND('',#2936,.T.);
#3159=FACE_BOUND('',#2937,.T.);
#3160=FACE_BOUND('',#2938,.T.);
#3161=FACE_BOUND('',#2939,.T.);
#3162=FACE_BOUND('',#2940,.T.);
#3163=FACE_BOUND('',#2941,.T.);
#3164=FACE_BOUND('',#2942,.T.);
#3165=FACE_BOUND('',#2943,.T.);
#3166=FACE_BOUND('',#2944,.T.);
#3167=FACE_BOUND('',#2945,.T.);
#3168=FACE_BOUND('',#2946,.T.);
#3169=FACE_BOUND('',#2947,.T.);
#3170=FACE_BOUND('',#2948,.T.);
#3171=FACE_BOUND('',#2949,.T.);
#3172=FACE_BOUND('',#2950,.T.);
#3173=FACE_BOUND('',#2951,.T.);
#3174=FACE_BOUND('',#2952,.T.);
#3175=FACE_BOUND('',#2953,.T.);
#3176=FACE_BOUND('',#2954,.T.);
#3177=FACE_BOUND('',#2955,.T.);
#3178=FACE_BOUND('',#2956,.T.);
#3179=FACE_BOUND('',#2957,.T.);
#3180=FACE_BOUND('',#2958,.T.);
#3181=FACE_BOUND('',#2959,.T.);
#3182=FACE_BOUND('',#2960,.T.);
#3183=FACE_BOUND('',#2961,.T.);
#3184=FACE_BOUND('',#2962,.T.);
#3185=FACE_BOUND('',#2963,.T.);
#3186=FACE_BOUND('',#2964,.T.);
#3187=FACE_BOUND('',#2965,.T.);
#3188=FACE_BOUND('',#2966,.T.);
#3189=FACE_BOUND('',#2967,.T.);
#3190=FACE_BOUND('',#2968,.T.);
#3191=FACE_BOUND('',#2969,.T.);
#3192=FACE_BOUND('',#2970,.T.);
#3193=FACE_BOUND('',#2971,.T.);
#3194=FACE_BOUND('',#2972,.T.);
#3195=FACE_BOUND('',#2973,.T.);
#3196=FACE_BOUND('',#2974,.T.);
#3197=FACE_BOUND('',#2975,.T.);
#3198=FACE_BOUND('',#2976,.T.);
#3199=FACE_BOUND('',#2977,.T.);
#3200=FACE_BOUND('',#2978,.T.);
#3201=FACE_BOUND('',#2979,.T.);
#3202=FACE_BOUND('',#2980,.T.);
#3203=FACE_BOUND('',#2981,.T.);
#3204=FACE_BOUND('',#2982,.T.);
#3205=FACE_BOUND('',#2983,.T.);
#3206=FACE_BOUND('',#2984,.T.);
#3207=FACE_BOUND('',#2985,.T.);
#3208=FACE_BOUND('',#2986,.T.);
#3209=FACE_BOUND('',#2987,.T.);
#3210=FACE_BOUND('',#2988,.T.);
#3211=FACE_BOUND('',#2989,.T.);
#3212=FACE_BOUND('',#2990,.T.);
#3213=FACE_BOUND('',#2991,.T.);
#3214=FACE_BOUND('',#2992,.T.);
#3215=FACE_BOUND('',#2993,.T.);
#3216=FACE_BOUND('',#2994,.T.);
#3217=FACE_BOUND('',#2995,.T.);
#3218=FACE_BOUND('',#2996,.T.);
#3219=FACE_BOUND('',#2997,.T.);
#3220=FACE_BOUND('',#2998,.T.);
#3221=FACE_BOUND('',#2999,.T.);
#3222=FACE_BOUND('',#3000,.T.);
#3223=FACE_BOUND('',#3001,.T.);
#3224=FACE_BOUND('',#3002,.T.);
#3225=FACE_BOUND('',#3003,.T.);
#3226=FACE_BOUND('',#3004,.T.);
#3227=FACE_BOUND('',#3005,.T.);
#3228=FACE_BOUND('',#3006,.T.);
#3229=FACE_BOUND('',#3007,.T.);
#3230=FACE_BOUND('',#3008,.T.);
#3231=FACE_BOUND('',#3009,.T.);
#3232=FACE_BOUND('',#3010,.T.);
#3233=FACE_BOUND('',#3011,.T.);
#3234=FACE_BOUND('',#3012,.T.);
#3235=FACE_BOUND('',#3013,.T.);
#3236=FACE_BOUND('',#3014,.T.);
#3237=FACE_BOUND('',#3015,.T.);
#3238=FACE_BOUND('',#3016,.T.);
#3239=FACE_BOUND('',#3017,.T.);
#3240=FACE_BOUND('',#3018,.T.);
#3241=FACE_BOUND('',#3019,.T.);
#3242=FACE_BOUND('',#3020,.T.);
#3243=FACE_BOUND('',#3021,.T.);
#3244=FACE_BOUND('',#3022,.T.);
#3245=FACE_BOUND('',#3023,.T.);
#3246=FACE_BOUND('',#3024,.T.);
#3247=FACE_BOUND('',#3025,.T.);
#3248=FACE_BOUND('',#3026,.T.);
#3249=FACE_BOUND('',#3027,.T.);
#3250=FACE_BOUND('',#3028,.T.);
#3251=FACE_BOUND('',#3029,.T.);
#3252=FACE_BOUND('',#3030,.T.);
#3253=FACE_BOUND('',#3031,.T.);
#3254=FACE_BOUND('',#3032,.T.);
#3255=FACE_BOUND('',#3033,.T.);
#3256=FACE_BOUND('',#3034,.T.);
#3257=FACE_BOUND('',#3035,.T.);
#3258=FACE_BOUND('',#3036,.T.);
#3259=FACE_BOUND('',#3037,.T.);
#3260=FACE_BOUND('',#3038,.T.);
#3261=FACE_BOUND('',#3039,.T.);
#3262=FACE_BOUND('',#3040,.T.);
#3263=FACE_BOUND('',#3041,.T.);
#3264=FACE_BOUND('',#3042,.T.);
#3265=FACE_BOUND('',#3043,.T.);
#3266=FACE_BOUND('',#3044,.T.);
#3267=FACE_BOUND('',#3045,.T.);
#3268=FACE_BOUND('',#3046,.T.);
#3269=FACE_BOUND('',#3047,.T.);
#3270=FACE_BOUND('',#3048,.T.);
#3271=FACE_BOUND('',#3049,.T.);
#3272=FACE_BOUND('',#3050,.T.);
#3273=FACE_BOUND('',#3051,.T.);
#3274=FACE_BOUND('',#3052,.T.);
#3275=FACE_BOUND('',#3053,.T.);
#3276=FACE_BOUND('',#3054,.T.);
#3277=FACE_BOUND('',#3055,.T.);
#3278=FACE_BOUND('',#3056,.T.);
#3279=FACE_BOUND('',#3057,.T.);
#3280=FACE_BOUND('',#3058,.T.);
#3281=FACE_BOUND('',#3059,.T.);
#3282=FACE_BOUND('',#3060,.T.);
#3283=FACE_BOUND('',#3061,.T.);
#3284=FACE_BOUND('',#3062,.T.);
#3285=FACE_BOUND('',#3063,.T.);
#3286=FACE_BOUND('',#3064,.T.);
#3287=FACE_BOUND('',#3065,.T.);
#3288=FACE_BOUND('',#3066,.T.);
#3289=FACE_BOUND('',#3067,.T.);
#3290=FACE_BOUND('',#3068,.T.);
#3291=FACE_BOUND('',#3069,.T.);
#3292=FACE_BOUND('',#3070,.T.);
#3293=FACE_BOUND('',#3071,.T.);
#3294=FACE_BOUND('',#3072,.T.);
#3295=FACE_BOUND('',#3073,.T.);
#3296=FACE_BOUND('',#3074,.T.);
#3297=FACE_BOUND('',#3075,.T.);
#3298=FACE_BOUND('',#3076,.T.);
#3299=FACE_BOUND('',#3077,.T.);
#3300=FACE_BOUND('',#3078,.T.);
#3301=FACE_BOUND('',#3079,.T.);
#3302=FACE_BOUND('',#3080,.T.);
#3303=FACE_BOUND('',#3081,.T.);
#3304=FACE_BOUND('',#3082,.T.);
#3305=FACE_BOUND('',#3083,.T.);
#3306=FACE_BOUND('',#3084,.T.);
#3307=FACE_BOUND('',#3085,.T.);
#3308=FACE_BOUND('',#3086,.T.);
#3309=FACE_BOUND('',#3087,.T.);
#3310=FACE_BOUND('',#3088,.T.);
#3311=FACE_BOUND('',#3089,.T.);
#3312=FACE_BOUND('',#3090,.T.);
#3313=FACE_BOUND('',#3091,.T.);
#3314=FACE_BOUND('',#3092,.T.);
#3315=FACE_BOUND('',#3093,.T.);
#3316=FACE_BOUND('',#3094,.T.);
#3317=FACE_BOUND('',#3095,.T.);
#3318=FACE_BOUND('',#3096,.T.);
#3319=FACE_BOUND('',#3097,.T.);
#3320=FACE_BOUND('',#3098,.T.);
#3321=FACE_BOUND('',#3099,.T.);
#3322=FACE_BOUND('',#3100,.T.);
#3323=FACE_BOUND('',#3101,.T.);
#3324=FACE_BOUND('',#3102,.T.);
#3325=FACE_BOUND('',#3103,.T.);
#3326=FACE_BOUND('',#3104,.T.);
#3327=FACE_BOUND('',#3105,.T.);
#3328=FACE_BOUND('',#3106,.T.);
#3329=FACE_BOUND('',#3107,.T.);
#3330=FACE_BOUND('',#3108,.T.);
#3331=CYLINDRICAL_SURFACE('',#3635,0.001);
#3332=CYLINDRICAL_SURFACE('',#3638,0.005);
#3333=CYLINDRICAL_SURFACE('',#3643,0.002);
#3334=CYLINDRICAL_SURFACE('',#3650,0.004);
#3335=CYLINDRICAL_SURFACE('',#3658,0.01);
#3336=CYLINDRICAL_SURFACE('',#3687,0.004);
#3337=CYLINDRICAL_SURFACE('',#3696,0.001);
#3338=CYLINDRICAL_SURFACE('',#3698,0.001);
#3339=CYLINDRICAL_SURFACE('',#3704,0.004);
#3340=CYLINDRICAL_SURFACE('',#3713,0.001);
#3341=CYLINDRICAL_SURFACE('',#3715,0.001);
#3342=CYLINDRICAL_SURFACE('',#3744,0.001);
#3343=CYLINDRICAL_SURFACE('',#3746,0.001);
#3344=CYLINDRICAL_SURFACE('',#3754,0.004);
#3345=CYLINDRICAL_SURFACE('',#3761,0.001);
#3346=CYLINDRICAL_SURFACE('',#3763,0.001);
#3347=CYLINDRICAL_SURFACE('',#3771,0.004);
#3348=CYLINDRICAL_SURFACE('',#3773,0.012);
#3349=CYLINDRICAL_SURFACE('',#3774,0.012);
#3350=CYLINDRICAL_SURFACE('',#3775,0.012);
#3351=CYLINDRICAL_SURFACE('',#3776,0.012);
#3352=CYLINDRICAL_SURFACE('',#3777,0.0025);
#3353=CYLINDRICAL_SURFACE('',#3779,0.0025);
#3354=CYLINDRICAL_SURFACE('',#3788,0.01);
#3355=CYLINDRICAL_SURFACE('',#3816,0.001);
#3356=CYLINDRICAL_SURFACE('',#3819,0.001);
#3357=CYLINDRICAL_SURFACE('',#3821,0.001);
#3358=CYLINDRICAL_SURFACE('',#3823,0.001);
#3359=CYLINDRICAL_SURFACE('',#3825,0.001);
#3360=CYLINDRICAL_SURFACE('',#3827,0.001);
#3361=CYLINDRICAL_SURFACE('',#3829,0.001);
#3362=CYLINDRICAL_SURFACE('',#3853,0.0116200452704258);
#3363=CYLINDRICAL_SURFACE('',#3855,0.001);
#3364=CYLINDRICAL_SURFACE('',#3872,0.001);
#3365=CYLINDRICAL_SURFACE('',#3877,0.001);
#3366=CYLINDRICAL_SURFACE('',#3884,0.01);
#3367=CYLINDRICAL_SURFACE('',#3907,0.00075);
#3368=ADVANCED_FACE('',(#3109,#3110),#3331,.F.);
#3369=ADVANCED_FACE('',(#3111,#3112),#3332,.T.);
#3370=ADVANCED_FACE('',(#3113,#3114),#876,.F.);
#3371=ADVANCED_FACE('',(#3115,#3116),#3333,.T.);
#3372=ADVANCED_FACE('',(#3117,#3118),#877,.T.);
#3373=ADVANCED_FACE('',(#3119,#3120),#875,.F.);
#3374=ADVANCED_FACE('',(#3121,#3122),#874,.T.);
#3375=ADVANCED_FACE('',(#3123,#3124),#3334,.F.);
#3376=ADVANCED_FACE('',(#3125,#3126),#869,.F.);
#3377=ADVANCED_FACE('',(#3127),#878,.F.);
#3378=ADVANCED_FACE('',(#3128),#879,.T.);
#3379=ADVANCED_FACE('',(#3129),#880,.F.);
#3380=ADVANCED_FACE('',(#3130),#3335,.T.);
#3381=ADVANCED_FACE('',(#3131,#3132),#881,.T.);
#3382=ADVANCED_FACE('',(#3133),#882,.F.);
#3383=ADVANCED_FACE('',(#3134),#883,.F.);
#3384=ADVANCED_FACE('',(#3135),#884,.F.);
#3385=ADVANCED_FACE('',(#3136),#885,.T.);
#3386=ADVANCED_FACE('',(#3137),#870,.T.);
#3387=ADVANCED_FACE('',(#3138),#886,.F.);
#3388=ADVANCED_FACE('',(#3139),#887,.T.);
#3389=ADVANCED_FACE('',(#3140),#888,.T.);
#3390=ADVANCED_FACE('',(#3141),#889,.T.);
#3391=ADVANCED_FACE('',(#3142),#890,.F.);
#3392=ADVANCED_FACE('',(#3143),#891,.F.);
#3393=ADVANCED_FACE('',(#3144),#892,.T.);
#3394=ADVANCED_FACE('',(#3145),#893,.T.);
#3395=ADVANCED_FACE('',(#3146),#894,.F.);
#3396=ADVANCED_FACE('',(#3147),#895,.T.);
#3397=ADVANCED_FACE('',(#3148),#896,.F.);
#3398=ADVANCED_FACE('',(#3149),#897,.F.);
#3399=ADVANCED_FACE('',(#3150),#898,.F.);
#3400=ADVANCED_FACE('',(#3151),#899,.F.);
#3401=ADVANCED_FACE('',(#3152),#900,.F.);
#3402=ADVANCED_FACE('',(#3153),#901,.F.);
#3403=ADVANCED_FACE('',(#3154),#902,.F.);
#3404=ADVANCED_FACE('',(#3155),#903,.T.);
#3405=ADVANCED_FACE('',(#3156),#3336,.T.);
#3406=ADVANCED_FACE('',(#3157),#904,.F.);
#3407=ADVANCED_FACE('',(#3158),#905,.T.);
#3408=ADVANCED_FACE('',(#3159),#906,.F.);
#3409=ADVANCED_FACE('',(#3160),#907,.F.);
#3410=ADVANCED_FACE('',(#3161),#3337,.T.);
#3411=ADVANCED_FACE('',(#3162),#3338,.T.);
#3412=ADVANCED_FACE('',(#3163),#908,.F.);
#3413=ADVANCED_FACE('',(#3164),#909,.T.);
#3414=ADVANCED_FACE('',(#3165),#910,.F.);
#3415=ADVANCED_FACE('',(#3166),#911,.T.);
#3416=ADVANCED_FACE('',(#3167),#3339,.T.);
#3417=ADVANCED_FACE('',(#3168),#912,.T.);
#3418=ADVANCED_FACE('',(#3169),#913,.F.);
#3419=ADVANCED_FACE('',(#3170),#914,.T.);
#3420=ADVANCED_FACE('',(#3171),#915,.T.);
#3421=ADVANCED_FACE('',(#3172),#3340,.T.);
#3422=ADVANCED_FACE('',(#3173),#3341,.T.);
#3423=ADVANCED_FACE('',(#3174),#916,.T.);
#3424=ADVANCED_FACE('',(#3175),#917,.F.);
#3425=ADVANCED_FACE('',(#3176),#918,.T.);
#3426=ADVANCED_FACE('',(#3177),#919,.T.);
#3427=ADVANCED_FACE('',(#3178,#3179,#3180,#3181,#3182,#3183,#3184),#920,
 .T.);
#3428=ADVANCED_FACE('',(#3185),#921,.T.);
#3429=ADVANCED_FACE('',(#3186),#922,.F.);
#3430=ADVANCED_FACE('',(#3187),#923,.T.);
#3431=ADVANCED_FACE('',(#3188,#3189,#3190),#924,.F.);
#3432=ADVANCED_FACE('',(#3191),#925,.T.);
#3433=ADVANCED_FACE('',(#3192),#926,.F.);
#3434=ADVANCED_FACE('',(#3193),#927,.T.);
#3435=ADVANCED_FACE('',(#3194),#928,.T.);
#3436=ADVANCED_FACE('',(#3195),#3342,.T.);
#3437=ADVANCED_FACE('',(#3196),#3343,.T.);
#3438=ADVANCED_FACE('',(#3197),#929,.T.);
#3439=ADVANCED_FACE('',(#3198),#930,.F.);
#3440=ADVANCED_FACE('',(#3199),#931,.T.);
#3441=ADVANCED_FACE('',(#3200),#932,.T.);
#3442=ADVANCED_FACE('',(#3201),#3344,.T.);
#3443=ADVANCED_FACE('',(#3202),#933,.F.);
#3444=ADVANCED_FACE('',(#3203),#934,.F.);
#3445=ADVANCED_FACE('',(#3204),#935,.T.);
#3446=ADVANCED_FACE('',(#3205),#936,.T.);
#3447=ADVANCED_FACE('',(#3206),#3345,.T.);
#3448=ADVANCED_FACE('',(#3207),#3346,.T.);
#3449=ADVANCED_FACE('',(#3208),#937,.F.);
#3450=ADVANCED_FACE('',(#3209),#938,.F.);
#3451=ADVANCED_FACE('',(#3210),#939,.F.);
#3452=ADVANCED_FACE('',(#3211),#940,.T.);
#3453=ADVANCED_FACE('',(#3212),#3347,.T.);
#3454=ADVANCED_FACE('',(#3213),#941,.T.);
#3455=ADVANCED_FACE('',(#3214),#3348,.T.);
#3456=ADVANCED_FACE('',(#3215),#3349,.T.);
#3457=ADVANCED_FACE('',(#3216),#3350,.T.);
#3458=ADVANCED_FACE('',(#3217),#3351,.T.);
#3459=ADVANCED_FACE('',(#3218,#3219),#3352,.F.);
#3460=ADVANCED_FACE('',(#3220,#3221),#3353,.F.);
#3461=ADVANCED_FACE('',(#3222,#3223),#871,.F.);
#3462=ADVANCED_FACE('',(#3224,#3225),#872,.F.);
#3463=ADVANCED_FACE('',(#3226),#942,.F.);
#3464=ADVANCED_FACE('',(#3227),#943,.T.);
#3465=ADVANCED_FACE('',(#3228),#944,.F.);
#3466=ADVANCED_FACE('',(#3229),#3354,.T.);
#3467=ADVANCED_FACE('',(#3230,#3231),#945,.T.);
#3468=ADVANCED_FACE('',(#3232),#946,.F.);
#3469=ADVANCED_FACE('',(#3233),#947,.F.);
#3470=ADVANCED_FACE('',(#3234),#948,.F.);
#3471=ADVANCED_FACE('',(#3235),#949,.F.);
#3472=ADVANCED_FACE('',(#3236),#950,.F.);
#3473=ADVANCED_FACE('',(#3237),#951,.F.);
#3474=ADVANCED_FACE('',(#3238),#952,.F.);
#3475=ADVANCED_FACE('',(#3239),#953,.F.);
#3476=ADVANCED_FACE('',(#3240),#954,.T.);
#3477=ADVANCED_FACE('',(#3241),#955,.F.);
#3478=ADVANCED_FACE('',(#3242),#956,.F.);
#3479=ADVANCED_FACE('',(#3243),#957,.T.);
#3480=ADVANCED_FACE('',(#3244),#873,.T.);
#3481=ADVANCED_FACE('',(#3245),#958,.F.);
#3482=ADVANCED_FACE('',(#3246),#959,.T.);
#3483=ADVANCED_FACE('',(#3247),#960,.T.);
#3484=ADVANCED_FACE('',(#3248),#961,.T.);
#3485=ADVANCED_FACE('',(#3249),#962,.F.);
#3486=ADVANCED_FACE('',(#3250),#963,.F.);
#3487=ADVANCED_FACE('',(#3251),#964,.T.);
#3488=ADVANCED_FACE('',(#3252),#965,.T.);
#3489=ADVANCED_FACE('',(#3253),#966,.F.);
#3490=ADVANCED_FACE('',(#3254),#967,.T.);
#3491=ADVANCED_FACE('',(#3255),#3355,.T.);
#3492=ADVANCED_FACE('',(#3256),#3356,.T.);
#3493=ADVANCED_FACE('',(#3257),#3357,.T.);
#3494=ADVANCED_FACE('',(#3258),#3358,.T.);
#3495=ADVANCED_FACE('',(#3259),#3359,.T.);
#3496=ADVANCED_FACE('',(#3260),#3360,.T.);
#3497=ADVANCED_FACE('',(#3261),#3361,.T.);
#3498=ADVANCED_FACE('',(#3262),#968,.F.);
#3499=ADVANCED_FACE('',(#3263),#969,.F.);
#3500=ADVANCED_FACE('',(#3264),#970,.F.);
#3501=ADVANCED_FACE('',(#3265),#971,.F.);
#3502=ADVANCED_FACE('',(#3266),#972,.F.);
#3503=ADVANCED_FACE('',(#3267),#973,.F.);
#3504=ADVANCED_FACE('',(#3268),#974,.F.);
#3505=ADVANCED_FACE('',(#3269,#3270),#975,.T.);
#3506=ADVANCED_FACE('',(#3271),#976,.F.);
#3507=ADVANCED_FACE('',(#3272),#977,.T.);
#3508=ADVANCED_FACE('',(#3273),#978,.T.);
#3509=ADVANCED_FACE('',(#3274),#979,.T.);
#3510=ADVANCED_FACE('',(#3275),#10,.T.);
#3511=ADVANCED_FACE('',(#3276,#3277),#980,.T.);
#3512=ADVANCED_FACE('',(#3278,#3279),#981,.F.);
#3513=ADVANCED_FACE('',(#3280),#11,.T.);
#3514=ADVANCED_FACE('',(#3281),#982,.T.);
#3515=ADVANCED_FACE('',(#3282),#983,.F.);
#3516=ADVANCED_FACE('',(#3283),#3362,.T.);
#3517=ADVANCED_FACE('',(#3284),#984,.T.);
#3518=ADVANCED_FACE('',(#3285),#3363,.F.);
#3519=ADVANCED_FACE('',(#3286),#985,.T.);
#3520=ADVANCED_FACE('',(#3287),#986,.F.);
#3521=ADVANCED_FACE('',(#3288),#987,.F.);
#3522=ADVANCED_FACE('',(#3289),#988,.T.);
#3523=ADVANCED_FACE('',(#3290),#989,.T.);
#3524=ADVANCED_FACE('',(#3291),#990,.F.);
#3525=ADVANCED_FACE('',(#3292),#991,.T.);
#3526=ADVANCED_FACE('',(#3293),#992,.T.);
#3527=ADVANCED_FACE('',(#3294),#3364,.F.);
#3528=ADVANCED_FACE('',(#3295),#993,.F.);
#3529=ADVANCED_FACE('',(#3296),#994,.F.);
#3530=ADVANCED_FACE('',(#3297),#995,.F.);
#3531=ADVANCED_FACE('',(#3298),#996,.F.);
#3532=ADVANCED_FACE('',(#3299),#3365,.F.);
#3533=ADVANCED_FACE('',(#3300),#997,.T.);
#3534=ADVANCED_FACE('',(#3301),#998,.F.);
#3535=ADVANCED_FACE('',(#3302),#999,.T.);
#3536=ADVANCED_FACE('',(#3303),#1000,.F.);
#3537=ADVANCED_FACE('',(#3304),#1001,.F.);
#3538=ADVANCED_FACE('',(#3305),#3366,.T.);
#3539=ADVANCED_FACE('',(#3306),#1002,.F.);
#3540=ADVANCED_FACE('',(#3307),#1003,.F.);
#3541=ADVANCED_FACE('',(#3308),#1004,.F.);
#3542=ADVANCED_FACE('',(#3309),#1005,.F.);
#3543=ADVANCED_FACE('',(#3310),#1006,.F.);
#3544=ADVANCED_FACE('',(#3311),#1007,.F.);
#3545=ADVANCED_FACE('',(#3312),#1008,.F.);
#3546=ADVANCED_FACE('',(#3313),#1009,.F.);
#3547=ADVANCED_FACE('',(#3314),#1010,.F.);
#3548=ADVANCED_FACE('',(#3315),#1011,.F.);
#3549=ADVANCED_FACE('',(#3316),#1012,.F.);
#3550=ADVANCED_FACE('',(#3317),#1013,.F.);
#3551=ADVANCED_FACE('',(#3318),#1014,.F.);
#3552=ADVANCED_FACE('',(#3319),#1015,.F.);
#3553=ADVANCED_FACE('',(#3320),#1016,.T.);
#3554=ADVANCED_FACE('',(#3321),#1017,.T.);
#3555=ADVANCED_FACE('',(#3322),#1018,.T.);
#3556=ADVANCED_FACE('',(#3323),#1019,.T.);
#3557=ADVANCED_FACE('',(#3324),#1020,.T.);
#3558=ADVANCED_FACE('',(#3325),#1021,.T.);
#3559=ADVANCED_FACE('',(#3326),#1022,.T.);
#3560=ADVANCED_FACE('',(#3327,#3328),#3367,.T.);
#3561=ADVANCED_FACE('',(#3329),#1023,.T.);
#3562=ADVANCED_FACE('',(#3330),#1024,.F.);
#3563=CLOSED_SHELL('',(#3368,#3369,#3370,#3371,#3372,#3373,#3374,#3375,
#3376));
#3564=CLOSED_SHELL('',(#3377,#3378,#3379,#3380,#3381,#3382,#3383,#3384,
#3385,#3386,#3387,#3388,#3389,#3390,#3391,#3392,#3393,#3394,#3395,#3396,
#3397,#3398,#3399,#3400,#3401,#3402,#3403,#3404));
#3565=CLOSED_SHELL('',(#3405,#3406,#3407,#3408,#3409,#3410,#3411,#3412,
#3413,#3414,#3415,#3416,#3417,#3418,#3419,#3420,#3421,#3422,#3423,#3424,
#3425,#3426,#3427,#3428,#3429,#3430,#3431,#3432,#3433,#3434,#3435,#3436,
#3437,#3438,#3439,#3440,#3441,#3442,#3443,#3444,#3445,#3446,#3447,#3448,
#3449,#3450,#3451,#3452,#3453,#3454,#3455,#3456,#3457,#3458,#3459,#3460,
#3461,#3462));
#3566=CLOSED_SHELL('',(#3463,#3464,#3465,#3466,#3467,#3468,#3469,#3470,
#3471,#3472,#3473,#3474,#3475,#3476,#3477,#3478,#3479,#3480,#3481,#3482,
#3483,#3484,#3485,#3486,#3487,#3488,#3489,#3490,#3491,#3492,#3493,#3494,
#3495,#3496,#3497,#3498,#3499,#3500,#3501,#3502,#3503,#3504));
#3567=CLOSED_SHELL('',(#3505,#3506,#3507,#3508,#3509,#3510,#3511,#3512,
#3513,#3514,#3515,#3516,#3517,#3518,#3519,#3520,#3521,#3522,#3523,#3524,
#3525,#3526,#3527,#3528,#3529,#3530,#3531,#3532,#3533,#3534,#3535,#3536,
#3537,#3538,#3539,#3540,#3541,#3542,#3543,#3544,#3545,#3546,#3547,#3548,
#3549,#3550,#3551,#3552,#3553,#3554,#3555,#3556,#3557,#3558,#3559));
#3568=CLOSED_SHELL('',(#3560,#3561,#3562));
#3569=STYLED_ITEM('',(#3575),#3614);
#3570=STYLED_ITEM('',(#3576),#3615);
#3571=STYLED_ITEM('',(#3577),#3616);
#3572=STYLED_ITEM('',(#3578),#3617);
#3573=STYLED_ITEM('',(#3579),#3618);
#3574=STYLED_ITEM('',(#3580),#3619);
#3575=PRESENTATION_STYLE_ASSIGNMENT((#3581));
#3576=PRESENTATION_STYLE_ASSIGNMENT((#3582));
#3577=PRESENTATION_STYLE_ASSIGNMENT((#3583));
#3578=PRESENTATION_STYLE_ASSIGNMENT((#3584));
#3579=PRESENTATION_STYLE_ASSIGNMENT((#3585));
#3580=PRESENTATION_STYLE_ASSIGNMENT((#3586));
#3581=SURFACE_STYLE_USAGE(.BOTH.,#3587);
#3582=SURFACE_STYLE_USAGE(.BOTH.,#3588);
#3583=SURFACE_STYLE_USAGE(.BOTH.,#3589);
#3584=SURFACE_STYLE_USAGE(.BOTH.,#3590);
#3585=SURFACE_STYLE_USAGE(.BOTH.,#3591);
#3586=SURFACE_STYLE_USAGE(.BOTH.,#3592);
#3587=SURFACE_SIDE_STYLE('',(#3593));
#3588=SURFACE_SIDE_STYLE('',(#3594));
#3589=SURFACE_SIDE_STYLE('',(#3595));
#3590=SURFACE_SIDE_STYLE('',(#3596));
#3591=SURFACE_SIDE_STYLE('',(#3597));
#3592=SURFACE_SIDE_STYLE('',(#3598));
#3593=SURFACE_STYLE_FILL_AREA(#3599);
#3594=SURFACE_STYLE_FILL_AREA(#3600);
#3595=SURFACE_STYLE_FILL_AREA(#3601);
#3596=SURFACE_STYLE_FILL_AREA(#3602);
#3597=SURFACE_STYLE_FILL_AREA(#3603);
#3598=SURFACE_STYLE_FILL_AREA(#3604);
#3599=FILL_AREA_STYLE('',(#3605));
#3600=FILL_AREA_STYLE('',(#3606));
#3601=FILL_AREA_STYLE('',(#3607));
#3602=FILL_AREA_STYLE('',(#3608));
#3603=FILL_AREA_STYLE('',(#3609));
#3604=FILL_AREA_STYLE('',(#3610));
#3605=FILL_AREA_STYLE_COLOUR('',#3611);
#3606=FILL_AREA_STYLE_COLOUR('',#3612);
#3607=FILL_AREA_STYLE_COLOUR('',#3612);
#3608=FILL_AREA_STYLE_COLOUR('',#3612);
#3609=FILL_AREA_STYLE_COLOUR('',#3611);
#3610=FILL_AREA_STYLE_COLOUR('',#3613);
#3611=COLOUR_RGB('',0.972549019607843,0.529411764705882,0.00392156862745098);
#3612=COLOUR_RGB('',0.262745098039216,0.282352941176471,0.301960784313725);
#3613=COLOUR_RGB('',0.901960784313726,0.901960784313726,0.901960784313726);
#3614=MANIFOLD_SOLID_BREP('Part 1',#3563);
#3615=MANIFOLD_SOLID_BREP('Part 1',#3564);
#3616=MANIFOLD_SOLID_BREP('Part 1',#3565);
#3617=MANIFOLD_SOLID_BREP('Part 1',#3566);
#3618=MANIFOLD_SOLID_BREP('Part 1',#3567);
#3619=MANIFOLD_SOLID_BREP('Part 1',#3568);
#3620=SHAPE_DEFINITION_REPRESENTATION(#6694,#3627);
#3621=SHAPE_DEFINITION_REPRESENTATION(#6695,#3628);
#3622=SHAPE_DEFINITION_REPRESENTATION(#6697,#3629);
#3623=SHAPE_DEFINITION_REPRESENTATION(#6699,#3630);
#3624=SHAPE_DEFINITION_REPRESENTATION(#6701,#3631);
#3625=SHAPE_DEFINITION_REPRESENTATION(#6703,#3632);
#3626=SHAPE_DEFINITION_REPRESENTATION(#6705,#3633);
#3627=SHAPE_REPRESENTATION('Assembly 1',(#3634,#3653,#3686,#3783,#3837,
#3906,#3912),#6677);
#3628=SHAPE_REPRESENTATION('Part 1',(#3634),#6678);
#3629=SHAPE_REPRESENTATION('Part 1',(#3634),#6679);
#3630=SHAPE_REPRESENTATION('Part 1',(#3634),#6680);
#3631=SHAPE_REPRESENTATION('Part 1',(#3634),#6681);
#3632=SHAPE_REPRESENTATION('Part 1',(#3634),#6682);
#3633=SHAPE_REPRESENTATION('Part 1',(#3634),#6683);
#3634=AXIS2_PLACEMENT_3D('',#4874,#3913,#3914);
#3635=AXIS2_PLACEMENT_3D('',#4875,#3915,#3916);
#3636=AXIS2_PLACEMENT_3D('',#4876,#3917,#3918);
#3637=AXIS2_PLACEMENT_3D('',#4878,#3919,#3920);
#3638=AXIS2_PLACEMENT_3D('',#4880,#3921,#3922);
#3639=AXIS2_PLACEMENT_3D('',#4881,#3923,#3924);
#3640=AXIS2_PLACEMENT_3D('',#4883,#3925,#3926);
#3641=AXIS2_PLACEMENT_3D('',#4885,#3927,#3928);
#3642=AXIS2_PLACEMENT_3D('',#4886,#3929,#3930);
#3643=AXIS2_PLACEMENT_3D('',#4888,#3931,#3932);
#3644=AXIS2_PLACEMENT_3D('',#4889,#3933,#3934);
#3645=AXIS2_PLACEMENT_3D('',#4891,#3935,#3936);
#3646=AXIS2_PLACEMENT_3D('',#4893,#3937,#3938);
#3647=AXIS2_PLACEMENT_3D('',#4894,#3939,#3940);
#3648=AXIS2_PLACEMENT_3D('',#4895,#3941,#3942);
#3649=AXIS2_PLACEMENT_3D('',#4897,#3943,#3944);
#3650=AXIS2_PLACEMENT_3D('',#4898,#3945,#3946);
#3651=AXIS2_PLACEMENT_3D('',#4899,#3947,#3948);
#3652=AXIS2_PLACEMENT_3D('',#4901,#3949,#3950);
#3653=AXIS2_PLACEMENT_3D('',#4902,#3951,#3952);
#3654=AXIS2_PLACEMENT_3D('',#4903,#3953,#3954);
#3655=AXIS2_PLACEMENT_3D('',#4912,#3959,#3960);
#3656=AXIS2_PLACEMENT_3D('',#4939,#3974,#3975);
#3657=AXIS2_PLACEMENT_3D('',#4942,#3977,#3978);
#3658=AXIS2_PLACEMENT_3D('',#4948,#3982,#3983);
#3659=AXIS2_PLACEMENT_3D('',#4949,#3984,#3985);
#3660=AXIS2_PLACEMENT_3D('',#4954,#3987,#3988);
#3661=AXIS2_PLACEMENT_3D('',#4957,#3990,#3991);
#3662=AXIS2_PLACEMENT_3D('',#4972,#3999,#4000);
#3663=AXIS2_PLACEMENT_3D('',#4973,#4001,#4002);
#3664=AXIS2_PLACEMENT_3D('',#4997,#4016,#4017);
#3665=AXIS2_PLACEMENT_3D('',#5003,#4018,#4019);
#3666=AXIS2_PLACEMENT_3D('',#5006,#4022,#4023);
#3667=AXIS2_PLACEMENT_3D('',#5011,#4024,#4025);
#3668=AXIS2_PLACEMENT_3D('',#5012,#4026,#4027);
#3669=AXIS2_PLACEMENT_3D('',#5015,#4030,#4031);
#3670=AXIS2_PLACEMENT_3D('',#5018,#4034,#4035);
#3671=AXIS2_PLACEMENT_3D('',#5019,#4036,#4037);
#3672=AXIS2_PLACEMENT_3D('',#5020,#4038,#4039);
#3673=AXIS2_PLACEMENT_3D('',#5021,#4040,#4041);
#3674=AXIS2_PLACEMENT_3D('',#5024,#4044,#4045);
#3675=AXIS2_PLACEMENT_3D('',#5027,#4048,#4049);
#3676=AXIS2_PLACEMENT_3D('',#5028,#4050,#4051);
#3677=AXIS2_PLACEMENT_3D('',#5029,#4052,#4053);
#3678=AXIS2_PLACEMENT_3D('',#5030,#4054,#4055);
#3679=AXIS2_PLACEMENT_3D('',#5036,#4059,#4060);
#3680=AXIS2_PLACEMENT_3D('',#5040,#4063,#4064);
#3681=AXIS2_PLACEMENT_3D('',#5044,#4067,#4068);
#3682=AXIS2_PLACEMENT_3D('',#5048,#4071,#4072);
#3683=AXIS2_PLACEMENT_3D('',#5052,#4075,#4076);
#3684=AXIS2_PLACEMENT_3D('',#5056,#4079,#4080);
#3685=AXIS2_PLACEMENT_3D('',#5058,#4082,#4083);
#3686=AXIS2_PLACEMENT_3D('',#5059,#4084,#4085);
#3687=AXIS2_PLACEMENT_3D('',#5060,#4086,#4087);
#3688=AXIS2_PLACEMENT_3D('',#5061,#4088,#4089);
#3689=AXIS2_PLACEMENT_3D('',#5066,#4091,#4092);
#3690=AXIS2_PLACEMENT_3D('',#5069,#4094,#4095);
#3691=AXIS2_PLACEMENT_3D('',#5076,#4099,#4100);
#3692=AXIS2_PLACEMENT_3D('',#5080,#4102,#4103);
#3693=AXIS2_PLACEMENT_3D('',#5087,#4107,#4108);
#3694=AXIS2_PLACEMENT_3D('',#5091,#4111,#4112);
#3695=AXIS2_PLACEMENT_3D('',#5095,#4115,#4116);
#3696=AXIS2_PLACEMENT_3D('',#5097,#4118,#4119);
#3697=AXIS2_PLACEMENT_3D('',#5100,#4121,#4122);
#3698=AXIS2_PLACEMENT_3D('',#5103,#4124,#4125);
#3699=AXIS2_PLACEMENT_3D('',#5106,#4127,#4128);
#3700=AXIS2_PLACEMENT_3D('',#5109,#4130,#4131);
#3701=AXIS2_PLACEMENT_3D('',#5113,#4134,#4135);
#3702=AXIS2_PLACEMENT_3D('',#5117,#4138,#4139);
#3703=AXIS2_PLACEMENT_3D('',#5120,#4142,#4143);
#3704=AXIS2_PLACEMENT_3D('',#5121,#4144,#4145);
#3705=AXIS2_PLACEMENT_3D('',#5125,#4147,#4148);
#3706=AXIS2_PLACEMENT_3D('',#5129,#4150,#4151);
#3707=AXIS2_PLACEMENT_3D('',#5130,#4152,#4153);
#3708=AXIS2_PLACEMENT_3D('',#5137,#4157,#4158);
#3709=AXIS2_PLACEMENT_3D('',#5141,#4160,#4161);
#3710=AXIS2_PLACEMENT_3D('',#5148,#4165,#4166);
#3711=AXIS2_PLACEMENT_3D('',#5152,#4169,#4170);
#3712=AXIS2_PLACEMENT_3D('',#5156,#4173,#4174);
#3713=AXIS2_PLACEMENT_3D('',#5158,#4176,#4177);
#3714=AXIS2_PLACEMENT_3D('',#5161,#4179,#4180);
#3715=AXIS2_PLACEMENT_3D('',#5164,#4182,#4183);
#3716=AXIS2_PLACEMENT_3D('',#5167,#4185,#4186);
#3717=AXIS2_PLACEMENT_3D('',#5170,#4188,#4189);
#3718=AXIS2_PLACEMENT_3D('',#5174,#4192,#4193);
#3719=AXIS2_PLACEMENT_3D('',#5178,#4196,#4197);
#3720=AXIS2_PLACEMENT_3D('',#5181,#4200,#4201);
#3721=AXIS2_PLACEMENT_3D('',#5182,#4202,#4203);
#3722=AXIS2_PLACEMENT_3D('',#5183,#4204,#4205);
#3723=AXIS2_PLACEMENT_3D('',#5185,#4206,#4207);
#3724=AXIS2_PLACEMENT_3D('',#5206,#4217,#4218);
#3725=AXIS2_PLACEMENT_3D('',#5210,#4220,#4221);
#3726=AXIS2_PLACEMENT_3D('',#5214,#4223,#4224);
#3727=AXIS2_PLACEMENT_3D('',#5218,#4226,#4227);
#3728=AXIS2_PLACEMENT_3D('',#5235,#4236,#4237);
#3729=AXIS2_PLACEMENT_3D('',#5241,#4241,#4242);
#3730=AXIS2_PLACEMENT_3D('',#5247,#4246,#4247);
#3731=AXIS2_PLACEMENT_3D('',#5253,#4251,#4252);
#3732=AXIS2_PLACEMENT_3D('',#5254,#4253,#4254);
#3733=AXIS2_PLACEMENT_3D('',#5256,#4255,#4256);
#3734=AXIS2_PLACEMENT_3D('',#5258,#4257,#4258);
#3735=AXIS2_PLACEMENT_3D('',#5262,#4260,#4261);
#3736=AXIS2_PLACEMENT_3D('',#5263,#4262,#4263);
#3737=AXIS2_PLACEMENT_3D('',#5264,#4264,#4265);
#3738=AXIS2_PLACEMENT_3D('',#5265,#4266,#4267);
#3739=AXIS2_PLACEMENT_3D('',#5271,#4271,#4272);
#3740=AXIS2_PLACEMENT_3D('',#5277,#4276,#4277);
#3741=AXIS2_PLACEMENT_3D('',#5278,#4278,#4279);
#3742=AXIS2_PLACEMENT_3D('',#5282,#4281,#4282);
#3743=AXIS2_PLACEMENT_3D('',#5283,#4283,#4284);
#3744=AXIS2_PLACEMENT_3D('',#5289,#4288,#4289);
#3745=AXIS2_PLACEMENT_3D('',#5290,#4290,#4291);
#3746=AXIS2_PLACEMENT_3D('',#5291,#4292,#4293);
#3747=AXIS2_PLACEMENT_3D('',#5292,#4294,#4295);
#3748=AXIS2_PLACEMENT_3D('',#5293,#4296,#4297);
#3749=AXIS2_PLACEMENT_3D('',#5296,#4299,#4300);
#3750=AXIS2_PLACEMENT_3D('',#5299,#4302,#4303);
#3751=AXIS2_PLACEMENT_3D('',#5303,#4306,#4307);
#3752=AXIS2_PLACEMENT_3D('',#5304,#4308,#4309);
#3753=AXIS2_PLACEMENT_3D('',#5307,#4311,#4312);
#3754=AXIS2_PLACEMENT_3D('',#5309,#4314,#4315);
#3755=AXIS2_PLACEMENT_3D('',#5310,#4316,#4317);
#3756=AXIS2_PLACEMENT_3D('',#5316,#4321,#4322);
#3757=AXIS2_PLACEMENT_3D('',#5320,#4324,#4325);
#3758=AXIS2_PLACEMENT_3D('',#5323,#4327,#4328);
#3759=AXIS2_PLACEMENT_3D('',#5324,#4329,#4330);
#3760=AXIS2_PLACEMENT_3D('',#5328,#4333,#4334);
#3761=AXIS2_PLACEMENT_3D('',#5334,#4338,#4339);
#3762=AXIS2_PLACEMENT_3D('',#5335,#4340,#4341);
#3763=AXIS2_PLACEMENT_3D('',#5336,#4342,#4343);
#3764=AXIS2_PLACEMENT_3D('',#5337,#4344,#4345);
#3765=AXIS2_PLACEMENT_3D('',#5338,#4346,#4347);
#3766=AXIS2_PLACEMENT_3D('',#5339,#4348,#4349);
#3767=AXIS2_PLACEMENT_3D('',#5344,#4352,#4353);
#3768=AXIS2_PLACEMENT_3D('',#5348,#4356,#4357);
#3769=AXIS2_PLACEMENT_3D('',#5351,#4359,#4360);
#3770=AXIS2_PLACEMENT_3D('',#5352,#4361,#4362);
#3771=AXIS2_PLACEMENT_3D('',#5354,#4364,#4365);
#3772=AXIS2_PLACEMENT_3D('',#5355,#4366,#4367);
#3773=AXIS2_PLACEMENT_3D('',#5358,#4370,#4371);
#3774=AXIS2_PLACEMENT_3D('',#5359,#4372,#4373);
#3775=AXIS2_PLACEMENT_3D('',#5360,#4374,#4375);
#3776=AXIS2_PLACEMENT_3D('',#5361,#4376,#4377);
#3777=AXIS2_PLACEMENT_3D('',#5362,#4378,#4379);
#3778=AXIS2_PLACEMENT_3D('',#5363,#4380,#4381);
#3779=AXIS2_PLACEMENT_3D('',#5365,#4382,#4383);
#3780=AXIS2_PLACEMENT_3D('',#5366,#4384,#4385);
#3781=AXIS2_PLACEMENT_3D('',#5368,#4386,#4387);
#3782=AXIS2_PLACEMENT_3D('',#5369,#4388,#4389);
#3783=AXIS2_PLACEMENT_3D('',#5370,#4390,#4391);
#3784=AXIS2_PLACEMENT_3D('',#5371,#4392,#4393);
#3785=AXIS2_PLACEMENT_3D('',#5380,#4398,#4399);
#3786=AXIS2_PLACEMENT_3D('',#5407,#4413,#4414);
#3787=AXIS2_PLACEMENT_3D('',#5410,#4416,#4417);
#3788=AXIS2_PLACEMENT_3D('',#5416,#4421,#4422);
#3789=AXIS2_PLACEMENT_3D('',#5417,#4423,#4424);
#3790=AXIS2_PLACEMENT_3D('',#5422,#4426,#4427);
#3791=AXIS2_PLACEMENT_3D('',#5425,#4429,#4430);
#3792=AXIS2_PLACEMENT_3D('',#5440,#4438,#4439);
#3793=AXIS2_PLACEMENT_3D('',#5441,#4440,#4441);
#3794=AXIS2_PLACEMENT_3D('',#5465,#4455,#4456);
#3795=AXIS2_PLACEMENT_3D('',#5474,#4461,#4462);
#3796=AXIS2_PLACEMENT_3D('',#5480,#4466,#4467);
#3797=AXIS2_PLACEMENT_3D('',#5486,#4471,#4472);
#3798=AXIS2_PLACEMENT_3D('',#5492,#4476,#4477);
#3799=AXIS2_PLACEMENT_3D('',#5498,#4481,#4482);
#3800=AXIS2_PLACEMENT_3D('',#5504,#4486,#4487);
#3801=AXIS2_PLACEMENT_3D('',#5507,#4490,#4491);
#3802=AXIS2_PLACEMENT_3D('',#5522,#4499,#4500);
#3803=AXIS2_PLACEMENT_3D('',#5528,#4501,#4502);
#3804=AXIS2_PLACEMENT_3D('',#5531,#4505,#4506);
#3805=AXIS2_PLACEMENT_3D('',#5536,#4507,#4508);
#3806=AXIS2_PLACEMENT_3D('',#5537,#4509,#4510);
#3807=AXIS2_PLACEMENT_3D('',#5540,#4513,#4514);
#3808=AXIS2_PLACEMENT_3D('',#5543,#4517,#4518);
#3809=AXIS2_PLACEMENT_3D('',#5544,#4519,#4520);
#3810=AXIS2_PLACEMENT_3D('',#5545,#4521,#4522);
#3811=AXIS2_PLACEMENT_3D('',#5546,#4523,#4524);
#3812=AXIS2_PLACEMENT_3D('',#5549,#4527,#4528);
#3813=AXIS2_PLACEMENT_3D('',#5552,#4531,#4532);
#3814=AXIS2_PLACEMENT_3D('',#5553,#4533,#4534);
#3815=AXIS2_PLACEMENT_3D('',#5554,#4535,#4536);
#3816=AXIS2_PLACEMENT_3D('',#5555,#4537,#4538);
#3817=AXIS2_PLACEMENT_3D('',#5556,#4539,#4540);
#3818=AXIS2_PLACEMENT_3D('',#5557,#4541,#4542);
#3819=AXIS2_PLACEMENT_3D('',#5558,#4543,#4544);
#3820=AXIS2_PLACEMENT_3D('',#5559,#4545,#4546);
#3821=AXIS2_PLACEMENT_3D('',#5560,#4547,#4548);
#3822=AXIS2_PLACEMENT_3D('',#5561,#4549,#4550);
#3823=AXIS2_PLACEMENT_3D('',#5562,#4551,#4552);
#3824=AXIS2_PLACEMENT_3D('',#5563,#4553,#4554);
#3825=AXIS2_PLACEMENT_3D('',#5564,#4555,#4556);
#3826=AXIS2_PLACEMENT_3D('',#5565,#4557,#4558);
#3827=AXIS2_PLACEMENT_3D('',#5566,#4559,#4560);
#3828=AXIS2_PLACEMENT_3D('',#5567,#4561,#4562);
#3829=AXIS2_PLACEMENT_3D('',#5568,#4563,#4564);
#3830=AXIS2_PLACEMENT_3D('',#5569,#4565,#4566);
#3831=AXIS2_PLACEMENT_3D('',#5572,#4569,#4570);
#3832=AXIS2_PLACEMENT_3D('',#5574,#4572,#4573);
#3833=AXIS2_PLACEMENT_3D('',#5576,#4575,#4576);
#3834=AXIS2_PLACEMENT_3D('',#5578,#4578,#4579);
#3835=AXIS2_PLACEMENT_3D('',#5580,#4581,#4582);
#3836=AXIS2_PLACEMENT_3D('',#5582,#4584,#4585);
#3837=AXIS2_PLACEMENT_3D('',#5583,#4586,#4587);
#3838=AXIS2_PLACEMENT_3D('',#5584,#4588,#4589);
#3839=AXIS2_PLACEMENT_3D('',#5590,#4592,#4593);
#3840=AXIS2_PLACEMENT_3D('',#5601,#4599,#4600);
#3841=AXIS2_PLACEMENT_3D('',#5613,#4606,#4607);
#3842=AXIS2_PLACEMENT_3D('',#5619,#4610,#4611);
#3843=AXIS2_PLACEMENT_3D('',#5621,#4613,#4614);
#3844=AXIS2_PLACEMENT_3D('',#5624,#4617,#4618);
#3845=AXIS2_PLACEMENT_3D('',#5636,#4625,#4626);
#3846=AXIS2_PLACEMENT_3D('',#6043,#4635,#4636);
#3847=AXIS2_PLACEMENT_3D('',#6203,#4652,#4653);
#3848=AXIS2_PLACEMENT_3D('',#6205,#4655,#4656);
#3849=AXIS2_PLACEMENT_3D('',#6223,#4665,#4666);
#3850=AXIS2_PLACEMENT_3D('',#6236,#4674,#4675);
#3851=AXIS2_PLACEMENT_3D('',#6504,#4678,#4679);
#3852=AXIS2_PLACEMENT_3D('',#6508,#4682,#4683);
#3853=AXIS2_PLACEMENT_3D('',#6512,#4686,#4687);
#3854=AXIS2_PLACEMENT_3D('',#6513,#4688,#4689);
#3855=AXIS2_PLACEMENT_3D('',#6516,#4692,#4693);
#3856=AXIS2_PLACEMENT_3D('',#6518,#4695,#4696);
#3857=AXIS2_PLACEMENT_3D('',#6519,#4697,#4698);
#3858=AXIS2_PLACEMENT_3D('',#6520,#4699,#4700);
#3859=AXIS2_PLACEMENT_3D('',#6526,#4704,#4705);
#3860=AXIS2_PLACEMENT_3D('',#6532,#4708,#4709);
#3861=AXIS2_PLACEMENT_3D('',#6533,#4710,#4711);
#3862=AXIS2_PLACEMENT_3D('',#6538,#4714,#4715);
#3863=AXIS2_PLACEMENT_3D('',#6544,#4718,#4719);
#3864=AXIS2_PLACEMENT_3D('',#6546,#4721,#4722);
#3865=AXIS2_PLACEMENT_3D('',#6549,#4725,#4726);
#3866=AXIS2_PLACEMENT_3D('',#6555,#4730,#4731);
#3867=AXIS2_PLACEMENT_3D('',#6561,#4734,#4735);
#3868=AXIS2_PLACEMENT_3D('',#6562,#4736,#4737);
#3869=AXIS2_PLACEMENT_3D('',#6567,#4740,#4741);
#3870=AXIS2_PLACEMENT_3D('',#6573,#4744,#4745);
#3871=AXIS2_PLACEMENT_3D('',#6575,#4747,#4748);
#3872=AXIS2_PLACEMENT_3D('',#6578,#4751,#4752);
#3873=AXIS2_PLACEMENT_3D('',#6581,#4755,#4756);
#3874=AXIS2_PLACEMENT_3D('',#6583,#4758,#4759);
#3875=AXIS2_PLACEMENT_3D('',#6584,#4760,#4761);
#3876=AXIS2_PLACEMENT_3D('',#6587,#4764,#4765);
#3877=AXIS2_PLACEMENT_3D('',#6589,#4767,#4768);
#3878=AXIS2_PLACEMENT_3D('',#6590,#4769,#4770);
#3879=AXIS2_PLACEMENT_3D('',#6591,#4771,#4772);
#3880=AXIS2_PLACEMENT_3D('',#6592,#4773,#4774);
#3881=AXIS2_PLACEMENT_3D('',#6593,#4775,#4776);
#3882=AXIS2_PLACEMENT_3D('',#6594,#4777,#4778);
#3883=AXIS2_PLACEMENT_3D('',#6595,#4779,#4780);
#3884=AXIS2_PLACEMENT_3D('',#6596,#4781,#4782);
#3885=AXIS2_PLACEMENT_3D('',#6597,#4783,#4784);
#3886=AXIS2_PLACEMENT_3D('',#6606,#4789,#4790);
#3887=AXIS2_PLACEMENT_3D('',#6612,#4794,#4795);
#3888=AXIS2_PLACEMENT_3D('',#6618,#4799,#4800);
#3889=AXIS2_PLACEMENT_3D('',#6624,#4804,#4805);
#3890=AXIS2_PLACEMENT_3D('',#6630,#4809,#4810);
#3891=AXIS2_PLACEMENT_3D('',#6636,#4814,#4815);
#3892=AXIS2_PLACEMENT_3D('',#6639,#4818,#4819);
#3893=AXIS2_PLACEMENT_3D('',#6642,#4822,#4823);
#3894=AXIS2_PLACEMENT_3D('',#6644,#4825,#4826);
#3895=AXIS2_PLACEMENT_3D('',#6646,#4828,#4829);
#3896=AXIS2_PLACEMENT_3D('',#6648,#4831,#4832);
#3897=AXIS2_PLACEMENT_3D('',#6650,#4834,#4835);
#3898=AXIS2_PLACEMENT_3D('',#6652,#4837,#4838);
#3899=AXIS2_PLACEMENT_3D('',#6653,#4839,#4840);
#3900=AXIS2_PLACEMENT_3D('',#6656,#4843,#4844);
#3901=AXIS2_PLACEMENT_3D('',#6658,#4846,#4847);
#3902=AXIS2_PLACEMENT_3D('',#6660,#4849,#4850);
#3903=AXIS2_PLACEMENT_3D('',#6662,#4852,#4853);
#3904=AXIS2_PLACEMENT_3D('',#6664,#4855,#4856);
#3905=AXIS2_PLACEMENT_3D('',#6666,#4858,#4859);
#3906=AXIS2_PLACEMENT_3D('',#6667,#4860,#4861);
#3907=AXIS2_PLACEMENT_3D('',#6668,#4862,#4863);
#3908=AXIS2_PLACEMENT_3D('',#6669,#4864,#4865);
#3909=AXIS2_PLACEMENT_3D('',#6671,#4866,#4867);
#3910=AXIS2_PLACEMENT_3D('',#6673,#4868,#4869);
#3911=AXIS2_PLACEMENT_3D('',#6674,#4870,#4871);
#3912=AXIS2_PLACEMENT_3D('',#6675,#4872,#4873);
#3913=DIRECTION('',(0.,0.,1.));
#3914=DIRECTION('',(1.,0.,0.));
#3915=DIRECTION('',(0.,0.,1.));
#3916=DIRECTION('',(1.,0.,0.));
#3917=DIRECTION('',(0.,0.,1.));
#3918=DIRECTION('',(1.,0.,0.));
#3919=DIRECTION('',(0.,0.,-1.));
#3920=DIRECTION('',(-1.,0.,0.));
#3921=DIRECTION('',(0.,0.,-1.));
#3922=DIRECTION('',(-1.,0.,0.));
#3923=DIRECTION('',(0.,0.,1.));
#3924=DIRECTION('',(1.,0.,0.));
#3925=DIRECTION('',(0.,0.,1.));
#3926=DIRECTION('',(1.,0.,0.));
#3927=DIRECTION('',(0.,0.,1.));
#3928=DIRECTION('',(1.,0.,0.));
#3929=DIRECTION('',(0.,0.,-1.));
#3930=DIRECTION('',(-1.,0.,0.));
#3931=DIRECTION('',(0.,0.,-1.));
#3932=DIRECTION('',(-1.,0.,0.));
#3933=DIRECTION('',(0.,0.,1.));
#3934=DIRECTION('',(1.,0.,0.));
#3935=DIRECTION('',(0.,0.,1.));
#3936=DIRECTION('',(1.,0.,0.));
#3937=DIRECTION('',(0.,0.,1.));
#3938=DIRECTION('',(1.,0.,0.));
#3939=DIRECTION('',(0.,0.,1.));
#3940=DIRECTION('',(1.,0.,0.));
#3941=DIRECTION('',(0.,0.,1.));
#3942=DIRECTION('',(1.,0.,0.));
#3943=DIRECTION('',(0.,0.,1.));
#3944=DIRECTION('',(1.,0.,0.));
#3945=DIRECTION('',(0.,0.,-1.));
#3946=DIRECTION('',(-1.,0.,0.));
#3947=DIRECTION('',(0.,0.,-1.));
#3948=DIRECTION('',(-1.,0.,0.));
#3949=DIRECTION('',(0.,0.,-1.));
#3950=DIRECTION('',(-1.,0.,0.));
#3951=DIRECTION('',(0.707106781186548,0.,-0.707106781186548));
#3952=DIRECTION('',(0.707106781186548,0.,0.707106781186548));
#3953=DIRECTION('',(-1.40761703620514E-16,0.,1.));
#3954=DIRECTION('',(1.,0.,1.40761703620514E-16));
#3955=DIRECTION('',(1.,0.,1.40761703620514E-16));
#3956=DIRECTION('',(0.,-1.,0.));
#3957=DIRECTION('',(1.,0.,1.40761703620514E-16));
#3958=DIRECTION('',(0.,1.,0.));
#3959=DIRECTION('',(0.,-1.,0.));
#3960=DIRECTION('',(1.,0.,0.));
#3961=DIRECTION('',(-0.707106781186546,0.,-0.707106781186549));
#3962=DIRECTION('',(-1.40761703620514E-16,0.,-1.));
#3963=DIRECTION('',(-1.,0.,1.40761703620514E-16));
#3964=DIRECTION('',(-1.40761703620514E-16,0.,-1.));
#3965=DIRECTION('',(0.707106781186546,0.,-0.707106781186549));
#3966=DIRECTION('',(1.,0.,1.40761703620514E-16));
#3967=DIRECTION('',(-0.707106781186547,0.,-0.707106781186548));
#3968=DIRECTION('',(1.40761703620514E-16,0.,-1.));
#3969=DIRECTION('',(1.,0.,1.40761703620514E-16));
#3970=DIRECTION('',(1.40761703620514E-16,0.,-1.));
#3971=DIRECTION('',(0.707106781186549,0.,-0.707106781186546));
#3972=DIRECTION('',(1.,0.,1.40761703620514E-16));
#3973=DIRECTION('',(0.5,0.,-0.866025403784439));
#3974=DIRECTION('',(0.,-1.,0.));
#3975=DIRECTION('',(0.,0.,-1.));
#3976=DIRECTION('',(-0.5,0.,-0.866025403784439));
#3977=DIRECTION('',(-1.40761703620514E-16,0.,1.));
#3978=DIRECTION('',(1.,0.,1.40761703620514E-16));
#3979=DIRECTION('',(0.,1.,0.));
#3980=DIRECTION('',(1.,0.,1.40761703620514E-16));
#3981=DIRECTION('',(0.,-1.,0.));
#3982=DIRECTION('',(0.,1.,0.));
#3983=DIRECTION('',(0.,0.,1.));
#3984=DIRECTION('',(0.,-1.,0.));
#3985=DIRECTION('',(0.,0.,-1.));
#3986=DIRECTION('',(0.,1.,0.));
#3987=DIRECTION('',(0.,-1.,0.));
#3988=DIRECTION('',(0.,0.,-1.));
#3989=DIRECTION('',(0.,1.,0.));
#3990=DIRECTION('',(0.,-1.,0.));
#3991=DIRECTION('',(1.,0.,0.));
#3992=DIRECTION('',(1.,0.,0.));
#3993=DIRECTION('',(0.623489801858734,0.,-0.78183148246803));
#3994=DIRECTION('',(-0.222520933956315,0.,-0.974927912181824));
#3995=DIRECTION('',(-0.900968867902419,0.,-0.433883739117559));
#3996=DIRECTION('',(-0.900968867902419,0.,0.433883739117558));
#3997=DIRECTION('',(-0.222520933956314,0.,0.974927912181824));
#3998=DIRECTION('',(0.623489801858734,0.,0.78183148246803));
#3999=DIRECTION('',(0.,-1.,0.));
#4000=DIRECTION('',(0.,0.,-1.));
#4001=DIRECTION('',(0.,-1.,0.));
#4002=DIRECTION('',(1.,0.,0.));
#4003=DIRECTION('',(-1.40761703620514E-16,0.,-1.));
#4004=DIRECTION('',(0.707106781186546,0.,0.707106781186549));
#4005=DIRECTION('',(-0.5,0.,-0.866025403784439));
#4006=DIRECTION('',(0.5,0.,-0.866025403784439));
#4007=DIRECTION('',(1.,0.,1.40761703620514E-16));
#4008=DIRECTION('',(-0.707106781186549,0.,0.707106781186546));
#4009=DIRECTION('',(1.40761703620514E-16,0.,-1.));
#4010=DIRECTION('',(1.,0.,1.40761703620514E-16));
#4011=DIRECTION('',(1.40761703620514E-16,0.,-1.));
#4012=DIRECTION('',(0.707106781186547,0.,0.707106781186548));
#4013=DIRECTION('',(-0.707106781186546,0.,0.707106781186549));
#4014=DIRECTION('',(-1.40761703620514E-16,0.,-1.));
#4015=DIRECTION('',(-1.,0.,1.40761703620514E-16));
#4016=DIRECTION('',(0.866025403784438,0.,-0.5));
#4017=DIRECTION('',(-0.5,0.,-0.866025403784439));
#4018=DIRECTION('',(-1.40761703620514E-16,0.,1.));
#4019=DIRECTION('',(1.,0.,1.40761703620514E-16));
#4020=DIRECTION('',(0.,1.,0.));
#4021=DIRECTION('',(0.,1.,0.));
#4022=DIRECTION('',(0.866025403784438,0.,0.5));
#4023=DIRECTION('',(0.5,0.,-0.866025403784439));
#4024=DIRECTION('',(0.,1.,0.));
#4025=DIRECTION('',(0.,0.,1.));
#4026=DIRECTION('',(-1.,0.,-1.40761703620514E-16));
#4027=DIRECTION('',(-1.40761703620514E-16,0.,1.));
#4028=DIRECTION('',(0.,1.,0.));
#4029=DIRECTION('',(0.,1.,0.));
#4030=DIRECTION('',(-1.,0.,-1.40761703620514E-16));
#4031=DIRECTION('',(-1.40761703620514E-16,0.,1.));
#4032=DIRECTION('',(0.,-1.,0.));
#4033=DIRECTION('',(0.,1.,0.));
#4034=DIRECTION('',(1.40761703620514E-16,0.,-1.));
#4035=DIRECTION('',(1.,0.,1.40761703620514E-16));
#4036=DIRECTION('',(-0.707106781186546,0.,-0.707106781186549));
#4037=DIRECTION('',(0.,-1.,0.));
#4038=DIRECTION('',(-0.707106781186548,0.,0.707106781186547));
#4039=DIRECTION('',(0.,1.,0.));
#4040=DIRECTION('',(-1.,0.,1.40761703620514E-16));
#4041=DIRECTION('',(1.40761703620514E-16,0.,1.));
#4042=DIRECTION('',(0.,1.,0.));
#4043=DIRECTION('',(0.,1.,0.));
#4044=DIRECTION('',(-1.,0.,1.40761703620514E-16));
#4045=DIRECTION('',(1.40761703620514E-16,0.,1.));
#4046=DIRECTION('',(0.,-1.,0.));
#4047=DIRECTION('',(0.,1.,0.));
#4048=DIRECTION('',(-1.40761703620514E-16,0.,-1.));
#4049=DIRECTION('',(-1.,0.,1.40761703620514E-16));
#4050=DIRECTION('',(-0.707106781186549,0.,0.707106781186546));
#4051=DIRECTION('',(0.,1.,0.));
#4052=DIRECTION('',(-0.707106781186549,0.,-0.707106781186546));
#4053=DIRECTION('',(0.,-1.,0.));
#4054=DIRECTION('',(0.,0.,-1.));
#4055=DIRECTION('',(-1.,0.,0.));
#4056=DIRECTION('',(0.,-1.,0.));
#4057=DIRECTION('',(1.,0.,0.));
#4058=DIRECTION('',(0.,-1.,0.));
#4059=DIRECTION('',(0.78183148246803,0.,-0.623489801858734));
#4060=DIRECTION('',(-0.623489801858734,0.,-0.78183148246803));
#4061=DIRECTION('',(0.,-1.,0.));
#4062=DIRECTION('',(0.623489801858734,0.,0.78183148246803));
#4063=DIRECTION('',(0.974927912181824,0.,0.222520933956314));
#4064=DIRECTION('',(0.222520933956314,0.,-0.974927912181824));
#4065=DIRECTION('',(0.,-1.,0.));
#4066=DIRECTION('',(-0.222520933956314,0.,0.974927912181824));
#4067=DIRECTION('',(0.433883739117558,0.,0.900968867902419));
#4068=DIRECTION('',(0.900968867902419,0.,-0.433883739117558));
#4069=DIRECTION('',(0.,-1.,0.));
#4070=DIRECTION('',(-0.900968867902419,0.,0.433883739117558));
#4071=DIRECTION('',(-0.433883739117559,0.,0.900968867902419));
#4072=DIRECTION('',(0.900968867902419,0.,0.433883739117559));
#4073=DIRECTION('',(0.,-1.,0.));
#4074=DIRECTION('',(-0.900968867902419,0.,-0.433883739117559));
#4075=DIRECTION('',(-0.974927912181824,0.,0.222520933956315));
#4076=DIRECTION('',(0.222520933956315,0.,0.974927912181824));
#4077=DIRECTION('',(0.,-1.,0.));
#4078=DIRECTION('',(-0.222520933956315,0.,-0.974927912181824));
#4079=DIRECTION('',(-0.78183148246803,0.,-0.623489801858734));
#4080=DIRECTION('',(-0.623489801858734,0.,0.78183148246803));
#4081=DIRECTION('',(0.623489801858734,0.,-0.78183148246803));
#4082=DIRECTION('',(0.,-1.,0.));
#4083=DIRECTION('',(1.,0.,0.));
#4084=DIRECTION('',(0.,0.,1.));
#4085=DIRECTION('',(1.,0.,0.));
#4086=DIRECTION('',(-1.,0.,0.));
#4087=DIRECTION('',(0.,0.,-1.));
#4088=DIRECTION('',(1.,0.,0.));
#4089=DIRECTION('',(0.,0.,-1.));
#4090=DIRECTION('',(1.,0.,0.));
#4091=DIRECTION('',(-1.,0.,0.));
#4092=DIRECTION('',(0.,0.,1.));
#4093=DIRECTION('',(1.,0.,0.));
#4094=DIRECTION('',(1.,0.,0.));
#4095=DIRECTION('',(0.,0.,1.));
#4096=DIRECTION('',(0.,0.,-1.));
#4097=DIRECTION('',(0.,1.,0.));
#4098=DIRECTION('',(0.,0.,-1.));
#4099=DIRECTION('',(-1.,0.,0.));
#4100=DIRECTION('',(0.,0.,1.));
#4101=DIRECTION('',(0.,1.,0.));
#4102=DIRECTION('',(-1.,0.,0.));
#4103=DIRECTION('',(0.,0.,1.));
#4104=DIRECTION('',(0.,0.,-1.));
#4105=DIRECTION('',(0.,1.,0.));
#4106=DIRECTION('',(0.,0.,-1.));
#4107=DIRECTION('',(0.,-1.,0.));
#4108=DIRECTION('',(0.,0.,-1.));
#4109=DIRECTION('',(1.,0.,0.));
#4110=DIRECTION('',(0.,0.,-1.));
#4111=DIRECTION('',(-1.,0.,0.));
#4112=DIRECTION('',(0.,0.,-1.));
#4113=DIRECTION('',(0.,-1.,0.));
#4114=DIRECTION('',(0.,0.,-1.));
#4115=DIRECTION('',(0.,-1.,0.));
#4116=DIRECTION('',(0.,0.,-1.));
#4117=DIRECTION('',(1.,0.,0.));
#4118=DIRECTION('',(-1.,0.,0.));
#4119=DIRECTION('',(0.,0.,-1.));
#4120=DIRECTION('',(-1.,0.,0.));
#4121=DIRECTION('',(-1.,0.,0.));
#4122=DIRECTION('',(0.,0.,1.));
#4123=DIRECTION('',(-1.,0.,0.));
#4124=DIRECTION('',(1.,0.,0.));
#4125=DIRECTION('',(0.,0.,1.));
#4126=DIRECTION('',(-1.,0.,0.));
#4127=DIRECTION('',(-1.,0.,0.));
#4128=DIRECTION('',(0.,0.,1.));
#4129=DIRECTION('',(-1.,0.,0.));
#4130=DIRECTION('',(0.,1.,0.));
#4131=DIRECTION('',(0.,0.,1.));
#4132=DIRECTION('',(0.,0.,-1.));
#4133=DIRECTION('',(-1.,0.,0.));
#4134=DIRECTION('',(0.,1.,0.));
#4135=DIRECTION('',(0.,0.,1.));
#4136=DIRECTION('',(-1.,0.,0.));
#4137=DIRECTION('',(0.,0.,-1.));
#4138=DIRECTION('',(1.,0.,0.));
#4139=DIRECTION('',(0.,0.,1.));
#4140=DIRECTION('',(0.,1.,0.));
#4141=DIRECTION('',(0.,1.,0.));
#4142=DIRECTION('',(0.,0.,1.));
#4143=DIRECTION('',(-1.,0.,0.));
#4144=DIRECTION('',(1.,0.,0.));
#4145=DIRECTION('',(0.,0.,1.));
#4146=DIRECTION('',(1.,0.,0.));
#4147=DIRECTION('',(-1.,0.,0.));
#4148=DIRECTION('',(0.,0.,1.));
#4149=DIRECTION('',(1.,0.,0.));
#4150=DIRECTION('',(1.,0.,0.));
#4151=DIRECTION('',(0.,0.,-1.));
#4152=DIRECTION('',(-1.,0.,0.));
#4153=DIRECTION('',(0.,0.,-1.));
#4154=DIRECTION('',(0.,0.,-1.));
#4155=DIRECTION('',(0.,-1.,0.));
#4156=DIRECTION('',(0.,0.,-1.));
#4157=DIRECTION('',(1.,0.,0.));
#4158=DIRECTION('',(0.,0.,-1.));
#4159=DIRECTION('',(0.,-1.,0.));
#4160=DIRECTION('',(1.,0.,0.));
#4161=DIRECTION('',(0.,0.,-1.));
#4162=DIRECTION('',(0.,0.,-1.));
#4163=DIRECTION('',(0.,-1.,0.));
#4164=DIRECTION('',(0.,0.,-1.));
#4165=DIRECTION('',(0.,-1.,0.));
#4166=DIRECTION('',(0.,0.,-1.));
#4167=DIRECTION('',(0.,0.,-1.));
#4168=DIRECTION('',(1.,0.,0.));
#4169=DIRECTION('',(1.,0.,0.));
#4170=DIRECTION('',(0.,0.,1.));
#4171=DIRECTION('',(0.,0.,-1.));
#4172=DIRECTION('',(0.,1.,0.));
#4173=DIRECTION('',(0.,-1.,0.));
#4174=DIRECTION('',(0.,0.,-1.));
#4175=DIRECTION('',(1.,0.,0.));
#4176=DIRECTION('',(1.,0.,0.));
#4177=DIRECTION('',(0.,0.,1.));
#4178=DIRECTION('',(-1.,0.,0.));
#4179=DIRECTION('',(1.,0.,0.));
#4180=DIRECTION('',(0.,0.,-1.));
#4181=DIRECTION('',(-1.,0.,0.));
#4182=DIRECTION('',(-1.,0.,0.));
#4183=DIRECTION('',(0.,0.,-1.));
#4184=DIRECTION('',(-1.,0.,0.));
#4185=DIRECTION('',(1.,0.,0.));
#4186=DIRECTION('',(0.,0.,-1.));
#4187=DIRECTION('',(-1.,0.,0.));
#4188=DIRECTION('',(0.,1.,0.));
#4189=DIRECTION('',(0.,0.,1.));
#4190=DIRECTION('',(-1.,0.,0.));
#4191=DIRECTION('',(0.,0.,-1.));
#4192=DIRECTION('',(0.,1.,0.));
#4193=DIRECTION('',(0.,0.,1.));
#4194=DIRECTION('',(0.,0.,-1.));
#4195=DIRECTION('',(-1.,0.,0.));
#4196=DIRECTION('',(-1.,0.,0.));
#4197=DIRECTION('',(0.,0.,-1.));
#4198=DIRECTION('',(0.,-1.,0.));
#4199=DIRECTION('',(0.,-1.,0.));
#4200=DIRECTION('',(0.,0.,1.));
#4201=DIRECTION('',(-1.,0.,0.));
#4202=DIRECTION('',(0.,0.,1.));
#4203=DIRECTION('',(1.,0.,0.));
#4204=DIRECTION('',(0.,0.,1.));
#4205=DIRECTION('',(1.,0.,0.));
#4206=DIRECTION('',(0.,0.,1.));
#4207=DIRECTION('',(1.,0.,0.));
#4208=DIRECTION('',(0.,1.,0.));
#4209=DIRECTION('',(1.,0.,0.));
#4210=DIRECTION('',(0.,1.,0.));
#4211=DIRECTION('',(1.,0.,0.));
#4212=DIRECTION('',(0.,1.,0.));
#4213=DIRECTION('',(-1.,0.,0.));
#4214=DIRECTION('',(0.,-1.,0.));
#4215=DIRECTION('',(-1.,0.,0.));
#4216=DIRECTION('',(-1.,0.,0.));
#4217=DIRECTION('',(0.,0.,1.));
#4218=DIRECTION('',(1.,0.,0.));
#4219=DIRECTION('',(4.23103286823611E-17,1.,0.));
#4220=DIRECTION('',(0.,0.,1.));
#4221=DIRECTION('',(1.,0.,0.));
#4222=DIRECTION('',(-1.,0.,0.));
#4223=DIRECTION('',(0.,0.,1.));
#4224=DIRECTION('',(1.,0.,0.));
#4225=DIRECTION('',(4.23103286823611E-17,1.,0.));
#4226=DIRECTION('',(0.,0.,1.));
#4227=DIRECTION('',(1.,0.,0.));
#4228=DIRECTION('',(-1.,0.,0.));
#4229=DIRECTION('',(0.,-1.,0.));
#4230=DIRECTION('',(1.,0.,0.));
#4231=DIRECTION('',(0.,-1.,0.));
#4232=DIRECTION('',(1.,0.,0.));
#4233=DIRECTION('',(0.,-1.,0.));
#4234=DIRECTION('',(-1.,0.,0.));
#4235=DIRECTION('',(0.,1.,0.));
#4236=DIRECTION('',(0.,-1.,0.));
#4237=DIRECTION('',(0.,0.,-1.));
#4238=DIRECTION('',(0.,0.,-1.));
#4239=DIRECTION('',(-1.,0.,0.));
#4240=DIRECTION('',(0.,0.,-1.));
#4241=DIRECTION('',(-1.,4.23103286823611E-17,0.));
#4242=DIRECTION('',(-4.23103286823611E-17,-1.,0.));
#4243=DIRECTION('',(4.23103286823611E-17,1.,0.));
#4244=DIRECTION('',(0.,0.,-1.));
#4245=DIRECTION('',(0.,0.,-1.));
#4246=DIRECTION('',(-1.,4.23103286823611E-17,0.));
#4247=DIRECTION('',(-4.23103286823611E-17,-1.,0.));
#4248=DIRECTION('',(0.,0.,-1.));
#4249=DIRECTION('',(4.23103286823611E-17,1.,0.));
#4250=DIRECTION('',(0.,0.,-1.));
#4251=DIRECTION('',(0.,0.,1.));
#4252=DIRECTION('',(1.,0.,0.));
#4253=DIRECTION('',(0.,0.,1.));
#4254=DIRECTION('',(1.,0.,0.));
#4255=DIRECTION('',(0.,0.,1.));
#4256=DIRECTION('',(1.,0.,0.));
#4257=DIRECTION('',(0.,0.,1.));
#4258=DIRECTION('',(1.,0.,0.));
#4259=DIRECTION('',(-1.,0.,0.));
#4260=DIRECTION('',(0.,0.,1.));
#4261=DIRECTION('',(1.,0.,0.));
#4262=DIRECTION('',(0.,0.,1.));
#4263=DIRECTION('',(1.,0.,0.));
#4264=DIRECTION('',(0.,0.,1.));
#4265=DIRECTION('',(1.,0.,0.));
#4266=DIRECTION('',(0.,1.,0.));
#4267=DIRECTION('',(0.,0.,1.));
#4268=DIRECTION('',(0.,0.,-1.));
#4269=DIRECTION('',(1.,0.,0.));
#4270=DIRECTION('',(0.,0.,-1.));
#4271=DIRECTION('',(0.,1.,0.));
#4272=DIRECTION('',(0.,0.,1.));
#4273=DIRECTION('',(0.,0.,-1.));
#4274=DIRECTION('',(1.,0.,0.));
#4275=DIRECTION('',(0.,0.,-1.));
#4276=DIRECTION('',(1.,0.,0.));
#4277=DIRECTION('',(0.,0.,-1.));
#4278=DIRECTION('',(1.,0.,0.));
#4279=DIRECTION('',(0.,0.,-1.));
#4280=DIRECTION('',(0.,-1.,0.));
#4281=DIRECTION('',(1.,0.,0.));
#4282=DIRECTION('',(0.,0.,-1.));
#4283=DIRECTION('',(0.,0.,1.));
#4284=DIRECTION('',(1.,0.,0.));
#4285=DIRECTION('',(1.,0.,0.));
#4286=DIRECTION('',(0.,-1.,0.));
#4287=DIRECTION('',(1.,0.,0.));
#4288=DIRECTION('',(1.,0.,0.));
#4289=DIRECTION('',(0.,0.,-1.));
#4290=DIRECTION('',(1.,0.,0.));
#4291=DIRECTION('',(0.,0.,-1.));
#4292=DIRECTION('',(-1.,0.,0.));
#4293=DIRECTION('',(0.,0.,1.));
#4294=DIRECTION('',(1.,0.,0.));
#4295=DIRECTION('',(0.,0.,-1.));
#4296=DIRECTION('',(1.,0.,0.));
#4297=DIRECTION('',(0.,0.,-1.));
#4298=DIRECTION('',(0.,0.,-1.));
#4299=DIRECTION('',(1.,0.,0.));
#4300=DIRECTION('',(0.,0.,-1.));
#4301=DIRECTION('',(0.,0.,-1.));
#4302=DIRECTION('',(0.,-1.,0.));
#4303=DIRECTION('',(0.,0.,-1.));
#4304=DIRECTION('',(0.,0.,-1.));
#4305=DIRECTION('',(-1.,0.,0.));
#4306=DIRECTION('',(-1.,0.,0.));
#4307=DIRECTION('',(0.,0.,1.));
#4308=DIRECTION('',(-1.,0.,0.));
#4309=DIRECTION('',(0.,0.,1.));
#4310=DIRECTION('',(0.,0.,-1.));
#4311=DIRECTION('',(0.,-1.,0.));
#4312=DIRECTION('',(0.,0.,-1.));
#4313=DIRECTION('',(-1.,0.,0.));
#4314=DIRECTION('',(-1.,0.,0.));
#4315=DIRECTION('',(0.,0.,1.));
#4316=DIRECTION('',(0.,1.,0.));
#4317=DIRECTION('',(0.,0.,1.));
#4318=DIRECTION('',(0.,0.,-1.));
#4319=DIRECTION('',(1.,0.,0.));
#4320=DIRECTION('',(0.,0.,-1.));
#4321=DIRECTION('',(-1.,0.,0.));
#4322=DIRECTION('',(0.,0.,1.));
#4323=DIRECTION('',(0.,1.,0.));
#4324=DIRECTION('',(-1.,0.,0.));
#4325=DIRECTION('',(0.,0.,1.));
#4326=DIRECTION('',(0.,0.,-1.));
#4327=DIRECTION('',(-1.,0.,0.));
#4328=DIRECTION('',(0.,0.,1.));
#4329=DIRECTION('',(0.,1.,0.));
#4330=DIRECTION('',(0.,0.,1.));
#4331=DIRECTION('',(0.,0.,-1.));
#4332=DIRECTION('',(1.,0.,0.));
#4333=DIRECTION('',(0.,0.,1.));
#4334=DIRECTION('',(1.,0.,0.));
#4335=DIRECTION('',(0.,1.,0.));
#4336=DIRECTION('',(1.,0.,0.));
#4337=DIRECTION('',(1.,0.,0.));
#4338=DIRECTION('',(-1.,0.,0.));
#4339=DIRECTION('',(0.,0.,1.));
#4340=DIRECTION('',(-1.,0.,0.));
#4341=DIRECTION('',(0.,0.,1.));
#4342=DIRECTION('',(1.,0.,0.));
#4343=DIRECTION('',(0.,0.,-1.));
#4344=DIRECTION('',(-1.,0.,0.));
#4345=DIRECTION('',(0.,0.,1.));
#4346=DIRECTION('',(-1.,0.,0.));
#4347=DIRECTION('',(0.,0.,1.));
#4348=DIRECTION('',(-1.,0.,0.));
#4349=DIRECTION('',(0.,0.,1.));
#4350=DIRECTION('',(0.,0.,-1.));
#4351=DIRECTION('',(0.,0.,-1.));
#4352=DIRECTION('',(0.,-1.,0.));
#4353=DIRECTION('',(0.,0.,-1.));
#4354=DIRECTION('',(0.,0.,-1.));
#4355=DIRECTION('',(-1.,0.,0.));
#4356=DIRECTION('',(1.,0.,0.));
#4357=DIRECTION('',(0.,0.,-1.));
#4358=DIRECTION('',(0.,0.,-1.));
#4359=DIRECTION('',(1.,0.,0.));
#4360=DIRECTION('',(0.,0.,-1.));
#4361=DIRECTION('',(0.,-1.,0.));
#4362=DIRECTION('',(0.,0.,-1.));
#4363=DIRECTION('',(-1.,0.,0.));
#4364=DIRECTION('',(1.,0.,0.));
#4365=DIRECTION('',(0.,0.,-1.));
#4366=DIRECTION('',(0.,1.,0.));
#4367=DIRECTION('',(-1.,0.,0.));
#4368=DIRECTION('',(0.,0.,-1.));
#4369=DIRECTION('',(0.,0.,-1.));
#4370=DIRECTION('',(0.,0.,-1.));
#4371=DIRECTION('',(-1.,0.,0.));
#4372=DIRECTION('',(0.,0.,1.));
#4373=DIRECTION('',(1.,0.,0.));
#4374=DIRECTION('',(0.,0.,-1.));
#4375=DIRECTION('',(-1.,0.,0.));
#4376=DIRECTION('',(0.,0.,1.));
#4377=DIRECTION('',(1.,0.,0.));
#4378=DIRECTION('',(0.,0.,1.));
#4379=DIRECTION('',(1.,0.,0.));
#4380=DIRECTION('',(0.,0.,1.));
#4381=DIRECTION('',(1.,0.,0.));
#4382=DIRECTION('',(0.,0.,1.));
#4383=DIRECTION('',(1.,0.,0.));
#4384=DIRECTION('',(0.,0.,1.));
#4385=DIRECTION('',(1.,0.,0.));
#4386=DIRECTION('',(0.,0.,1.));
#4387=DIRECTION('',(1.,0.,0.));
#4388=DIRECTION('',(0.,0.,1.));
#4389=DIRECTION('',(1.,0.,0.));
#4390=DIRECTION('',(1.40761703620514E-16,0.,1.));
#4391=DIRECTION('',(0.,1.,0.));
#4392=DIRECTION('',(-1.40761703620514E-16,0.,1.));
#4393=DIRECTION('',(1.,0.,1.40761703620514E-16));
#4394=DIRECTION('',(1.,0.,1.40761703620514E-16));
#4395=DIRECTION('',(0.,-1.,0.));
#4396=DIRECTION('',(1.,0.,1.40761703620514E-16));
#4397=DIRECTION('',(0.,1.,0.));
#4398=DIRECTION('',(0.,-1.,0.));
#4399=DIRECTION('',(1.,0.,0.));
#4400=DIRECTION('',(-0.707106781186546,0.,-0.707106781186549));
#4401=DIRECTION('',(-1.40761703620514E-16,0.,-1.));
#4402=DIRECTION('',(-1.,0.,1.40761703620514E-16));
#4403=DIRECTION('',(-1.40761703620514E-16,0.,-1.));
#4404=DIRECTION('',(0.707106781186546,0.,-0.707106781186549));
#4405=DIRECTION('',(1.,0.,1.40761703620514E-16));
#4406=DIRECTION('',(-0.707106781186547,0.,-0.707106781186548));
#4407=DIRECTION('',(1.40761703620514E-16,0.,-1.));
#4408=DIRECTION('',(1.,0.,1.40761703620514E-16));
#4409=DIRECTION('',(1.40761703620514E-16,0.,-1.));
#4410=DIRECTION('',(0.707106781186549,0.,-0.707106781186546));
#4411=DIRECTION('',(1.,0.,1.40761703620514E-16));
#4412=DIRECTION('',(0.5,0.,-0.866025403784439));
#4413=DIRECTION('',(0.,-1.,0.));
#4414=DIRECTION('',(0.,0.,-1.));
#4415=DIRECTION('',(-0.5,0.,-0.866025403784439));
#4416=DIRECTION('',(-1.40761703620514E-16,0.,1.));
#4417=DIRECTION('',(1.,0.,1.40761703620514E-16));
#4418=DIRECTION('',(0.,1.,0.));
#4419=DIRECTION('',(1.,0.,1.40761703620514E-16));
#4420=DIRECTION('',(0.,-1.,0.));
#4421=DIRECTION('',(0.,1.,0.));
#4422=DIRECTION('',(0.,0.,1.));
#4423=DIRECTION('',(0.,-1.,0.));
#4424=DIRECTION('',(0.,0.,-1.));
#4425=DIRECTION('',(0.,1.,0.));
#4426=DIRECTION('',(0.,-1.,0.));
#4427=DIRECTION('',(0.,0.,-1.));
#4428=DIRECTION('',(0.,1.,0.));
#4429=DIRECTION('',(0.,-1.,0.));
#4430=DIRECTION('',(1.,0.,0.));
#4431=DIRECTION('',(-0.623489801858731,0.,-0.781831482468032));
#4432=DIRECTION('',(-1.,0.,-3.6945542717971E-15));
#4433=DIRECTION('',(-0.623489801858737,0.,0.781831482468028));
#4434=DIRECTION('',(0.222520933956312,0.,0.974927912181824));
#4435=DIRECTION('',(0.900968867902418,0.,0.433883739117562));
#4436=DIRECTION('',(0.900968867902421,0.,-0.433883739117555));
#4437=DIRECTION('',(0.222520933956318,0.,-0.974927912181823));
#4438=DIRECTION('',(0.,-1.,0.));
#4439=DIRECTION('',(0.,0.,-1.));
#4440=DIRECTION('',(0.,-1.,0.));
#4441=DIRECTION('',(1.,0.,0.));
#4442=DIRECTION('',(-1.40761703620514E-16,0.,-1.));
#4443=DIRECTION('',(0.707106781186546,0.,0.707106781186549));
#4444=DIRECTION('',(-0.5,0.,-0.866025403784439));
#4445=DIRECTION('',(0.5,0.,-0.866025403784439));
#4446=DIRECTION('',(1.,0.,1.40761703620514E-16));
#4447=DIRECTION('',(-0.707106781186549,0.,0.707106781186546));
#4448=DIRECTION('',(1.40761703620514E-16,0.,-1.));
#4449=DIRECTION('',(1.,0.,1.40761703620514E-16));
#4450=DIRECTION('',(1.40761703620514E-16,0.,-1.));
#4451=DIRECTION('',(0.707106781186547,0.,0.707106781186548));
#4452=DIRECTION('',(-0.707106781186546,0.,0.707106781186549));
#4453=DIRECTION('',(-1.40761703620514E-16,0.,-1.));
#4454=DIRECTION('',(-1.,0.,1.40761703620514E-16));
#4455=DIRECTION('',(-3.6945542717971E-15,0.,1.));
#4456=DIRECTION('',(1.,0.,3.6945542717971E-15));
#4457=DIRECTION('',(0.,1.,0.));
#4458=DIRECTION('',(1.,0.,3.6945542717971E-15));
#4459=DIRECTION('',(0.,1.,0.));
#4460=DIRECTION('',(1.,0.,3.6945542717971E-15));
#4461=DIRECTION('',(-0.781831482468032,0.,0.623489801858731));
#4462=DIRECTION('',(0.623489801858731,0.,0.781831482468032));
#4463=DIRECTION('',(0.623489801858731,0.,0.781831482468032));
#4464=DIRECTION('',(0.,1.,0.));
#4465=DIRECTION('',(0.623489801858731,0.,0.781831482468032));
#4466=DIRECTION('',(-0.974927912181823,0.,-0.222520933956318));
#4467=DIRECTION('',(-0.222520933956318,0.,0.974927912181823));
#4468=DIRECTION('',(-0.222520933956318,0.,0.974927912181823));
#4469=DIRECTION('',(0.,1.,0.));
#4470=DIRECTION('',(-0.222520933956318,0.,0.974927912181823));
#4471=DIRECTION('',(-0.433883739117555,0.,-0.900968867902421));
#4472=DIRECTION('',(-0.900968867902421,0.,0.433883739117555));
#4473=DIRECTION('',(-0.900968867902421,0.,0.433883739117555));
#4474=DIRECTION('',(0.,1.,0.));
#4475=DIRECTION('',(-0.900968867902421,0.,0.433883739117555));
#4476=DIRECTION('',(0.433883739117562,0.,-0.900968867902418));
#4477=DIRECTION('',(-0.900968867902418,0.,-0.433883739117562));
#4478=DIRECTION('',(-0.900968867902418,0.,-0.433883739117562));
#4479=DIRECTION('',(0.,1.,0.));
#4480=DIRECTION('',(-0.900968867902418,0.,-0.433883739117562));
#4481=DIRECTION('',(0.974927912181824,0.,-0.222520933956312));
#4482=DIRECTION('',(-0.222520933956312,0.,-0.974927912181824));
#4483=DIRECTION('',(-0.222520933956312,0.,-0.974927912181824));
#4484=DIRECTION('',(0.,1.,0.));
#4485=DIRECTION('',(-0.222520933956312,0.,-0.974927912181824));
#4486=DIRECTION('',(0.781831482468028,0.,0.623489801858737));
#4487=DIRECTION('',(0.623489801858737,0.,-0.781831482468028));
#4488=DIRECTION('',(0.623489801858737,0.,-0.781831482468028));
#4489=DIRECTION('',(0.623489801858737,0.,-0.781831482468028));
#4490=DIRECTION('',(0.,-1.,0.));
#4491=DIRECTION('',(1.,0.,0.));
#4492=DIRECTION('',(0.623489801858737,0.,-0.781831482468028));
#4493=DIRECTION('',(1.,0.,3.6945542717971E-15));
#4494=DIRECTION('',(0.623489801858731,0.,0.781831482468032));
#4495=DIRECTION('',(-0.222520933956318,0.,0.974927912181823));
#4496=DIRECTION('',(-0.900968867902421,0.,0.433883739117555));
#4497=DIRECTION('',(-0.900968867902418,0.,-0.433883739117562));
#4498=DIRECTION('',(-0.222520933956312,0.,-0.974927912181824));
#4499=DIRECTION('',(0.866025403784438,0.,-0.5));
#4500=DIRECTION('',(-0.5,0.,-0.866025403784439));
#4501=DIRECTION('',(-1.40761703620514E-16,0.,1.));
#4502=DIRECTION('',(1.,0.,1.40761703620514E-16));
#4503=DIRECTION('',(0.,1.,0.));
#4504=DIRECTION('',(0.,1.,0.));
#4505=DIRECTION('',(0.866025403784438,0.,0.5));
#4506=DIRECTION('',(0.5,0.,-0.866025403784439));
#4507=DIRECTION('',(0.,1.,0.));
#4508=DIRECTION('',(0.,0.,1.));
#4509=DIRECTION('',(-1.,0.,-1.40761703620514E-16));
#4510=DIRECTION('',(-1.40761703620514E-16,0.,1.));
#4511=DIRECTION('',(0.,1.,0.));
#4512=DIRECTION('',(0.,1.,0.));
#4513=DIRECTION('',(-1.,0.,-1.40761703620514E-16));
#4514=DIRECTION('',(-1.40761703620514E-16,0.,1.));
#4515=DIRECTION('',(0.,-1.,0.));
#4516=DIRECTION('',(0.,1.,0.));
#4517=DIRECTION('',(1.40761703620514E-16,0.,-1.));
#4518=DIRECTION('',(1.,0.,1.40761703620514E-16));
#4519=DIRECTION('',(-0.707106781186546,0.,-0.707106781186549));
#4520=DIRECTION('',(0.,-1.,0.));
#4521=DIRECTION('',(-0.707106781186548,0.,0.707106781186547));
#4522=DIRECTION('',(0.,1.,0.));
#4523=DIRECTION('',(-1.,0.,1.40761703620514E-16));
#4524=DIRECTION('',(1.40761703620514E-16,0.,1.));
#4525=DIRECTION('',(0.,1.,0.));
#4526=DIRECTION('',(0.,1.,0.));
#4527=DIRECTION('',(-1.,0.,1.40761703620514E-16));
#4528=DIRECTION('',(1.40761703620514E-16,0.,1.));
#4529=DIRECTION('',(0.,-1.,0.));
#4530=DIRECTION('',(0.,1.,0.));
#4531=DIRECTION('',(-1.40761703620514E-16,0.,-1.));
#4532=DIRECTION('',(-1.,0.,1.40761703620514E-16));
#4533=DIRECTION('',(-0.707106781186549,0.,0.707106781186546));
#4534=DIRECTION('',(0.,1.,0.));
#4535=DIRECTION('',(-0.707106781186549,0.,-0.707106781186546));
#4536=DIRECTION('',(0.,-1.,0.));
#4537=DIRECTION('',(0.900968867902418,0.,0.433883739117562));
#4538=DIRECTION('',(0.433883739117562,0.,-0.900968867902418));
#4539=DIRECTION('',(0.623489801858731,0.,0.781831482468032));
#4540=DIRECTION('',(0.781831482468032,0.,-0.623489801858731));
#4541=DIRECTION('',(1.,0.,3.48111922209698E-15));
#4542=DIRECTION('',(3.58232423652569E-15,0.,-1.));
#4543=DIRECTION('',(0.900968867902421,0.,-0.433883739117555));
#4544=DIRECTION('',(-0.433883739117555,0.,-0.900968867902421));
#4545=DIRECTION('',(0.623489801858736,0.,-0.781831482468028));
#4546=DIRECTION('',(-0.781831482468028,0.,-0.623489801858736));
#4547=DIRECTION('',(0.222520933956312,0.,0.974927912181824));
#4548=DIRECTION('',(0.974927912181824,0.,-0.222520933956312));
#4549=DIRECTION('',(-0.222520933956318,0.,0.974927912181823));
#4550=DIRECTION('',(0.974927912181823,0.,0.222520933956318));
#4551=DIRECTION('',(0.222520933956318,0.,-0.974927912181823));
#4552=DIRECTION('',(-0.974927912181823,0.,-0.222520933956318));
#4553=DIRECTION('',(-0.222520933956311,0.,-0.974927912181824));
#4554=DIRECTION('',(-0.974927912181824,0.,0.222520933956311));
#4555=DIRECTION('',(-0.623489801858737,0.,0.781831482468028));
#4556=DIRECTION('',(0.781831482468028,0.,0.623489801858737));
#4557=DIRECTION('',(-0.900968867902421,0.,0.433883739117555));
#4558=DIRECTION('',(0.433883739117555,0.,0.900968867902421));
#4559=DIRECTION('',(-0.623489801858731,0.,-0.781831482468032));
#4560=DIRECTION('',(-0.781831482468032,0.,0.623489801858731));
#4561=DIRECTION('',(-0.900968867902418,0.,-0.433883739117562));
#4562=DIRECTION('',(0.433883739117562,0.,-0.900968867902418));
#4563=DIRECTION('',(-1.,0.,-3.6945542717971E-15));
#4564=DIRECTION('',(-3.6945542717971E-15,0.,1.));
#4565=DIRECTION('',(0.306802134176602,0.707106781186548,-0.637081196131765));
#4566=DIRECTION('',(-0.900968867902418,0.,-0.433883739117562));
#4567=DIRECTION('',(0.58085085182817,-0.669362319281098,-0.463213097242639));
#4568=DIRECTION('',(2.1861812849668E-15,-0.669362319281098,-0.74293612479582));
#4569=DIRECTION('',(-0.306802134176598,0.707106781186549,-0.637081196131767));
#4570=DIRECTION('',(-0.900968867902421,0.,0.433883739117555));
#4571=DIRECTION('',(-0.580850851828167,-0.669362319281098,-0.463213097242643));
#4572=DIRECTION('',(0.68937813787181,0.707106781186548,-0.157346061356472));
#4573=DIRECTION('',(-0.222520933956312,0.,-0.974927912181824));
#4574=DIRECTION('',(0.724309165031642,-0.669362319281098,0.165318840359453));
#4575=DIRECTION('',(-0.689378137871809,0.707106781186548,-0.157346061356476));
#4576=DIRECTION('',(-0.222520933956318,0.,0.974927912181823));
#4577=DIRECTION('',(-0.724309165031643,-0.669362319281098,0.165318840359448));
#4578=DIRECTION('',(0.552838342998273,0.707106781186548,0.440873866894969));
#4579=DIRECTION('',(0.623489801858737,0.,-0.781831482468028));
#4580=DIRECTION('',(0.322347903751916,-0.669362319281098,0.669362319281101));
#4581=DIRECTION('',(-0.552838342998276,0.707106781186548,0.440873866894965));
#4582=DIRECTION('',(0.623489801858731,0.,0.781831482468032));
#4583=DIRECTION('',(0.322347903751921,0.669362319281099,-0.669362319281099));
#4584=DIRECTION('',(-2.61244437904946E-15,0.707106781186548,0.707106781186547));
#4585=DIRECTION('',(1.,0.,3.6945542717971E-15));
#4586=DIRECTION('',(0.,0.,1.));
#4587=DIRECTION('',(-1.,0.,0.));
#4588=DIRECTION('',(0.,-1.,0.));
#4589=DIRECTION('',(1.,0.,0.));
#4590=DIRECTION('',(0.56885409657551,0.,0.822438457764021));
#4591=DIRECTION('',(0.56885409657551,0.,-0.82243845776402));
#4592=DIRECTION('',(0.,-1.,0.));
#4593=DIRECTION('',(0.,0.,-1.));
#4594=DIRECTION('',(0.,0.,1.));
#4595=DIRECTION('',(1.,0.,0.));
#4596=DIRECTION('',(0.,0.,1.));
#4597=DIRECTION('',(1.,0.,0.));
#4598=DIRECTION('',(0.707106781186548,0.,0.707106781186547));
#4599=DIRECTION('',(0.,-1.,0.));
#4600=DIRECTION('',(0.,0.,-1.));
#4601=DIRECTION('',(1.,0.,0.));
#4602=DIRECTION('',(0.,0.,-1.));
#4603=DIRECTION('',(-0.707106781186548,0.,-0.707106781186547));
#4604=DIRECTION('',(1.,0.,0.));
#4605=DIRECTION('',(0.,0.,-1.));
#4606=DIRECTION('',(0.,1.,0.));
#4607=DIRECTION('',(0.,0.,1.));
#4608=DIRECTION('',(-0.56885409657551,0.,0.82243845776402));
#4609=DIRECTION('',(-0.56885409657551,0.,-0.822438457764021));
#4610=DIRECTION('',(0.,-1.,0.));
#4611=DIRECTION('',(0.,0.,-1.));
#4612=DIRECTION('',(0.,0.,-1.));
#4613=DIRECTION('',(-1.,0.,0.));
#4614=DIRECTION('',(0.,-1.,0.));
#4615=DIRECTION('',(0.,-1.,0.));
#4616=DIRECTION('',(0.,1.,0.));
#4617=DIRECTION('',(-1.,0.,0.));
#4618=DIRECTION('',(0.,0.,1.));
#4619=DIRECTION('',(0.,0.,-1.));
#4620=DIRECTION('',(0.,-1.,0.));
#4621=DIRECTION('',(0.,1.,0.));
#4622=DIRECTION('',(0.,0.,-1.));
#4623=DIRECTION('',(0.,0.,-1.));
#4624=DIRECTION('',(0.,1.,0.));
#4625=DIRECTION('',(-1.,0.,0.));
#4626=DIRECTION('',(0.,0.,1.));
#4627=DIRECTION('',(0.,0.,-1.));
#4628=DIRECTION('',(0.,0.,-1.));
#4629=DIRECTION('',(0.,1.,0.));
#4630=DIRECTION('',(0.,0.,-1.));
#4631=DIRECTION('',(0.,0.,-1.));
#4632=DIRECTION('',(0.,1.,0.));
#4633=DIRECTION('',(0.,0.,1.));
#4634=DIRECTION('',(0.,0.,1.));
#4635=DIRECTION('',(0.,0.,1.));
#4636=DIRECTION('',(1.,0.,0.));
#4637=DIRECTION('',(0.,1.,0.));
#4638=DIRECTION('',(0.78183148246803,0.623489801858733,0.));
#4639=DIRECTION('',(0.974927912181824,-0.222520933956315,0.));
#4640=DIRECTION('',(0.433883739117558,-0.900968867902419,0.));
#4641=DIRECTION('',(-0.433883739117559,-0.900968867902419,0.));
#4642=DIRECTION('',(-0.974927912181824,-0.222520933956314,0.));
#4643=DIRECTION('',(-0.78183148246803,0.623489801858734,0.));
#4644=DIRECTION('',(1.,0.,0.));
#4645=DIRECTION('',(0.,-1.,0.));
#4646=DIRECTION('',(1.,0.,0.));
#4647=DIRECTION('',(1.,0.,0.));
#4648=DIRECTION('',(0.,-1.,0.));
#4649=DIRECTION('',(1.,0.,0.));
#4650=DIRECTION('',(0.,-1.,0.));
#4651=DIRECTION('',(0.,1.,0.));
#4652=DIRECTION('',(0.,0.,1.));
#4653=DIRECTION('',(1.,0.,0.));
#4654=DIRECTION('',(0.,1.,0.));
#4655=DIRECTION('',(0.,0.,1.));
#4656=DIRECTION('',(1.,0.,0.));
#4657=DIRECTION('',(0.974927912181824,-0.222520933956315,0.));
#4658=DIRECTION('',(0.78183148246803,0.623489801858733,0.));
#4659=DIRECTION('',(0.,1.,0.));
#4660=DIRECTION('',(-0.78183148246803,0.623489801858734,0.));
#4661=DIRECTION('',(-0.974927912181824,-0.222520933956314,0.));
#4662=DIRECTION('',(-0.433883739117559,-0.900968867902419,0.));
#4663=DIRECTION('',(0.433883739117558,-0.900968867902419,0.));
#4664=DIRECTION('',(0.,1.,0.));
#4665=DIRECTION('',(0.,0.,-1.));
#4666=DIRECTION('',(-1.,0.,0.));
#4667=DIRECTION('',(1.,0.,0.));
#4668=DIRECTION('',(0.,-1.,0.));
#4669=DIRECTION('',(1.,0.,0.));
#4670=DIRECTION('',(1.,0.,0.));
#4671=DIRECTION('',(0.,-1.,0.));
#4672=DIRECTION('',(1.,0.,0.));
#4673=DIRECTION('',(0.,1.,0.));
#4674=DIRECTION('',(0.,0.,1.));
#4675=DIRECTION('',(1.,0.,0.));
#4676=DIRECTION('',(0.,0.,1.));
#4677=DIRECTION('',(0.,0.,1.));
#4678=DIRECTION('',(-1.,0.,0.));
#4679=DIRECTION('',(0.,0.,1.));
#4680=DIRECTION('',(0.,0.,-1.));
#4681=DIRECTION('',(0.,0.,-1.));
#4682=DIRECTION('',(-1.,0.,0.));
#4683=DIRECTION('',(0.,0.,1.));
#4684=DIRECTION('',(0.,-1.,0.));
#4685=DIRECTION('',(0.,0.,-1.));
#4686=DIRECTION('',(0.,0.,-1.));
#4687=DIRECTION('',(-1.,0.,0.));
#4688=DIRECTION('',(-0.82243845776402,0.,-0.56885409657551));
#4689=DIRECTION('',(-0.56885409657551,0.,0.82243845776402));
#4690=DIRECTION('',(0.,1.,0.));
#4691=DIRECTION('',(0.,1.,0.));
#4692=DIRECTION('',(0.,1.,0.));
#4693=DIRECTION('',(0.,0.,1.));
#4694=DIRECTION('',(0.,1.,0.));
#4695=DIRECTION('',(0.822438457764021,0.,-0.56885409657551));
#4696=DIRECTION('',(-0.56885409657551,0.,-0.822438457764021));
#4697=DIRECTION('',(0.707106781186547,0.,-0.707106781186548));
#4698=DIRECTION('',(0.,1.,0.));
#4699=DIRECTION('',(0.,-1.,0.));
#4700=DIRECTION('',(0.,0.,-1.));
#4701=DIRECTION('',(-0.707106781186548,0.,0.707106781186547));
#4702=DIRECTION('',(0.,0.,-1.));
#4703=DIRECTION('',(-0.707106781186548,0.,-0.707106781186547));
#4704=DIRECTION('',(0.,-1.,0.));
#4705=DIRECTION('',(0.,0.,-1.));
#4706=DIRECTION('',(-0.56885409657551,0.,0.82243845776402));
#4707=DIRECTION('',(-0.568854096575509,0.,-0.822438457764021));
#4708=DIRECTION('',(0.,-1.,0.));
#4709=DIRECTION('',(0.,0.,-1.));
#4710=DIRECTION('',(0.,-1.,0.));
#4711=DIRECTION('',(0.,0.,-1.));
#4712=DIRECTION('',(0.,0.,-1.));
#4713=DIRECTION('',(0.707106781186548,0.,-0.707106781186547));
#4714=DIRECTION('',(0.,-1.,0.));
#4715=DIRECTION('',(0.,0.,-1.));
#4716=DIRECTION('',(-0.568854096575509,0.,-0.822438457764021));
#4717=DIRECTION('',(-0.56885409657551,0.,0.82243845776402));
#4718=DIRECTION('',(0.,-1.,0.));
#4719=DIRECTION('',(0.,0.,-1.));
#4720=DIRECTION('',(0.707106781186548,0.,0.707106781186547));
#4721=DIRECTION('',(-1.,0.,0.));
#4722=DIRECTION('',(0.,-1.,0.));
#4723=DIRECTION('',(0.,-1.,0.));
#4724=DIRECTION('',(0.,1.,0.));
#4725=DIRECTION('',(0.,-1.,0.));
#4726=DIRECTION('',(0.,0.,-1.));
#4727=DIRECTION('',(-0.707106781186548,0.,0.707106781186547));
#4728=DIRECTION('',(0.,0.,-1.));
#4729=DIRECTION('',(-0.707106781186548,0.,-0.707106781186547));
#4730=DIRECTION('',(0.,-1.,0.));
#4731=DIRECTION('',(0.,0.,-1.));
#4732=DIRECTION('',(-0.56885409657551,0.,0.82243845776402));
#4733=DIRECTION('',(-0.568854096575509,0.,-0.822438457764021));
#4734=DIRECTION('',(0.,-1.,0.));
#4735=DIRECTION('',(0.,0.,-1.));
#4736=DIRECTION('',(0.,-1.,0.));
#4737=DIRECTION('',(0.,0.,-1.));
#4738=DIRECTION('',(0.,0.,-1.));
#4739=DIRECTION('',(0.707106781186548,0.,-0.707106781186547));
#4740=DIRECTION('',(0.,-1.,0.));
#4741=DIRECTION('',(0.,0.,-1.));
#4742=DIRECTION('',(-0.568854096575509,0.,-0.822438457764021));
#4743=DIRECTION('',(-0.56885409657551,0.,0.82243845776402));
#4744=DIRECTION('',(0.,-1.,0.));
#4745=DIRECTION('',(0.,0.,-1.));
#4746=DIRECTION('',(0.707106781186548,0.,0.707106781186547));
#4747=DIRECTION('',(-1.,0.,0.));
#4748=DIRECTION('',(0.,-1.,0.));
#4749=DIRECTION('',(0.,-1.,0.));
#4750=DIRECTION('',(0.,1.,0.));
#4751=DIRECTION('',(0.,-1.,0.));
#4752=DIRECTION('',(0.,0.,-1.));
#4753=DIRECTION('',(0.,-1.,0.));
#4754=DIRECTION('',(0.,-1.,0.));
#4755=DIRECTION('',(-0.822438457764021,0.,0.568854096575509));
#4756=DIRECTION('',(0.568854096575509,0.,0.822438457764021));
#4757=DIRECTION('',(0.,-1.,0.));
#4758=DIRECTION('',(0.82243845776402,0.,0.56885409657551));
#4759=DIRECTION('',(0.56885409657551,0.,-0.82243845776402));
#4760=DIRECTION('',(0.82243845776402,0.,0.56885409657551));
#4761=DIRECTION('',(0.56885409657551,0.,-0.82243845776402));
#4762=DIRECTION('',(0.,-1.,0.));
#4763=DIRECTION('',(0.,-1.,0.));
#4764=DIRECTION('',(-0.822438457764021,0.,0.568854096575509));
#4765=DIRECTION('',(0.568854096575509,0.,0.822438457764021));
#4766=DIRECTION('',(0.,-1.,0.));
#4767=DIRECTION('',(0.,-1.,0.));
#4768=DIRECTION('',(0.,0.,-1.));
#4769=DIRECTION('',(-0.707106781186547,0.,-0.707106781186548));
#4770=DIRECTION('',(0.,-1.,0.));
#4771=DIRECTION('',(0.707106781186547,0.,-0.707106781186548));
#4772=DIRECTION('',(0.,1.,0.));
#4773=DIRECTION('',(-0.707106781186547,0.,-0.707106781186548));
#4774=DIRECTION('',(0.,-1.,0.));
#4775=DIRECTION('',(0.707106781186547,0.,-0.707106781186548));
#4776=DIRECTION('',(0.,1.,0.));
#4777=DIRECTION('',(0.,0.,-1.));
#4778=DIRECTION('',(1.,0.,0.));
#4779=DIRECTION('',(0.,0.,-1.));
#4780=DIRECTION('',(-1.,0.,0.));
#4781=DIRECTION('',(0.,0.,-1.));
#4782=DIRECTION('',(-1.,0.,0.));
#4783=DIRECTION('',(-0.623489801858733,0.78183148246803,0.));
#4784=DIRECTION('',(-0.78183148246803,-0.623489801858733,0.));
#4785=DIRECTION('',(0.,0.,1.));
#4786=DIRECTION('',(0.78183148246803,0.623489801858733,0.));
#4787=DIRECTION('',(0.,0.,1.));
#4788=DIRECTION('',(-0.78183148246803,-0.623489801858733,0.));
#4789=DIRECTION('',(-1.,0.,0.));
#4790=DIRECTION('',(0.,0.,1.));
#4791=DIRECTION('',(0.,0.,1.));
#4792=DIRECTION('',(0.,1.,0.));
#4793=DIRECTION('',(0.,-1.,0.));
#4794=DIRECTION('',(-0.623489801858734,-0.78183148246803,0.));
#4795=DIRECTION('',(0.78183148246803,-0.623489801858734,0.));
#4796=DIRECTION('',(0.,0.,1.));
#4797=DIRECTION('',(-0.78183148246803,0.623489801858734,0.));
#4798=DIRECTION('',(0.78183148246803,-0.623489801858734,0.));
#4799=DIRECTION('',(0.222520933956314,-0.974927912181824,0.));
#4800=DIRECTION('',(0.974927912181824,0.222520933956314,0.));
#4801=DIRECTION('',(0.,0.,1.));
#4802=DIRECTION('',(-0.974927912181824,-0.222520933956314,0.));
#4803=DIRECTION('',(0.974927912181824,0.222520933956314,0.));
#4804=DIRECTION('',(0.900968867902419,-0.433883739117559,0.));
#4805=DIRECTION('',(0.433883739117559,0.900968867902419,0.));
#4806=DIRECTION('',(0.,0.,1.));
#4807=DIRECTION('',(-0.433883739117559,-0.900968867902419,0.));
#4808=DIRECTION('',(0.433883739117559,0.900968867902419,0.));
#4809=DIRECTION('',(0.900968867902419,0.433883739117558,0.));
#4810=DIRECTION('',(-0.433883739117558,0.900968867902419,0.));
#4811=DIRECTION('',(0.,0.,1.));
#4812=DIRECTION('',(0.433883739117558,-0.900968867902419,0.));
#4813=DIRECTION('',(-0.433883739117558,0.900968867902419,0.));
#4814=DIRECTION('',(0.222520933956315,0.974927912181824,0.));
#4815=DIRECTION('',(-0.974927912181824,0.222520933956315,0.));
#4816=DIRECTION('',(0.974927912181824,-0.222520933956315,0.));
#4817=DIRECTION('',(-0.974927912181824,0.222520933956315,0.));
#4818=DIRECTION('',(0.157346061356474,-0.689378137871812,0.707106781186546));
#4819=DIRECTION('',(-0.974927912181824,-0.222520933956314,0.));
#4820=DIRECTION('',(0.165318840359445,0.724309165031641,0.669362319281102));
#4821=DIRECTION('',(-0.463213097242636,0.580850851828168,0.669362319281102));
#4822=DIRECTION('',(0.63708119613177,-0.306802134176602,0.707106781186545));
#4823=DIRECTION('',(-0.433883739117559,-0.900968867902419,0.));
#4824=DIRECTION('',(-0.742936124795817,-5.26455225175178E-15,0.669362319281101));
#4825=DIRECTION('',(-0.44087386689497,-0.552838342998278,0.707106781186544));
#4826=DIRECTION('',(-0.78183148246803,0.623489801858734,0.));
#4827=DIRECTION('',(0.669362319281101,0.322347903751909,0.669362319281101));
#4828=DIRECTION('',(0.637081196131768,0.306802134176601,0.707106781186547));
#4829=DIRECTION('',(0.433883739117558,-0.900968867902419,0.));
#4830=DIRECTION('',(-0.463213097242642,-0.580850851828166,0.6693623192811));
#4831=DIRECTION('',(-0.707106781186548,0.,0.707106781186548));
#4832=DIRECTION('',(0.,1.,0.));
#4833=DIRECTION('',(0.669362319281101,-0.32234790375191,0.669362319281101));
#4834=DIRECTION('',(0.157346061356474,0.689378137871812,0.707106781186546));
#4835=DIRECTION('',(0.974927912181824,-0.222520933956315,0.));
#4836=DIRECTION('',(-0.165318840359444,0.724309165031641,-0.669362319281102));
#4837=DIRECTION('',(-0.440873866894969,0.552838342998279,0.707106781186544));
#4838=DIRECTION('',(0.78183148246803,0.623489801858733,0.));
#4839=DIRECTION('',(-0.637081196131768,0.306802134176601,0.707106781186547));
#4840=DIRECTION('',(-0.433883739117559,-0.900968867902419,0.));
#4841=DIRECTION('',(-0.742936124795818,-7.89572841898223E-16,-0.6693623192811));
#4842=DIRECTION('',(-0.463213097242637,0.58085085182817,-0.669362319281099));
#4843=DIRECTION('',(-0.157346061356473,0.68937813787181,0.707106781186548));
#4844=DIRECTION('',(-0.974927912181824,-0.222520933956314,0.));
#4845=DIRECTION('',(0.165318840359452,0.724309165031643,-0.669362319281098));
#4846=DIRECTION('',(-0.637081196131768,-0.306802134176601,0.707106781186547));
#4847=DIRECTION('',(0.433883739117558,-0.900968867902419,0.));
#4848=DIRECTION('',(-0.463213097242639,-0.580850851828168,-0.669362319281099));
#4849=DIRECTION('',(0.440873866894967,0.552838342998274,0.707106781186549));
#4850=DIRECTION('',(-0.78183148246803,0.623489801858734,0.));
#4851=DIRECTION('',(0.669362319281099,0.322347903751921,-0.669362319281099));
#4852=DIRECTION('',(-0.157346061356474,-0.68937813787181,0.707106781186548));
#4853=DIRECTION('',(0.974927912181824,-0.222520933956315,0.));
#4854=DIRECTION('',(0.165318840359452,-0.724309165031642,-0.669362319281099));
#4855=DIRECTION('',(0.707106781186548,0.,0.707106781186548));
#4856=DIRECTION('',(0.,1.,0.));
#4857=DIRECTION('',(-0.669362319281099,0.322347903751921,0.669362319281099));
#4858=DIRECTION('',(0.440873866894966,-0.552838342998275,0.707106781186549));
#4859=DIRECTION('',(0.78183148246803,0.623489801858733,0.));
#4860=DIRECTION('',(0.,-1.,0.));
#4861=DIRECTION('',(-0.707106781186548,0.,-0.707106781186548));
#4862=DIRECTION('',(0.,0.,-1.));
#4863=DIRECTION('',(-1.,0.,0.));
#4864=DIRECTION('',(0.,0.,1.));
#4865=DIRECTION('',(1.,0.,0.));
#4866=DIRECTION('',(0.,0.,1.));
#4867=DIRECTION('',(1.,0.,0.));
#4868=DIRECTION('',(0.,0.,1.));
#4869=DIRECTION('',(1.,0.,0.));
#4870=DIRECTION('',(0.,0.,1.));
#4871=DIRECTION('',(1.,0.,0.));
#4872=DIRECTION('',(-0.707106781186548,0.,0.707106781186548));
#4873=DIRECTION('',(0.707106781186548,0.,0.707106781186548));
#4874=CARTESIAN_POINT('',(0.,0.,0.));
#4875=CARTESIAN_POINT('',(0.,6.12323399573677E-20,0.016));
#4876=CARTESIAN_POINT('',(0.,6.12323399573677E-20,0.028));
#4877=CARTESIAN_POINT('',(0.001,6.12323399573677E-20,0.028));
#4878=CARTESIAN_POINT('',(0.,6.12323399573677E-20,0.02));
#4879=CARTESIAN_POINT('',(-0.001,6.12323399573677E-20,0.02));
#4880=CARTESIAN_POINT('',(0.,3.06161699786838E-19,0.02));
#4881=CARTESIAN_POINT('',(0.,3.06161699786838E-19,0.0177550020016016));
#4882=CARTESIAN_POINT('',(0.005,3.06161699786838E-19,0.0177550020016016));
#4883=CARTESIAN_POINT('',(0.,3.06161699786838E-19,0.));
#4884=CARTESIAN_POINT('',(0.005,3.06161699786838E-19,0.));
#4885=CARTESIAN_POINT('',(0.,0.,0.));
#4886=CARTESIAN_POINT('',(0.,-2.4492935982947E-19,0.));
#4887=CARTESIAN_POINT('',(-0.004,-2.4492935982947E-19,0.));
#4888=CARTESIAN_POINT('',(0.,1.22464679914735E-19,0.028));
#4889=CARTESIAN_POINT('',(0.,1.22464679914735E-19,0.024));
#4890=CARTESIAN_POINT('',(0.002,1.22464679914735E-19,0.024));
#4891=CARTESIAN_POINT('',(0.,1.22464679914735E-19,0.028));
#4892=CARTESIAN_POINT('',(0.002,1.22464679914735E-19,0.028));
#4893=CARTESIAN_POINT('',(0.,0.,0.028));
#4894=CARTESIAN_POINT('',(0.,1.22464679914735E-19,0.024));
#4895=CARTESIAN_POINT('',(0.,1.22464679914735E-19,0.0208775010008008));
#4896=CARTESIAN_POINT('',(0.0035,1.22464679914735E-19,0.0208775010008008));
#4897=CARTESIAN_POINT('',(0.,2.14313189850787E-19,0.0177550020016016));
#4898=CARTESIAN_POINT('',(0.,-2.4492935982947E-19,0.02));
#4899=CARTESIAN_POINT('',(0.,-2.4492935982947E-19,0.017));
#4900=CARTESIAN_POINT('',(-0.004,-2.4492935982947E-19,0.017));
#4901=CARTESIAN_POINT('',(0.,-2.4492935982947E-19,0.02));
#4902=CARTESIAN_POINT('',(-0.159741028838389,-0.0102075528681278,0.124135401345853));
#4903=CARTESIAN_POINT('',(-0.0187638837486629,-0.006,-2.64123624299906E-18));
#4904=CARTESIAN_POINT('',(-0.0187638837486629,0.,-2.64123624299906E-18));
#4905=CARTESIAN_POINT('',(-0.0375277674973257,0.,-5.28247248599811E-18));
#4906=CARTESIAN_POINT('',(-0.019,0.,-2.67447236878976E-18));
#4907=CARTESIAN_POINT('',(-0.019,-0.006,-2.67447236878976E-18));
#4908=CARTESIAN_POINT('',(-0.019,-0.006,-2.67447236878976E-18));
#4909=CARTESIAN_POINT('',(-0.0187638837486629,-0.006,-2.64123624299906E-18));
#4910=CARTESIAN_POINT('',(-0.0375277674973257,-0.006,-5.28247248599811E-18));
#4911=CARTESIAN_POINT('',(-0.0375277674973257,-0.006,-5.28247248599811E-18));
#4912=CARTESIAN_POINT('',(-0.0187638837486629,-0.006,0.025));
#4913=CARTESIAN_POINT('',(-0.00638194187433142,-0.006,0.0126180581256686));
#4914=CARTESIAN_POINT('',(-0.018,-0.006,0.001));
#4915=CARTESIAN_POINT('',(-0.018,-0.006,0.008));
#4916=CARTESIAN_POINT('',(-0.018,-0.006,0.008));
#4917=CARTESIAN_POINT('',(0.0187638837486629,-0.006,0.008));
#4918=CARTESIAN_POINT('',(-0.014,-0.006,0.008));
#4919=CARTESIAN_POINT('',(-0.014,-0.006,0.008));
#4920=CARTESIAN_POINT('',(-0.014,-0.006,0.001));
#4921=CARTESIAN_POINT('',(-0.0283819418743314,-0.006,0.0153819418743315));
#4922=CARTESIAN_POINT('',(-0.013,-0.006,-1.82990214706668E-18));
#4923=CARTESIAN_POINT('',(-0.0187638837486629,-0.006,-2.64123624299906E-18));
#4924=CARTESIAN_POINT('',(0.013,-0.006,1.82990214706668E-18));
#4925=CARTESIAN_POINT('',(0.00961805812566859,-0.006,-0.00338194187433141));
#4926=CARTESIAN_POINT('',(0.014,-0.006,0.001));
#4927=CARTESIAN_POINT('',(0.014,-0.006,0.008));
#4928=CARTESIAN_POINT('',(0.014,-0.006,0.008));
#4929=CARTESIAN_POINT('',(-0.0187638837486629,-0.006,0.008));
#4930=CARTESIAN_POINT('',(0.018,-0.006,0.008));
#4931=CARTESIAN_POINT('',(0.018,-0.006,0.008));
#4932=CARTESIAN_POINT('',(0.018,-0.006,0.001));
#4933=CARTESIAN_POINT('',(-0.0123819418743315,-0.006,0.0313819418743314));
#4934=CARTESIAN_POINT('',(0.019,-0.006,2.67447236878977E-18));
#4935=CARTESIAN_POINT('',(-0.0187638837486629,-0.006,-2.64123624299906E-18));
#4936=CARTESIAN_POINT('',(0.0375277674973257,-0.006,-5.28247248599811E-18));
#4937=CARTESIAN_POINT('',(0.023094010767585,-0.006,0.025));
#4938=CARTESIAN_POINT('',(0.0119768788281998,-0.006,0.0442554373534619));
#4939=CARTESIAN_POINT('',(-1.7347234759768E-18,-0.006,0.045));
#4940=CARTESIAN_POINT('',(-0.0119768788281998,-0.006,0.0442554373534619));
#4941=CARTESIAN_POINT('',(-0.023094010767585,-0.006,0.025));
#4942=CARTESIAN_POINT('',(-0.0187638837486629,-0.006,-2.64123624299906E-18));
#4943=CARTESIAN_POINT('',(-0.013,0.,-1.82990214706668E-18));
#4944=CARTESIAN_POINT('',(-0.013,0.,-1.82990214706668E-18));
#4945=CARTESIAN_POINT('',(-0.0187638837486629,0.,-2.64123624299906E-18));
#4946=CARTESIAN_POINT('',(0.013,0.,1.82990214706668E-18));
#4947=CARTESIAN_POINT('',(0.013,-0.006,1.82990214706668E-18));
#4948=CARTESIAN_POINT('',(-1.7347234759768E-18,-0.008,0.045));
#4949=CARTESIAN_POINT('',(-1.7347234759768E-18,-0.008,0.045));
#4950=CARTESIAN_POINT('',(0.00866025403784439,-0.008,0.05));
#4951=CARTESIAN_POINT('',(-0.00866025403784439,-0.008,0.05));
#4952=CARTESIAN_POINT('',(0.00866025403784439,-0.006,0.05));
#4953=CARTESIAN_POINT('',(0.00866025403784439,0.,0.05));
#4954=CARTESIAN_POINT('',(-1.7347234759768E-18,0.,0.045));
#4955=CARTESIAN_POINT('',(-0.00866025403784439,0.,0.05));
#4956=CARTESIAN_POINT('',(-0.00866025403784439,-0.006,0.05));
#4957=CARTESIAN_POINT('',(-3.46944695195361E-18,-0.008,0.045));
#4958=CARTESIAN_POINT('',(-3.03576608295941E-18,-0.008,0.041));
#4959=CARTESIAN_POINT('',(-0.00192629847523012,-0.008,0.041));
#4960=CARTESIAN_POINT('',(0.00192629847523011,-0.008,0.041));
#4961=CARTESIAN_POINT('',(-0.00312732592987212,-0.008,0.0425060407925651));
#4962=CARTESIAN_POINT('',(-0.00432835338451413,-0.008,0.0440120815851302));
#4963=CARTESIAN_POINT('',(-0.00389971164872731,-0.008,0.0458900837358253));
#4964=CARTESIAN_POINT('',(-0.00347106991294048,-0.008,0.0477680858865204));
#4965=CARTESIAN_POINT('',(-0.00173553495647024,-0.008,0.0486038754716097));
#4966=CARTESIAN_POINT('',(-6.72205346941013E-18,-0.008,0.049439665056699));
#4967=CARTESIAN_POINT('',(0.00173553495647023,-0.008,0.0486038754716097));
#4968=CARTESIAN_POINT('',(0.00347106991294046,-0.008,0.0477680858865204));
#4969=CARTESIAN_POINT('',(0.00389971164872731,-0.008,0.0458900837358253));
#4970=CARTESIAN_POINT('',(0.00432835338451414,-0.008,0.0440120815851302));
#4971=CARTESIAN_POINT('',(0.00312732592987212,-0.008,0.0425060407925651));
#4972=CARTESIAN_POINT('',(-1.7347234759768E-18,-0.008,0.045));
#4973=CARTESIAN_POINT('',(-3.46944695195361E-18,0.,0.045));
#4974=CARTESIAN_POINT('',(-0.018,0.,0.008));
#4975=CARTESIAN_POINT('',(-0.018,0.,0.008));
#4976=CARTESIAN_POINT('',(-0.018,0.,0.001));
#4977=CARTESIAN_POINT('',(-0.018,0.,0.001));
#4978=CARTESIAN_POINT('',(-0.023094010767585,0.,0.025));
#4979=CARTESIAN_POINT('',(0.023094010767585,0.,0.025));
#4980=CARTESIAN_POINT('',(0.0375277674973257,0.,-5.28247248599811E-18));
#4981=CARTESIAN_POINT('',(-0.0187638837486629,0.,-2.64123624299906E-18));
#4982=CARTESIAN_POINT('',(0.019,0.,2.67447236878977E-18));
#4983=CARTESIAN_POINT('',(0.019,0.,2.67447236878977E-18));
#4984=CARTESIAN_POINT('',(0.018,0.,0.001));
#4985=CARTESIAN_POINT('',(0.018,0.,0.008));
#4986=CARTESIAN_POINT('',(0.018,0.,0.008));
#4987=CARTESIAN_POINT('',(-0.0187638837486629,0.,0.008));
#4988=CARTESIAN_POINT('',(0.014,0.,0.008));
#4989=CARTESIAN_POINT('',(0.014,0.,0.008));
#4990=CARTESIAN_POINT('',(0.014,0.,0.001));
#4991=CARTESIAN_POINT('',(0.014,0.,0.001));
#4992=CARTESIAN_POINT('',(-0.013,0.,-1.82990214706668E-18));
#4993=CARTESIAN_POINT('',(-0.014,0.,0.001));
#4994=CARTESIAN_POINT('',(-0.014,0.,0.008));
#4995=CARTESIAN_POINT('',(-0.014,0.,0.008));
#4996=CARTESIAN_POINT('',(0.0187638837486629,0.,0.008));
#4997=CARTESIAN_POINT('',(-0.023094010767585,-0.006,0.025));
#4998=CARTESIAN_POINT('',(-0.0119768788281998,-0.006,0.0442554373534619));
#4999=CARTESIAN_POINT('',(-0.0114648103329033,-0.00656611302195345,0.0451423660042708));
#5000=CARTESIAN_POINT('',(-0.0104154954155326,-0.00755879569127911,0.0469598327542968));
#5001=CARTESIAN_POINT('',(-0.00924935999104235,-0.008,0.0489796385580198));
#5002=CARTESIAN_POINT('',(-0.00866025403784439,-0.008,0.05));
#5003=CARTESIAN_POINT('',(-0.0187638837486629,-0.006,-2.64123624299906E-18));
#5004=CARTESIAN_POINT('',(0.019,0.,2.67447236878977E-18));
#5005=CARTESIAN_POINT('',(0.0375277674973257,-0.006,-5.28247248599811E-18));
#5006=CARTESIAN_POINT('',(0.023094010767585,-0.006,0.025));
#5007=CARTESIAN_POINT('',(0.00866025403784439,-0.008,0.05));
#5008=CARTESIAN_POINT('',(0.00983771919862667,-0.008,0.0479605705173828));
#5009=CARTESIAN_POINT('',(0.0109512070718287,-0.00713392279131597,0.0460319529473852));
#5010=CARTESIAN_POINT('',(0.0119768788281998,-0.006,0.0442554373534619));
#5011=CARTESIAN_POINT('',(-1.7347234759768E-18,-0.008,0.045));
#5012=CARTESIAN_POINT('',(0.014,-0.003,0.008));
#5013=CARTESIAN_POINT('',(0.014,-0.003,0.001));
#5014=CARTESIAN_POINT('',(0.014,-0.003,0.008));
#5015=CARTESIAN_POINT('',(0.018,-0.003,0.008));
#5016=CARTESIAN_POINT('',(0.018,-0.006,0.001));
#5017=CARTESIAN_POINT('',(0.018,-0.003,0.008));
#5018=CARTESIAN_POINT('',(-1.12609362896411E-18,-0.003,0.008));
#5019=CARTESIAN_POINT('',(0.019,-0.006,2.67447236878977E-18));
#5020=CARTESIAN_POINT('',(0.014,-0.003,0.001));
#5021=CARTESIAN_POINT('',(-0.018,-0.003,0.008));
#5022=CARTESIAN_POINT('',(-0.018,-0.003,0.001));
#5023=CARTESIAN_POINT('',(-0.018,-0.003,0.008));
#5024=CARTESIAN_POINT('',(-0.014,-0.003,0.008));
#5025=CARTESIAN_POINT('',(-0.014,-0.006,0.001));
#5026=CARTESIAN_POINT('',(-0.014,-0.003,0.008));
#5027=CARTESIAN_POINT('',(1.12609362896411E-18,-0.003,0.008));
#5028=CARTESIAN_POINT('',(-0.018,-0.003,0.001));
#5029=CARTESIAN_POINT('',(-0.013,-0.006,-1.82990214706668E-18));
#5030=CARTESIAN_POINT('',(-3.03576608295941E-18,-0.004,0.041));
#5031=CARTESIAN_POINT('',(0.00192629847523011,-0.004,0.041));
#5032=CARTESIAN_POINT('',(0.00192629847523011,-0.004,0.041));
#5033=CARTESIAN_POINT('',(-3.03576608295941E-18,-0.004,0.041));
#5034=CARTESIAN_POINT('',(-0.00192629847523012,-0.004,0.041));
#5035=CARTESIAN_POINT('',(-0.00192629847523012,-0.004,0.041));
#5036=CARTESIAN_POINT('',(0.00312732592987212,-0.004,0.0425060407925651));
#5037=CARTESIAN_POINT('',(0.00432835338451414,-0.004,0.0440120815851302));
#5038=CARTESIAN_POINT('',(0.00432835338451414,-0.004,0.0440120815851302));
#5039=CARTESIAN_POINT('',(0.00312732592987212,-0.004,0.0425060407925651));
#5040=CARTESIAN_POINT('',(0.00389971164872731,-0.004,0.0458900837358253));
#5041=CARTESIAN_POINT('',(0.00347106991294046,-0.004,0.0477680858865204));
#5042=CARTESIAN_POINT('',(0.00347106991294046,-0.004,0.0477680858865204));
#5043=CARTESIAN_POINT('',(0.00389971164872731,-0.004,0.0458900837358253));
#5044=CARTESIAN_POINT('',(0.00173553495647023,-0.004,0.0486038754716097));
#5045=CARTESIAN_POINT('',(-6.72205346941013E-18,-0.004,0.049439665056699));
#5046=CARTESIAN_POINT('',(-6.72205346941013E-18,-0.004,0.049439665056699));
#5047=CARTESIAN_POINT('',(0.00173553495647023,-0.004,0.0486038754716097));
#5048=CARTESIAN_POINT('',(-0.00173553495647024,-0.004,0.0486038754716097));
#5049=CARTESIAN_POINT('',(-0.00347106991294048,-0.004,0.0477680858865204));
#5050=CARTESIAN_POINT('',(-0.00347106991294048,-0.004,0.0477680858865204));
#5051=CARTESIAN_POINT('',(-0.00173553495647024,-0.004,0.0486038754716097));
#5052=CARTESIAN_POINT('',(-0.00389971164872731,-0.004,0.0458900837358253));
#5053=CARTESIAN_POINT('',(-0.00432835338451413,-0.004,0.0440120815851302));
#5054=CARTESIAN_POINT('',(-0.00432835338451413,-0.004,0.0440120815851302));
#5055=CARTESIAN_POINT('',(-0.00389971164872731,-0.004,0.0458900837358253));
#5056=CARTESIAN_POINT('',(-0.00312732592987212,-0.004,0.0425060407925651));
#5057=CARTESIAN_POINT('',(-0.00312732592987212,-0.004,0.0425060407925651));
#5058=CARTESIAN_POINT('',(-3.46944695195361E-18,-0.004,0.045));
#5059=CARTESIAN_POINT('',(-0.012295856140554,0.00609244713187218,-0.0137128058448434));
#5060=CARTESIAN_POINT('',(0.,0.016,0.012));
#5061=CARTESIAN_POINT('',(0.0177,0.016,0.012));
#5062=CARTESIAN_POINT('',(0.0177,0.012,0.012));
#5063=CARTESIAN_POINT('',(0.0177,0.02,0.012));
#5064=CARTESIAN_POINT('',(0.0157,0.02,0.012));
#5065=CARTESIAN_POINT('',(0.0157,0.02,0.012));
#5066=CARTESIAN_POINT('',(0.0157,0.016,0.012));
#5067=CARTESIAN_POINT('',(0.0157,0.012,0.012));
#5068=CARTESIAN_POINT('',(0.0167,0.012,0.012));
#5069=CARTESIAN_POINT('',(0.0157,0.01585,0.016));
#5070=CARTESIAN_POINT('',(0.0157,0.02,0.016));
#5071=CARTESIAN_POINT('',(0.0157,0.02,0.004));
#5072=CARTESIAN_POINT('',(0.0157,0.01585,0.004));
#5073=CARTESIAN_POINT('',(0.0157,0.0177,0.004));
#5074=CARTESIAN_POINT('',(0.0157,0.0177,0.0118));
#5075=CARTESIAN_POINT('',(0.0157,0.0177,0.0108));
#5076=CARTESIAN_POINT('',(0.0157,0.0167,0.0108));
#5077=CARTESIAN_POINT('',(0.0157,0.0167,0.0118));
#5078=CARTESIAN_POINT('',(0.0157,0.01585,0.0118));
#5079=CARTESIAN_POINT('',(0.0157,0.015,0.0118));
#5080=CARTESIAN_POINT('',(0.0157,0.015,0.0108));
#5081=CARTESIAN_POINT('',(0.0157,0.014,0.0108));
#5082=CARTESIAN_POINT('',(0.0157,0.014,0.0118));
#5083=CARTESIAN_POINT('',(0.0157,0.014,0.004));
#5084=CARTESIAN_POINT('',(0.0157,0.01585,0.004));
#5085=CARTESIAN_POINT('',(0.0157,0.012,0.004));
#5086=CARTESIAN_POINT('',(0.0157,0.012,0.016));
#5087=CARTESIAN_POINT('',(0.0167,0.012,0.016));
#5088=CARTESIAN_POINT('',(0.0167,0.012,0.004));
#5089=CARTESIAN_POINT('',(0.0177,0.012,0.004));
#5090=CARTESIAN_POINT('',(0.0177,0.012,0.016));
#5091=CARTESIAN_POINT('',(0.0177,0.016,0.016));
#5092=CARTESIAN_POINT('',(0.0177,0.016,0.004));
#5093=CARTESIAN_POINT('',(0.0177,0.02,0.004));
#5094=CARTESIAN_POINT('',(0.0177,0.02,0.016));
#5095=CARTESIAN_POINT('',(0.0167,0.02,0.016));
#5096=CARTESIAN_POINT('',(0.0167,0.02,0.004));
#5097=CARTESIAN_POINT('',(0.01285,0.0167,0.0108));
#5098=CARTESIAN_POINT('',(0.01285,0.0177,0.0108));
#5099=CARTESIAN_POINT('',(0.01,0.0177,0.0108));
#5100=CARTESIAN_POINT('',(0.01,0.0167,0.0108));
#5101=CARTESIAN_POINT('',(0.01,0.0167,0.0118));
#5102=CARTESIAN_POINT('',(0.,0.0167,0.0118));
#5103=CARTESIAN_POINT('',(0.,0.015,0.0108));
#5104=CARTESIAN_POINT('',(0.01,0.015,0.0118));
#5105=CARTESIAN_POINT('',(0.01,0.015,0.0118));
#5106=CARTESIAN_POINT('',(0.01,0.015,0.0108));
#5107=CARTESIAN_POINT('',(0.01,0.014,0.0108));
#5108=CARTESIAN_POINT('',(0.0157,0.014,0.0108));
#5109=CARTESIAN_POINT('',(0.01285,0.014,0.0118));
#5110=CARTESIAN_POINT('',(0.01,0.014,0.0118));
#5111=CARTESIAN_POINT('',(0.01,0.014,0.004));
#5112=CARTESIAN_POINT('',(0.01285,0.014,0.004));
#5113=CARTESIAN_POINT('',(0.01285,0.0177,0.0118));
#5114=CARTESIAN_POINT('',(0.01285,0.0177,0.004));
#5115=CARTESIAN_POINT('',(0.01,0.0177,0.004));
#5116=CARTESIAN_POINT('',(0.01,0.0177,0.0118));
#5117=CARTESIAN_POINT('',(0.01,0.01585,0.0118));
#5118=CARTESIAN_POINT('',(0.01,0.01585,0.0118));
#5119=CARTESIAN_POINT('',(0.01,0.01585,0.004));
#5120=CARTESIAN_POINT('',(0.,0.,0.0118));
#5121=CARTESIAN_POINT('',(0.0167,-0.016,0.012));
#5122=CARTESIAN_POINT('',(0.0167,-0.02,0.012));
#5123=CARTESIAN_POINT('',(0.0157,-0.02,0.012));
#5124=CARTESIAN_POINT('',(0.0177,-0.02,0.012));
#5125=CARTESIAN_POINT('',(0.0177,-0.016,0.012));
#5126=CARTESIAN_POINT('',(0.0177,-0.012,0.012));
#5127=CARTESIAN_POINT('',(0.0157,-0.012,0.012));
#5128=CARTESIAN_POINT('',(0.0157,-0.012,0.012));
#5129=CARTESIAN_POINT('',(0.0157,-0.016,0.012));
#5130=CARTESIAN_POINT('',(0.0157,-0.01585,0.016));
#5131=CARTESIAN_POINT('',(0.0157,-0.012,0.016));
#5132=CARTESIAN_POINT('',(0.0157,-0.012,0.004));
#5133=CARTESIAN_POINT('',(0.0157,-0.01585,0.004));
#5134=CARTESIAN_POINT('',(0.0157,-0.014,0.004));
#5135=CARTESIAN_POINT('',(0.0157,-0.014,0.0118));
#5136=CARTESIAN_POINT('',(0.0157,-0.014,0.0108));
#5137=CARTESIAN_POINT('',(0.0157,-0.015,0.0108));
#5138=CARTESIAN_POINT('',(0.0157,-0.015,0.0118));
#5139=CARTESIAN_POINT('',(0.0157,-0.01585,0.0118));
#5140=CARTESIAN_POINT('',(0.0157,-0.0167,0.0118));
#5141=CARTESIAN_POINT('',(0.0157,-0.0167,0.0108));
#5142=CARTESIAN_POINT('',(0.0157,-0.0177,0.0108));
#5143=CARTESIAN_POINT('',(0.0157,-0.0177,0.0118));
#5144=CARTESIAN_POINT('',(0.0157,-0.0177,0.004));
#5145=CARTESIAN_POINT('',(0.0157,-0.01585,0.004));
#5146=CARTESIAN_POINT('',(0.0157,-0.02,0.004));
#5147=CARTESIAN_POINT('',(0.0157,-0.02,0.016));
#5148=CARTESIAN_POINT('',(0.0167,-0.012,0.016));
#5149=CARTESIAN_POINT('',(0.0177,-0.012,0.016));
#5150=CARTESIAN_POINT('',(0.0177,-0.012,0.004));
#5151=CARTESIAN_POINT('',(0.0167,-0.012,0.004));
#5152=CARTESIAN_POINT('',(0.0177,-0.016,0.016));
#5153=CARTESIAN_POINT('',(0.0177,-0.02,0.016));
#5154=CARTESIAN_POINT('',(0.0177,-0.02,0.004));
#5155=CARTESIAN_POINT('',(0.0177,-0.016,0.004));
#5156=CARTESIAN_POINT('',(0.0167,-0.02,0.016));
#5157=CARTESIAN_POINT('',(0.0167,-0.02,0.004));
#5158=CARTESIAN_POINT('',(0.,-0.0167,0.0108));
#5159=CARTESIAN_POINT('',(0.01,-0.0167,0.0118));
#5160=CARTESIAN_POINT('',(0.01,-0.0167,0.0118));
#5161=CARTESIAN_POINT('',(0.01,-0.0167,0.0108));
#5162=CARTESIAN_POINT('',(0.01,-0.0177,0.0108));
#5163=CARTESIAN_POINT('',(0.0157,-0.0177,0.0108));
#5164=CARTESIAN_POINT('',(0.01285,-0.015,0.0108));
#5165=CARTESIAN_POINT('',(0.01285,-0.014,0.0108));
#5166=CARTESIAN_POINT('',(0.01,-0.014,0.0108));
#5167=CARTESIAN_POINT('',(0.01,-0.015,0.0108));
#5168=CARTESIAN_POINT('',(0.01,-0.015,0.0118));
#5169=CARTESIAN_POINT('',(0.,-0.015,0.0118));
#5170=CARTESIAN_POINT('',(0.01285,-0.014,0.0118));
#5171=CARTESIAN_POINT('',(0.01285,-0.014,0.004));
#5172=CARTESIAN_POINT('',(0.01,-0.014,0.004));
#5173=CARTESIAN_POINT('',(0.01,-0.014,0.0118));
#5174=CARTESIAN_POINT('',(0.01285,-0.0177,0.0118));
#5175=CARTESIAN_POINT('',(0.01,-0.0177,0.0118));
#5176=CARTESIAN_POINT('',(0.01,-0.0177,0.004));
#5177=CARTESIAN_POINT('',(0.01285,-0.0177,0.004));
#5178=CARTESIAN_POINT('',(0.01,-0.01585,0.0118));
#5179=CARTESIAN_POINT('',(0.01,-0.01585,0.004));
#5180=CARTESIAN_POINT('',(0.01,-0.01585,0.0118));
#5181=CARTESIAN_POINT('',(0.,0.,0.0118));
#5182=CARTESIAN_POINT('',(0.,0.,0.004));
#5183=CARTESIAN_POINT('',(0.,0.1,0.004));
#5184=CARTESIAN_POINT('',(0.0039,0.1,0.004));
#5185=CARTESIAN_POINT('',(0.,1.53080849893419E-19,0.004));
#5186=CARTESIAN_POINT('',(0.0039,1.53080849893419E-19,0.004));
#5187=CARTESIAN_POINT('',(-0.0157,0.01585,0.004));
#5188=CARTESIAN_POINT('',(-0.0157,0.0177,0.004));
#5189=CARTESIAN_POINT('',(-0.0157,0.02,0.004));
#5190=CARTESIAN_POINT('',(-0.01285,0.0177,0.004));
#5191=CARTESIAN_POINT('',(-0.01,0.0177,0.004));
#5192=CARTESIAN_POINT('',(-0.01,0.01585,0.004));
#5193=CARTESIAN_POINT('',(-0.01,0.014,0.004));
#5194=CARTESIAN_POINT('',(-0.01285,0.014,0.004));
#5195=CARTESIAN_POINT('',(-0.0157,0.014,0.004));
#5196=CARTESIAN_POINT('',(-0.0157,0.01585,0.004));
#5197=CARTESIAN_POINT('',(-0.0157,0.012,0.004));
#5198=CARTESIAN_POINT('',(-0.0167,0.012,0.004));
#5199=CARTESIAN_POINT('',(-0.0177,0.012,0.004));
#5200=CARTESIAN_POINT('',(-0.0177,0.016,0.004));
#5201=CARTESIAN_POINT('',(-0.0177,0.02,0.004));
#5202=CARTESIAN_POINT('',(-0.0167,0.02,0.004));
#5203=CARTESIAN_POINT('',(3.46944695195361E-18,0.141,0.004));
#5204=CARTESIAN_POINT('',(0.009,0.141,0.004));
#5205=CARTESIAN_POINT('',(-0.009,0.141,0.004));
#5206=CARTESIAN_POINT('',(-0.009,0.129,0.004));
#5207=CARTESIAN_POINT('',(-0.021,0.129,0.004));
#5208=CARTESIAN_POINT('',(-0.021,0.,0.004));
#5209=CARTESIAN_POINT('',(-0.021,-0.029,0.004));
#5210=CARTESIAN_POINT('',(-0.009,-0.029,0.004));
#5211=CARTESIAN_POINT('',(-0.009,-0.041,0.004));
#5212=CARTESIAN_POINT('',(0.,-0.041,0.004));
#5213=CARTESIAN_POINT('',(0.009,-0.041,0.004));
#5214=CARTESIAN_POINT('',(0.009,-0.029,0.004));
#5215=CARTESIAN_POINT('',(0.021,-0.029,0.004));
#5216=CARTESIAN_POINT('',(0.021,0.,0.004));
#5217=CARTESIAN_POINT('',(0.021,0.129,0.004));
#5218=CARTESIAN_POINT('',(0.009,0.129,0.004));
#5219=CARTESIAN_POINT('',(-0.0167,-0.012,0.004));
#5220=CARTESIAN_POINT('',(-0.0157,-0.012,0.004));
#5221=CARTESIAN_POINT('',(-0.0177,-0.012,0.004));
#5222=CARTESIAN_POINT('',(-0.0157,-0.01585,0.004));
#5223=CARTESIAN_POINT('',(-0.0157,-0.014,0.004));
#5224=CARTESIAN_POINT('',(-0.01285,-0.014,0.004));
#5225=CARTESIAN_POINT('',(-0.01,-0.014,0.004));
#5226=CARTESIAN_POINT('',(-0.01,-0.01585,0.004));
#5227=CARTESIAN_POINT('',(-0.01,-0.0177,0.004));
#5228=CARTESIAN_POINT('',(-0.01285,-0.0177,0.004));
#5229=CARTESIAN_POINT('',(-0.0157,-0.0177,0.004));
#5230=CARTESIAN_POINT('',(-0.0157,-0.01585,0.004));
#5231=CARTESIAN_POINT('',(-0.0157,-0.02,0.004));
#5232=CARTESIAN_POINT('',(-0.0167,-0.02,0.004));
#5233=CARTESIAN_POINT('',(-0.0177,-0.02,0.004));
#5234=CARTESIAN_POINT('',(-0.0177,-0.016,0.004));
#5235=CARTESIAN_POINT('',(0.,-0.041,0.004));
#5236=CARTESIAN_POINT('',(-0.009,-0.041,0.004));
#5237=CARTESIAN_POINT('',(-0.009,-0.041,0.));
#5238=CARTESIAN_POINT('',(0.,-0.041,0.));
#5239=CARTESIAN_POINT('',(0.009,-0.041,0.));
#5240=CARTESIAN_POINT('',(0.009,-0.041,0.004));
#5241=CARTESIAN_POINT('',(0.021,0.,0.004));
#5242=CARTESIAN_POINT('',(0.021,0.,0.));
#5243=CARTESIAN_POINT('',(0.021,-0.029,0.));
#5244=CARTESIAN_POINT('',(0.021,0.129,0.));
#5245=CARTESIAN_POINT('',(0.021,0.129,0.004));
#5246=CARTESIAN_POINT('',(0.021,-0.029,0.));
#5247=CARTESIAN_POINT('',(-0.021,0.,0.004));
#5248=CARTESIAN_POINT('',(-0.021,0.129,0.004));
#5249=CARTESIAN_POINT('',(-0.021,0.129,0.));
#5250=CARTESIAN_POINT('',(-0.021,0.,0.));
#5251=CARTESIAN_POINT('',(-0.021,-0.029,0.));
#5252=CARTESIAN_POINT('',(-0.021,-0.029,0.004));
#5253=CARTESIAN_POINT('',(0.,0.,0.));
#5254=CARTESIAN_POINT('',(0.,1.53080849893419E-19,0.));
#5255=CARTESIAN_POINT('',(0.0025,1.53080849893419E-19,0.));
#5256=CARTESIAN_POINT('',(0.,0.1,0.));
#5257=CARTESIAN_POINT('',(0.0025,0.1,0.));
#5258=CARTESIAN_POINT('',(-0.009,0.129,0.));
#5259=CARTESIAN_POINT('',(-0.009,0.141,0.));
#5260=CARTESIAN_POINT('',(3.46944695195361E-18,0.141,0.));
#5261=CARTESIAN_POINT('',(0.009,0.141,0.));
#5262=CARTESIAN_POINT('',(0.009,0.129,0.));
#5263=CARTESIAN_POINT('',(0.009,-0.029,0.));
#5264=CARTESIAN_POINT('',(-0.009,-0.029,0.));
#5265=CARTESIAN_POINT('',(-0.01285,-0.014,0.0118));
#5266=CARTESIAN_POINT('',(-0.0157,-0.014,0.0118));
#5267=CARTESIAN_POINT('',(-0.0157,-0.014,0.0108));
#5268=CARTESIAN_POINT('',(-0.01285,-0.014,0.0108));
#5269=CARTESIAN_POINT('',(-0.01,-0.014,0.0108));
#5270=CARTESIAN_POINT('',(-0.01,-0.014,0.0118));
#5271=CARTESIAN_POINT('',(-0.01285,-0.0177,0.0118));
#5272=CARTESIAN_POINT('',(-0.01,-0.0177,0.0118));
#5273=CARTESIAN_POINT('',(-0.01,-0.0177,0.0108));
#5274=CARTESIAN_POINT('',(-0.0157,-0.0177,0.0108));
#5275=CARTESIAN_POINT('',(-0.0157,-0.0177,0.0108));
#5276=CARTESIAN_POINT('',(-0.0157,-0.0177,0.0118));
#5277=CARTESIAN_POINT('',(-0.01,-0.01585,0.0118));
#5278=CARTESIAN_POINT('',(-0.01,-0.015,0.0108));
#5279=CARTESIAN_POINT('',(-0.01,-0.015,0.0118));
#5280=CARTESIAN_POINT('',(-0.01,-0.01585,0.0118));
#5281=CARTESIAN_POINT('',(-0.01,-0.0167,0.0118));
#5282=CARTESIAN_POINT('',(-0.01,-0.0167,0.0108));
#5283=CARTESIAN_POINT('',(0.,0.,0.0118));
#5284=CARTESIAN_POINT('',(0.,-0.015,0.0118));
#5285=CARTESIAN_POINT('',(-0.0157,-0.015,0.0118));
#5286=CARTESIAN_POINT('',(-0.0157,-0.01585,0.0118));
#5287=CARTESIAN_POINT('',(-0.0157,-0.0167,0.0118));
#5288=CARTESIAN_POINT('',(-0.01,-0.0167,0.0118));
#5289=CARTESIAN_POINT('',(-0.01285,-0.015,0.0108));
#5290=CARTESIAN_POINT('',(-0.0157,-0.015,0.0108));
#5291=CARTESIAN_POINT('',(0.,-0.0167,0.0108));
#5292=CARTESIAN_POINT('',(-0.0157,-0.0167,0.0108));
#5293=CARTESIAN_POINT('',(-0.0157,-0.01585,0.016));
#5294=CARTESIAN_POINT('',(-0.0157,-0.012,0.016));
#5295=CARTESIAN_POINT('',(-0.0157,-0.012,0.012));
#5296=CARTESIAN_POINT('',(-0.0157,-0.016,0.012));
#5297=CARTESIAN_POINT('',(-0.0157,-0.02,0.012));
#5298=CARTESIAN_POINT('',(-0.0157,-0.02,0.016));
#5299=CARTESIAN_POINT('',(-0.0167,-0.012,0.016));
#5300=CARTESIAN_POINT('',(-0.0177,-0.012,0.016));
#5301=CARTESIAN_POINT('',(-0.0177,-0.012,0.012));
#5302=CARTESIAN_POINT('',(-0.0157,-0.012,0.012));
#5303=CARTESIAN_POINT('',(-0.0177,-0.016,0.016));
#5304=CARTESIAN_POINT('',(-0.0177,-0.016,0.012));
#5305=CARTESIAN_POINT('',(-0.0177,-0.02,0.012));
#5306=CARTESIAN_POINT('',(-0.0177,-0.02,0.016));
#5307=CARTESIAN_POINT('',(-0.0167,-0.02,0.016));
#5308=CARTESIAN_POINT('',(-0.0167,-0.02,0.012));
#5309=CARTESIAN_POINT('',(-0.0167,-0.016,0.012));
#5310=CARTESIAN_POINT('',(-0.01285,0.014,0.0118));
#5311=CARTESIAN_POINT('',(-0.01,0.014,0.0118));
#5312=CARTESIAN_POINT('',(-0.01,0.014,0.0108));
#5313=CARTESIAN_POINT('',(-0.0157,0.014,0.0108));
#5314=CARTESIAN_POINT('',(-0.0157,0.014,0.0108));
#5315=CARTESIAN_POINT('',(-0.0157,0.014,0.0118));
#5316=CARTESIAN_POINT('',(-0.01,0.01585,0.0118));
#5317=CARTESIAN_POINT('',(-0.01,0.01585,0.0118));
#5318=CARTESIAN_POINT('',(-0.01,0.015,0.0118));
#5319=CARTESIAN_POINT('',(-0.01,0.0167,0.0118));
#5320=CARTESIAN_POINT('',(-0.01,0.015,0.0108));
#5321=CARTESIAN_POINT('',(-0.01,0.0177,0.0118));
#5322=CARTESIAN_POINT('',(-0.01,0.0177,0.0108));
#5323=CARTESIAN_POINT('',(-0.01,0.0167,0.0108));
#5324=CARTESIAN_POINT('',(-0.01285,0.0177,0.0118));
#5325=CARTESIAN_POINT('',(-0.0157,0.0177,0.0118));
#5326=CARTESIAN_POINT('',(-0.0157,0.0177,0.0108));
#5327=CARTESIAN_POINT('',(-0.01285,0.0177,0.0108));
#5328=CARTESIAN_POINT('',(0.,0.,0.0118));
#5329=CARTESIAN_POINT('',(-0.0157,0.01585,0.0118));
#5330=CARTESIAN_POINT('',(-0.0157,0.015,0.0118));
#5331=CARTESIAN_POINT('',(-0.0157,0.0167,0.0118));
#5332=CARTESIAN_POINT('',(-0.01,0.015,0.0118));
#5333=CARTESIAN_POINT('',(0.,0.0167,0.0118));
#5334=CARTESIAN_POINT('',(0.,0.015,0.0108));
#5335=CARTESIAN_POINT('',(-0.0157,0.015,0.0108));
#5336=CARTESIAN_POINT('',(-0.01285,0.0167,0.0108));
#5337=CARTESIAN_POINT('',(-0.0157,0.0167,0.0108));
#5338=CARTESIAN_POINT('',(-0.0157,0.01585,0.016));
#5339=CARTESIAN_POINT('',(-0.0157,0.016,0.012));
#5340=CARTESIAN_POINT('',(-0.0157,0.02,0.012));
#5341=CARTESIAN_POINT('',(-0.0157,0.012,0.012));
#5342=CARTESIAN_POINT('',(-0.0157,0.012,0.016));
#5343=CARTESIAN_POINT('',(-0.0157,0.02,0.016));
#5344=CARTESIAN_POINT('',(-0.0167,0.02,0.016));
#5345=CARTESIAN_POINT('',(-0.0177,0.02,0.016));
#5346=CARTESIAN_POINT('',(-0.0177,0.02,0.012));
#5347=CARTESIAN_POINT('',(-0.0157,0.02,0.012));
#5348=CARTESIAN_POINT('',(-0.0177,0.016,0.016));
#5349=CARTESIAN_POINT('',(-0.0177,0.012,0.016));
#5350=CARTESIAN_POINT('',(-0.0177,0.012,0.012));
#5351=CARTESIAN_POINT('',(-0.0177,0.016,0.012));
#5352=CARTESIAN_POINT('',(-0.0167,0.012,0.016));
#5353=CARTESIAN_POINT('',(-0.0167,0.012,0.012));
#5354=CARTESIAN_POINT('',(0.,0.016,0.012));
#5355=CARTESIAN_POINT('',(3.46944695195361E-18,0.141,0.002));
#5356=CARTESIAN_POINT('',(-0.009,0.141,0.002));
#5357=CARTESIAN_POINT('',(0.009,0.141,0.));
#5358=CARTESIAN_POINT('',(-0.009,0.129,0.004));
#5359=CARTESIAN_POINT('',(0.009,0.129,0.002));
#5360=CARTESIAN_POINT('',(-0.009,-0.029,0.004));
#5361=CARTESIAN_POINT('',(0.009,-0.029,0.004));
#5362=CARTESIAN_POINT('',(0.,0.1,-0.183477330487208));
#5363=CARTESIAN_POINT('',(0.,0.1,0.0026));
#5364=CARTESIAN_POINT('',(0.0025,0.1,0.0026));
#5365=CARTESIAN_POINT('',(0.,1.53080849893419E-19,-0.183477330487208));
#5366=CARTESIAN_POINT('',(0.,1.53080849893419E-19,0.0026));
#5367=CARTESIAN_POINT('',(0.0025,1.53080849893419E-19,0.0026));
#5368=CARTESIAN_POINT('',(0.,0.1,0.0026));
#5369=CARTESIAN_POINT('',(0.,1.53080849893419E-19,0.0026));
#5370=CARTESIAN_POINT('',(-0.012445856140554,-0.00975755286812782,-0.0175128058448434));
#5371=CARTESIAN_POINT('',(-0.0187638837486629,-0.006,-2.64123624299906E-18));
#5372=CARTESIAN_POINT('',(-0.0187638837486629,0.,-2.64123624299906E-18));
#5373=CARTESIAN_POINT('',(-0.0375277674973257,0.,-5.28247248599811E-18));
#5374=CARTESIAN_POINT('',(-0.019,0.,-2.67447236878976E-18));
#5375=CARTESIAN_POINT('',(-0.019,-0.006,-2.67447236878976E-18));
#5376=CARTESIAN_POINT('',(-0.019,-0.006,-2.67447236878976E-18));
#5377=CARTESIAN_POINT('',(-0.0187638837486629,-0.006,-2.64123624299906E-18));
#5378=CARTESIAN_POINT('',(-0.0375277674973257,-0.006,-5.28247248599811E-18));
#5379=CARTESIAN_POINT('',(-0.0375277674973257,-0.006,-5.28247248599811E-18));
#5380=CARTESIAN_POINT('',(-0.0187638837486629,-0.006,0.025));
#5381=CARTESIAN_POINT('',(-0.00638194187433142,-0.006,0.0126180581256686));
#5382=CARTESIAN_POINT('',(-0.018,-0.006,0.001));
#5383=CARTESIAN_POINT('',(-0.018,-0.006,0.008));
#5384=CARTESIAN_POINT('',(-0.018,-0.006,0.008));
#5385=CARTESIAN_POINT('',(0.0187638837486629,-0.006,0.008));
#5386=CARTESIAN_POINT('',(-0.014,-0.006,0.008));
#5387=CARTESIAN_POINT('',(-0.014,-0.006,0.008));
#5388=CARTESIAN_POINT('',(-0.014,-0.006,0.001));
#5389=CARTESIAN_POINT('',(-0.0283819418743314,-0.006,0.0153819418743315));
#5390=CARTESIAN_POINT('',(-0.013,-0.006,-1.82990214706668E-18));
#5391=CARTESIAN_POINT('',(-0.0187638837486629,-0.006,-2.64123624299906E-18));
#5392=CARTESIAN_POINT('',(0.013,-0.006,1.82990214706668E-18));
#5393=CARTESIAN_POINT('',(0.00961805812566859,-0.006,-0.00338194187433141));
#5394=CARTESIAN_POINT('',(0.014,-0.006,0.001));
#5395=CARTESIAN_POINT('',(0.014,-0.006,0.008));
#5396=CARTESIAN_POINT('',(0.014,-0.006,0.008));
#5397=CARTESIAN_POINT('',(-0.0187638837486629,-0.006,0.008));
#5398=CARTESIAN_POINT('',(0.018,-0.006,0.008));
#5399=CARTESIAN_POINT('',(0.018,-0.006,0.008));
#5400=CARTESIAN_POINT('',(0.018,-0.006,0.001));
#5401=CARTESIAN_POINT('',(-0.0123819418743315,-0.006,0.0313819418743314));
#5402=CARTESIAN_POINT('',(0.019,-0.006,2.67447236878977E-18));
#5403=CARTESIAN_POINT('',(-0.0187638837486629,-0.006,-2.64123624299906E-18));
#5404=CARTESIAN_POINT('',(0.0375277674973257,-0.006,-5.28247248599811E-18));
#5405=CARTESIAN_POINT('',(0.023094010767585,-0.006,0.025));
#5406=CARTESIAN_POINT('',(0.0119768788281998,-0.006,0.0442554373534619));
#5407=CARTESIAN_POINT('',(-1.7347234759768E-18,-0.006,0.045));
#5408=CARTESIAN_POINT('',(-0.0119768788281998,-0.006,0.0442554373534619));
#5409=CARTESIAN_POINT('',(-0.023094010767585,-0.006,0.025));
#5410=CARTESIAN_POINT('',(-0.0187638837486629,-0.006,-2.64123624299906E-18));
#5411=CARTESIAN_POINT('',(-0.013,0.,-1.82990214706668E-18));
#5412=CARTESIAN_POINT('',(-0.013,0.,-1.82990214706668E-18));
#5413=CARTESIAN_POINT('',(-0.0187638837486629,0.,-2.64123624299906E-18));
#5414=CARTESIAN_POINT('',(0.013,0.,1.82990214706668E-18));
#5415=CARTESIAN_POINT('',(0.013,-0.006,1.82990214706668E-18));
#5416=CARTESIAN_POINT('',(-1.7347234759768E-18,-0.008,0.045));
#5417=CARTESIAN_POINT('',(-1.7347234759768E-18,-0.008,0.045));
#5418=CARTESIAN_POINT('',(0.00866025403784439,-0.008,0.05));
#5419=CARTESIAN_POINT('',(-0.00866025403784439,-0.008,0.05));
#5420=CARTESIAN_POINT('',(0.00866025403784439,-0.006,0.05));
#5421=CARTESIAN_POINT('',(0.00866025403784439,0.,0.05));
#5422=CARTESIAN_POINT('',(-1.7347234759768E-18,0.,0.045));
#5423=CARTESIAN_POINT('',(-0.00866025403784439,0.,0.05));
#5424=CARTESIAN_POINT('',(-0.00866025403784439,-0.006,0.05));
#5425=CARTESIAN_POINT('',(-3.46944695195361E-18,-0.008,0.045));
#5426=CARTESIAN_POINT('',(0.00461280574656139,-0.008,0.0413214101690335));
#5427=CARTESIAN_POINT('',(0.00638432124215834,-0.008,0.043542820338067));
#5428=CARTESIAN_POINT('',(0.00284129025096444,-0.008,0.0391));
#5429=CARTESIAN_POINT('',(1.83284232516493E-17,-0.008,0.0391));
#5430=CARTESIAN_POINT('',(-0.00284129025096439,-0.008,0.0391));
#5431=CARTESIAN_POINT('',(-0.00461280574656136,-0.008,0.0413214101690334));
#5432=CARTESIAN_POINT('',(-0.00638432124215833,-0.008,0.043542820338067));
#5433=CARTESIAN_POINT('',(-0.00575207468187277,-0.008,0.0463128735103422));
#5434=CARTESIAN_POINT('',(-0.00511982812158721,-0.008,0.0490829266826175));
#5435=CARTESIAN_POINT('',(-0.00255991406079361,-0.008,0.0503157163206243));
#5436=CARTESIAN_POINT('',(-2.02721848481946E-17,-0.008,0.051548505958631));
#5437=CARTESIAN_POINT('',(0.00255991406079357,-0.008,0.0503157163206243));
#5438=CARTESIAN_POINT('',(0.00511982812158717,-0.008,0.0490829266826176));
#5439=CARTESIAN_POINT('',(0.00575207468187275,-0.008,0.0463128735103423));
#5440=CARTESIAN_POINT('',(-1.7347234759768E-18,-0.008,0.045));
#5441=CARTESIAN_POINT('',(-3.46944695195361E-18,0.,0.045));
#5442=CARTESIAN_POINT('',(-0.018,0.,0.008));
#5443=CARTESIAN_POINT('',(-0.018,0.,0.008));
#5444=CARTESIAN_POINT('',(-0.018,0.,0.001));
#5445=CARTESIAN_POINT('',(-0.018,0.,0.001));
#5446=CARTESIAN_POINT('',(-0.023094010767585,0.,0.025));
#5447=CARTESIAN_POINT('',(0.023094010767585,0.,0.025));
#5448=CARTESIAN_POINT('',(0.0375277674973257,0.,-5.28247248599811E-18));
#5449=CARTESIAN_POINT('',(-0.0187638837486629,0.,-2.64123624299906E-18));
#5450=CARTESIAN_POINT('',(0.019,0.,2.67447236878977E-18));
#5451=CARTESIAN_POINT('',(0.019,0.,2.67447236878977E-18));
#5452=CARTESIAN_POINT('',(0.018,0.,0.001));
#5453=CARTESIAN_POINT('',(0.018,0.,0.008));
#5454=CARTESIAN_POINT('',(0.018,0.,0.008));
#5455=CARTESIAN_POINT('',(-0.0187638837486629,0.,0.008));
#5456=CARTESIAN_POINT('',(0.014,0.,0.008));
#5457=CARTESIAN_POINT('',(0.014,0.,0.008));
#5458=CARTESIAN_POINT('',(0.014,0.,0.001));
#5459=CARTESIAN_POINT('',(0.014,0.,0.001));
#5460=CARTESIAN_POINT('',(-0.013,0.,-1.82990214706668E-18));
#5461=CARTESIAN_POINT('',(-0.014,0.,0.001));
#5462=CARTESIAN_POINT('',(-0.014,0.,0.008));
#5463=CARTESIAN_POINT('',(-0.014,0.,0.008));
#5464=CARTESIAN_POINT('',(0.0187638837486629,0.,0.008));
#5465=CARTESIAN_POINT('',(-3.46944695195361E-18,-0.028,0.0411));
#5466=CARTESIAN_POINT('',(-0.00187814101334937,-0.028,0.0411));
#5467=CARTESIAN_POINT('',(-0.00187814101334937,-0.027,0.0411));
#5468=CARTESIAN_POINT('',(-0.00187814101334937,-0.01,0.0411));
#5469=CARTESIAN_POINT('',(-3.46944695195361E-18,-0.01,0.0411));
#5470=CARTESIAN_POINT('',(0.00187814101334936,-0.01,0.0411));
#5471=CARTESIAN_POINT('',(0.00187814101334936,-0.028,0.0411));
#5472=CARTESIAN_POINT('',(0.00187814101334936,-0.027,0.0411));
#5473=CARTESIAN_POINT('',(-0.00187814101334937,-0.027,0.0411));
#5474=CARTESIAN_POINT('',(0.00304914278162531,-0.028,0.042568389772751));
#5475=CARTESIAN_POINT('',(0.00304914278162531,-0.01,0.042568389772751));
#5476=CARTESIAN_POINT('',(0.00422014454990128,-0.01,0.0440367795455019));
#5477=CARTESIAN_POINT('',(0.00422014454990128,-0.028,0.0440367795455019));
#5478=CARTESIAN_POINT('',(0.00422014454990128,-0.027,0.0440367795455019));
#5479=CARTESIAN_POINT('',(0.00187814101334937,-0.027,0.0411));
#5480=CARTESIAN_POINT('',(0.00380221885750911,-0.028,0.0458678316424296));
#5481=CARTESIAN_POINT('',(0.00380221885750911,-0.01,0.0458678316424296));
#5482=CARTESIAN_POINT('',(0.00338429316511694,-0.01,0.0476988837393574));
#5483=CARTESIAN_POINT('',(0.00338429316511694,-0.028,0.0476988837393574));
#5484=CARTESIAN_POINT('',(0.00338429316511694,-0.027,0.0476988837393574));
#5485=CARTESIAN_POINT('',(0.00422014454990128,-0.027,0.0440367795455019));
#5486=CARTESIAN_POINT('',(0.00169214658255847,-0.028,0.0485137785848194));
#5487=CARTESIAN_POINT('',(0.00169214658255847,-0.01,0.0485137785848194));
#5488=CARTESIAN_POINT('',(-1.62630325872825E-18,-0.01,0.0493286734302815));
#5489=CARTESIAN_POINT('',(-1.62630325872825E-18,-0.028,0.0493286734302815));
#5490=CARTESIAN_POINT('',(-1.62630325872825E-18,-0.027,0.0493286734302815));
#5491=CARTESIAN_POINT('',(0.00338429316511694,-0.027,0.0476988837393574));
#5492=CARTESIAN_POINT('',(-0.00169214658255847,-0.028,0.0485137785848194));
#5493=CARTESIAN_POINT('',(-0.00169214658255847,-0.01,0.0485137785848194));
#5494=CARTESIAN_POINT('',(-0.00338429316511696,-0.01,0.0476988837393574));
#5495=CARTESIAN_POINT('',(-0.00338429316511696,-0.028,0.0476988837393574));
#5496=CARTESIAN_POINT('',(-0.00338429316511696,-0.027,0.0476988837393574));
#5497=CARTESIAN_POINT('',(-1.8901854624811E-18,-0.027,0.0493286734302815));
#5498=CARTESIAN_POINT('',(-0.00380221885750911,-0.028,0.0458678316424296));
#5499=CARTESIAN_POINT('',(-0.00380221885750911,-0.01,0.0458678316424296));
#5500=CARTESIAN_POINT('',(-0.00422014454990127,-0.01,0.0440367795455019));
#5501=CARTESIAN_POINT('',(-0.00422014454990127,-0.028,0.0440367795455019));
#5502=CARTESIAN_POINT('',(-0.00422014454990127,-0.027,0.0440367795455019));
#5503=CARTESIAN_POINT('',(-0.00338429316511696,-0.027,0.0476988837393574));
#5504=CARTESIAN_POINT('',(-0.00304914278162531,-0.028,0.042568389772751));
#5505=CARTESIAN_POINT('',(-0.00304914278162531,-0.01,0.042568389772751));
#5506=CARTESIAN_POINT('',(-0.00422014454990127,-0.027,0.0440367795455019));
#5507=CARTESIAN_POINT('',(-3.46944695195361E-18,-0.028,0.045));
#5508=CARTESIAN_POINT('',(-0.00109630953088133,-0.028,0.0417234898018587));
#5509=CARTESIAN_POINT('',(-0.00313805620377273,-0.028,0.0442837591492194));
#5510=CARTESIAN_POINT('',(-0.00139656639454182,-0.028,0.0421));
#5511=CARTESIAN_POINT('',(0.00187814101334936,-0.028,0.0421));
#5512=CARTESIAN_POINT('',(0.00139656639454184,-0.028,0.0421));
#5513=CARTESIAN_POINT('',(0.00343831306743323,-0.028,0.0446602693473606));
#5514=CARTESIAN_POINT('',(0.00313805620377273,-0.028,0.0442837591492194));
#5515=CARTESIAN_POINT('',(0.00240936525293512,-0.028,0.0474763628054011));
#5516=CARTESIAN_POINT('',(0.00251652568688183,-0.028,0.0470068622677273));
#5517=CARTESIAN_POINT('',(-0.000433883739117562,-0.028,0.0484277045623791));
#5518=CARTESIAN_POINT('',(-1.05845339875922E-17,-0.028,0.0482187571661067));
#5519=CARTESIAN_POINT('',(-0.00295040942599939,-0.028,0.0467979148714549));
#5520=CARTESIAN_POINT('',(-0.00251652568688184,-0.028,0.0470068622677273));
#5521=CARTESIAN_POINT('',(-0.00324521663771944,-0.028,0.0438142586115456));
#5522=CARTESIAN_POINT('',(-0.023094010767585,-0.006,0.025));
#5523=CARTESIAN_POINT('',(-0.0119768788281998,-0.006,0.0442554373534619));
#5524=CARTESIAN_POINT('',(-0.0114648103329033,-0.00656611302195345,0.0451423660042708));
#5525=CARTESIAN_POINT('',(-0.0104154954155326,-0.00755879569127911,0.0469598327542968));
#5526=CARTESIAN_POINT('',(-0.00924935999104235,-0.008,0.0489796385580198));
#5527=CARTESIAN_POINT('',(-0.00866025403784439,-0.008,0.05));
#5528=CARTESIAN_POINT('',(-0.0187638837486629,-0.006,-2.64123624299906E-18));
#5529=CARTESIAN_POINT('',(0.019,0.,2.67447236878977E-18));
#5530=CARTESIAN_POINT('',(0.0375277674973257,-0.006,-5.28247248599811E-18));
#5531=CARTESIAN_POINT('',(0.023094010767585,-0.006,0.025));
#5532=CARTESIAN_POINT('',(0.00866025403784439,-0.008,0.05));
#5533=CARTESIAN_POINT('',(0.00983771919862667,-0.008,0.0479605705173828));
#5534=CARTESIAN_POINT('',(0.0109512070718287,-0.00713392279131597,0.0460319529473852));
#5535=CARTESIAN_POINT('',(0.0119768788281998,-0.006,0.0442554373534619));
#5536=CARTESIAN_POINT('',(-1.7347234759768E-18,-0.008,0.045));
#5537=CARTESIAN_POINT('',(0.014,-0.003,0.008));
#5538=CARTESIAN_POINT('',(0.014,-0.003,0.001));
#5539=CARTESIAN_POINT('',(0.014,-0.003,0.008));
#5540=CARTESIAN_POINT('',(0.018,-0.003,0.008));
#5541=CARTESIAN_POINT('',(0.018,-0.006,0.001));
#5542=CARTESIAN_POINT('',(0.018,-0.003,0.008));
#5543=CARTESIAN_POINT('',(-1.12609362896411E-18,-0.003,0.008));
#5544=CARTESIAN_POINT('',(0.019,-0.006,2.67447236878977E-18));
#5545=CARTESIAN_POINT('',(0.014,-0.003,0.001));
#5546=CARTESIAN_POINT('',(-0.018,-0.003,0.008));
#5547=CARTESIAN_POINT('',(-0.018,-0.003,0.001));
#5548=CARTESIAN_POINT('',(-0.018,-0.003,0.008));
#5549=CARTESIAN_POINT('',(-0.014,-0.003,0.008));
#5550=CARTESIAN_POINT('',(-0.014,-0.006,0.001));
#5551=CARTESIAN_POINT('',(-0.014,-0.003,0.008));
#5552=CARTESIAN_POINT('',(1.12609362896411E-18,-0.003,0.008));
#5553=CARTESIAN_POINT('',(-0.018,-0.003,0.001));
#5554=CARTESIAN_POINT('',(-0.013,-0.006,-1.82990214706668E-18));
#5555=CARTESIAN_POINT('',(-0.00125826284344093,-0.027,0.047612809716917));
#5556=CARTESIAN_POINT('',(-0.00251652568688184,-0.027,0.0470068622677273));
#5557=CARTESIAN_POINT('',(-7.58941520739853E-18,-0.027,0.0482187571661067));
#5558=CARTESIAN_POINT('',(0.0012582628434409,-0.027,0.047612809716917));
#5559=CARTESIAN_POINT('',(0.00251652568688183,-0.027,0.0470068622677273));
#5560=CARTESIAN_POINT('',(-0.00282729094532729,-0.027,0.0456453107084733));
#5561=CARTESIAN_POINT('',(-0.00313805620377273,-0.027,0.0442837591492194));
#5562=CARTESIAN_POINT('',(0.00282729094532728,-0.027,0.0456453107084733));
#5563=CARTESIAN_POINT('',(0.00313805620377273,-0.027,0.0442837591492194));
#5564=CARTESIAN_POINT('',(-0.00226731129915728,-0.027,0.0431918795746097));
#5565=CARTESIAN_POINT('',(-0.00139656639454182,-0.027,0.0421));
#5566=CARTESIAN_POINT('',(0.00226731129915729,-0.027,0.0431918795746097));
#5567=CARTESIAN_POINT('',(0.00139656639454184,-0.027,0.0421));
#5568=CARTESIAN_POINT('',(7.24476043625796E-18,-0.027,0.0421));
#5569=CARTESIAN_POINT('',(-0.00169214658255847,-0.01,0.0485137785848194));
#5570=CARTESIAN_POINT('',(-0.00303263745202162,-0.0104052418671077,0.0474184476661154));
#5571=CARTESIAN_POINT('',(-1.5178830414797E-17,-0.0104052418671077,0.0488788888910541));
#5572=CARTESIAN_POINT('',(0.00169214658255847,-0.01,0.0485137785848194));
#5573=CARTESIAN_POINT('',(0.0030326374520216,-0.0104052418671077,0.0474184476661154));
#5574=CARTESIAN_POINT('',(-0.00380221885750911,-0.01,0.0458678316424296));
#5575=CARTESIAN_POINT('',(-0.00378163704814066,-0.0104052418671077,0.0441368660212498));
#5576=CARTESIAN_POINT('',(0.00380221885750911,-0.01,0.0458678316424296));
#5577=CARTESIAN_POINT('',(0.00378163704814065,-0.0104052418671077,0.0441368660212499));
#5578=CARTESIAN_POINT('',(-0.00304914278162531,-0.01,0.042568389772751));
#5579=CARTESIAN_POINT('',(-0.0016829868156721,-0.0104052418671077,0.0415052418671077));
#5580=CARTESIAN_POINT('',(0.00304914278162531,-0.01,0.042568389772751));
#5581=CARTESIAN_POINT('',(0.00168298681567214,-0.0104052418671077,0.0415052418671077));
#5582=CARTESIAN_POINT('',(-3.46944695195361E-18,-0.01,0.0411));
#5583=CARTESIAN_POINT('',(-0.012295856140554,-0.0259075528681279,-0.0137128058448434));
#5584=CARTESIAN_POINT('',(0.0382785925865173,-0.08,0.006));
#5585=CARTESIAN_POINT('',(0.0361033440951347,-0.08,0.00750454906833613));
#5586=CARTESIAN_POINT('',(0.0354561541287532,-0.08,0.00656885409657551));
#5587=CARTESIAN_POINT('',(0.0362785925865173,-0.08,0.00775792001151083));
#5588=CARTESIAN_POINT('',(0.0377482210106628,-0.08,0.00563315912481489));
#5589=CARTESIAN_POINT('',(0.0371010310442813,-0.08,0.00656885409657551));
#5590=CARTESIAN_POINT('',(0.0362785925865173,-0.08,0.006));
#5591=CARTESIAN_POINT('',(0.0342785925865173,-0.08,0.006));
#5592=CARTESIAN_POINT('',(0.0342785925865173,-0.08,0.002));
#5593=CARTESIAN_POINT('',(0.0342785925865173,-0.08,0.01));
#5594=CARTESIAN_POINT('',(0.0382785925865173,-0.08,0.002));
#5595=CARTESIAN_POINT('',(0.0392785925865173,-0.08,0.002));
#5596=CARTESIAN_POINT('',(0.0392785925865173,-0.08,0.006));
#5597=CARTESIAN_POINT('',(0.0392785925865173,-0.08,0.012));
#5598=CARTESIAN_POINT('',(0.0382785925865173,-0.08,0.012));
#5599=CARTESIAN_POINT('',(0.0362785925865173,-0.08,0.012));
#5600=CARTESIAN_POINT('',(0.0342785925865173,-0.08,0.01));
#5601=CARTESIAN_POINT('',(0.0342785925865173,-0.076,0.006));
#5602=CARTESIAN_POINT('',(0.0342785925865173,-0.076,0.002));
#5603=CARTESIAN_POINT('',(0.0342785925865173,-0.076,0.002));
#5604=CARTESIAN_POINT('',(0.0372785925865173,-0.076,0.002));
#5605=CARTESIAN_POINT('',(0.0342785925865173,-0.076,0.006));
#5606=CARTESIAN_POINT('',(0.0342785925865173,-0.076,0.01));
#5607=CARTESIAN_POINT('',(0.0342785925865173,-0.076,0.01));
#5608=CARTESIAN_POINT('',(0.0362785925865173,-0.076,0.012));
#5609=CARTESIAN_POINT('',(0.0342785925865173,-0.076,0.012));
#5610=CARTESIAN_POINT('',(0.0372785925865173,-0.076,0.012));
#5611=CARTESIAN_POINT('',(0.0372785925865173,-0.076,0.006));
#5612=CARTESIAN_POINT('',(0.0372785925865173,-0.076,0.006));
#5613=CARTESIAN_POINT('',(0.0362785925865173,-0.076,0.006));
#5614=CARTESIAN_POINT('',(0.0371010310442813,-0.076,0.00656885409657551));
#5615=CARTESIAN_POINT('',(0.0366898118153993,-0.076,0.00716338705404317));
#5616=CARTESIAN_POINT('',(0.0362785925865173,-0.076,0.00775792001151083));
#5617=CARTESIAN_POINT('',(0.0358673733576353,-0.076,0.00716338705404317));
#5618=CARTESIAN_POINT('',(0.0354561541287532,-0.076,0.00656885409657551));
#5619=CARTESIAN_POINT('',(0.0362785925865173,-0.076,0.006));
#5620=CARTESIAN_POINT('',(0.0372785925865173,-0.076,0.006));
#5621=CARTESIAN_POINT('',(0.0342785925865173,-0.0399750124500001,0.006));
#5622=CARTESIAN_POINT('',(0.0342785925865173,-0.0399750124500001,0.002));
#5623=CARTESIAN_POINT('',(0.0342785925865173,-0.0399750124500001,0.01));
#5624=CARTESIAN_POINT('',(0.0372785925865173,-0.08,0.006));
#5625=CARTESIAN_POINT('',(0.0372785925865173,-0.0664606079858305,0.002));
#5626=CARTESIAN_POINT('',(0.0372785925865173,-0.0664606079858305,0.002));
#5627=CARTESIAN_POINT('',(0.0372785925865173,-0.0664606079858305,0.));
#5628=CARTESIAN_POINT('',(0.0372785925865173,-0.08,0.002));
#5629=CARTESIAN_POINT('',(0.0372785925865173,-0.08,0.012));
#5630=CARTESIAN_POINT('',(0.0372785925865173,-0.056,0.012));
#5631=CARTESIAN_POINT('',(0.0372785925865173,-0.056,0.006));
#5632=CARTESIAN_POINT('',(0.0372785925865173,-0.056,0.006));
#5633=CARTESIAN_POINT('',(0.0372785925865173,-0.056,0.006));
#5634=CARTESIAN_POINT('',(0.0372785925865173,-0.056,0.));
#5635=CARTESIAN_POINT('',(0.0372785925865173,-0.08,0.));
#5636=CARTESIAN_POINT('',(0.0372785925865173,-0.08,0.006));
#5637=CARTESIAN_POINT('',(0.0372785925865173,-0.053,0.006));
#5638=CARTESIAN_POINT('',(0.0372785925865173,-0.053,0.006));
#5639=CARTESIAN_POINT('',(0.0372785925865173,-0.053,0.));
#5640=CARTESIAN_POINT('',(0.0372785925865173,-0.053,0.006));
#5641=CARTESIAN_POINT('',(0.0372785925865173,-0.053,0.012));
#5642=CARTESIAN_POINT('',(0.0372785925865173,-0.08,0.012));
#5643=CARTESIAN_POINT('',(0.0372785925865173,-0.033,0.012));
#5644=CARTESIAN_POINT('',(0.0372785925865173,-0.033,0.006));
#5645=CARTESIAN_POINT('',(0.0372785925865173,-0.033,0.006));
#5646=CARTESIAN_POINT('',(0.0372785925865173,-0.033,0.006));
#5647=CARTESIAN_POINT('',(0.0372785925865173,-0.033,0.));
#5648=CARTESIAN_POINT('',(0.0372785925865173,-0.08,0.));
#5649=CARTESIAN_POINT('',(-0.00119698097495044,-0.0114019038787057,0.));
#5650=CARTESIAN_POINT('',(-0.00119698097495044,-0.0114019038787057,0.012));
#5651=CARTESIAN_POINT('',(-0.00260481225663304,-0.0113878406385453,0.));
#5652=CARTESIAN_POINT('',(-0.00260481225663304,-0.0113878406385453,0.012));
#5653=CARTESIAN_POINT('',(-0.00546507041562746,-0.0108473797679775,0.));
#5654=CARTESIAN_POINT('',(-0.00546507041562746,-0.0108473797679775,0.012));
#5655=CARTESIAN_POINT('',(-0.00928927577702354,-0.00843042674466145,0.));
#5656=CARTESIAN_POINT('',(-0.00928927577702354,-0.00843042674466145,0.012));
#5657=CARTESIAN_POINT('',(-0.0120866353098195,-0.00469911229266551,0.));
#5658=CARTESIAN_POINT('',(-0.0120866353098195,-0.00469911229266551,0.012));
#5659=CARTESIAN_POINT('',(-0.0133734465604751,-4.96235630623226E-5,0.));
#5660=CARTESIAN_POINT('',(-0.0133734465604751,-4.96235630623226E-5,0.012));
#5661=CARTESIAN_POINT('',(-0.0128897379255656,0.00488971373206191,0.));
#5662=CARTESIAN_POINT('',(-0.0128897379255656,0.00488971373206191,0.012));
#5663=CARTESIAN_POINT('',(-0.0105910839529536,0.00946610496504417,0.));
#5664=CARTESIAN_POINT('',(-0.0105910839529536,0.00946610496504417,0.012));
#5665=CARTESIAN_POINT('',(-0.00667660437389133,0.0129896888350253,0.));
#5666=CARTESIAN_POINT('',(-0.00667660437389133,0.0129896888350253,0.012));
#5667=CARTESIAN_POINT('',(-0.00162618733855039,0.0149451628651942,0.));
#5668=CARTESIAN_POINT('',(-0.00162618733855039,0.0149451628651942,0.012));
#5669=CARTESIAN_POINT('',(0.00394568089945736,0.0149166163663751,0.));
#5670=CARTESIAN_POINT('',(0.00394568089945736,0.0149166163663751,0.012));
#5671=CARTESIAN_POINT('',(0.00927359109980814,0.0128592386795243,0.));
#5672=CARTESIAN_POINT('',(0.00927359109980814,0.0128592386795243,0.012));
#5673=CARTESIAN_POINT('',(0.0136098266185186,0.00889754748836437,0.));
#5674=CARTESIAN_POINT('',(0.0136098266185186,0.00889754748836437,0.012));
#5675=CARTESIAN_POINT('',(0.0162951109862867,0.0035194823328687,0.));
#5676=CARTESIAN_POINT('',(0.0162951109862867,0.0035194823328687,0.012));
#5677=CARTESIAN_POINT('',(0.0168904993814086,-0.00262207836276467,0.));
#5678=CARTESIAN_POINT('',(0.0168904993814086,-0.00262207836276467,0.012));
#5679=CARTESIAN_POINT('',(0.0151720957339598,-0.00869995513663361,0.));
#5680=CARTESIAN_POINT('',(0.0151720957339598,-0.00869995513663361,0.012));
#5681=CARTESIAN_POINT('',(0.0113211611030536,-0.0138923493485465,0.));
#5682=CARTESIAN_POINT('',(0.0113211611030536,-0.0138923493485465,0.012));
#5683=CARTESIAN_POINT('',(0.00570642749230703,-0.017403312797205,0.));
#5684=CARTESIAN_POINT('',(0.00570642749230703,-0.017403312797205,0.012));
#5685=CARTESIAN_POINT('',(-0.000924501829372109,-0.0187174608202943,0.));
#5686=CARTESIAN_POINT('',(-0.000924501829372109,-0.0187174608202943,0.012));
#5687=CARTESIAN_POINT('',(-0.00774258239180191,-0.0175119954977411,0.));
#5688=CARTESIAN_POINT('',(-0.00774258239180191,-0.0175119954977411,0.012));
#5689=CARTESIAN_POINT('',(-0.0137889707952174,-0.0138663650137019,0.));
#5690=CARTESIAN_POINT('',(-0.0137889707952174,-0.0138663650137019,0.012));
#5691=CARTESIAN_POINT('',(-0.018232057995558,-0.00817512374503719,0.));
#5692=CARTESIAN_POINT('',(-0.018232057995558,-0.00817512374503719,0.012));
#5693=CARTESIAN_POINT('',(-0.0203431515590121,-0.00111764041741597,0.));
#5694=CARTESIAN_POINT('',(-0.0203431515590121,-0.00111764041741597,0.012));
#5695=CARTESIAN_POINT('',(-0.0198073852779321,0.00637740799427941,0.));
#5696=CARTESIAN_POINT('',(-0.0198073852779321,0.00637740799427941,0.012));
#5697=CARTESIAN_POINT('',(-0.0165063178311041,0.0133032399802307,0.));
#5698=CARTESIAN_POINT('',(-0.0165063178311041,0.0133032399802307,0.012));
#5699=CARTESIAN_POINT('',(-0.0108631357077505,0.0187032444944341,0.));
#5700=CARTESIAN_POINT('',(-0.0108631357077505,0.0187032444944341,0.012));
#5701=CARTESIAN_POINT('',(-0.00349952270085312,0.0217581928771058,0.));
#5702=CARTESIAN_POINT('',(-0.00349952270085312,0.0217581928771058,0.012));
#5703=CARTESIAN_POINT('',(0.00461507618763651,0.0219714519684838,0.));
#5704=CARTESIAN_POINT('',(0.00461507618763651,0.0219714519684838,0.012));
#5705=CARTESIAN_POINT('',(0.012407401180703,0.0192041077234206,0.));
#5706=CARTESIAN_POINT('',(0.012407401180703,0.0192041077234206,0.012));
#5707=CARTESIAN_POINT('',(0.0187992296460324,0.0137248205381063,0.));
#5708=CARTESIAN_POINT('',(0.0187992296460324,0.0137248205381063,0.012));
#5709=CARTESIAN_POINT('',(0.022867460994977,0.00618279667414155,0.));
#5710=CARTESIAN_POINT('',(0.022867460994977,0.00618279667414155,0.012));
#5711=CARTESIAN_POINT('',(0.0239741009460376,-0.00246598610168903,0.));
#5712=CARTESIAN_POINT('',(0.0239741009460376,-0.00246598610168903,0.012));
#5713=CARTESIAN_POINT('',(0.0218652089173586,-0.0110809177240381,0.));
#5714=CARTESIAN_POINT('',(0.0218652089173586,-0.0110809177240381,0.012));
#5715=CARTESIAN_POINT('',(0.0167177810542834,-0.0184871995372725,0.));
#5716=CARTESIAN_POINT('',(0.0167177810542834,-0.0184871995372725,0.012));
#5717=CARTESIAN_POINT('',(0.00913002016893167,-0.023635597064136,0.));
#5718=CARTESIAN_POINT('',(0.00913002016893167,-0.023635597064136,0.012));
#5719=CARTESIAN_POINT('',(5.33977177742233E-5,-0.0257503507619295,0.));
#5720=CARTESIAN_POINT('',(5.33977177742233E-5,-0.0257503507619295,0.012));
#5721=CARTESIAN_POINT('',(-0.00932616405716389,-0.0244444087516457,0.));
#5722=CARTESIAN_POINT('',(-0.00932616405716389,-0.0244444087516457,0.012));
#5723=CARTESIAN_POINT('',(-0.0177427234965134,-0.0197848541689526,0.));
#5724=CARTESIAN_POINT('',(-0.0177427234965134,-0.0197848541689526,0.012));
#5725=CARTESIAN_POINT('',(-0.0240216640293712,-0.0122992793061889,0.));
#5726=CARTESIAN_POINT('',(-0.0240216640293712,-0.0122992793061889,0.012));
#5727=CARTESIAN_POINT('',(-0.0272437371683463,-0.00291676762776714,0.));
#5728=CARTESIAN_POINT('',(-0.0272437371683463,-0.00291676762776714,0.012));
#5729=CARTESIAN_POINT('',(-0.0268778739863079,0.00714704772011911,0.));
#5730=CARTESIAN_POINT('',(-0.0268778739863079,0.00714704772011911,0.012));
#5731=CARTESIAN_POINT('',(-0.0228652300697783,0.016547093078743,0.));
#5732=CARTESIAN_POINT('',(-0.0228652300697783,0.016547093078743,0.012));
#5733=CARTESIAN_POINT('',(-0.0156413992857457,0.0239883769421812,0.));
#5734=CARTESIAN_POINT('',(-0.0156413992857457,0.0239883769421812,0.012));
#5735=CARTESIAN_POINT('',(-0.00609152416932434,0.0284040356642325,0.));
#5736=CARTESIAN_POINT('',(-0.00609152416932434,0.0284040356642325,0.012));
#5737=CARTESIAN_POINT('',(0.00455677475556566,0.0291074252474419,0.));
#5738=CARTESIAN_POINT('',(0.00455677475556566,0.0291074252474419,0.012));
#5739=CARTESIAN_POINT('',(0.0148913857835766,0.0258978486656213,0.));
#5740=CARTESIAN_POINT('',(0.0148913857835766,0.0258978486656213,0.012));
#5741=CARTESIAN_POINT('',(0.0235036750867337,0.0191004616023474,0.));
#5742=CARTESIAN_POINT('',(0.0235036750867337,0.0191004616023474,0.012));
#5743=CARTESIAN_POINT('',(0.0291799299603752,0.00953627206862679,0.));
#5744=CARTESIAN_POINT('',(0.0291799299603752,0.00953627206862679,0.012));
#5745=CARTESIAN_POINT('',(0.0310714912753431,-0.00157590626232077,0.));
#5746=CARTESIAN_POINT('',(0.0310714912753431,-0.00157590626232077,0.012));
#5747=CARTESIAN_POINT('',(0.0288200769372747,-0.0127741842801539,0.));
#5748=CARTESIAN_POINT('',(0.0288200769372747,-0.0127741842801539,0.012));
#5749=CARTESIAN_POINT('',(0.0226195176082839,-0.0225456558766548,0.));
#5750=CARTESIAN_POINT('',(0.0226195176082839,-0.0225456558766548,0.012));
#5751=CARTESIAN_POINT('',(0.0132049162639724,-0.0295307108939437,0.));
#5752=CARTESIAN_POINT('',(0.0132049162639724,-0.0295307108939437,0.012));
#5753=CARTESIAN_POINT('',(0.00176640813913485,-0.0327129450105414,0.));
#5754=CARTESIAN_POINT('',(0.00176640813913485,-0.0327129450105414,0.012));
#5755=CARTESIAN_POINT('',(-0.0102016945695431,-0.0315652523109935,0.));
#5756=CARTESIAN_POINT('',(-0.0102016945695431,-0.0315652523109935,0.012));
#5757=CARTESIAN_POINT('',(-0.0210958154024694,-0.0261333736697272,0.));
#5758=CARTESIAN_POINT('',(-0.0210958154024694,-0.0261333736697272,0.012));
#5759=CARTESIAN_POINT('',(-0.0294175436170876,-0.0170439225358075,0.));
#5760=CARTESIAN_POINT('',(-0.0294175436170876,-0.0170439225358075,0.012));
#5761=CARTESIAN_POINT('',(-0.0339793457636102,-0.00543406199741848,0.));
#5762=CARTESIAN_POINT('',(-0.0339793457636102,-0.00543406199741848,0.012));
#5763=CARTESIAN_POINT('',(-0.0340730293641732,0.0071898762690322,0.));
#5764=CARTESIAN_POINT('',(-0.0340730293641732,0.0071898762690322,0.012));
#5765=CARTESIAN_POINT('',(-0.0295786589914265,0.0191474960128595,0.));
#5766=CARTESIAN_POINT('',(-0.0295786589914265,0.0191474960128595,0.012));
#5767=CARTESIAN_POINT('',(-0.0209942508693842,0.0288091955357838,0.));
#5768=CARTESIAN_POINT('',(-0.0209942508693842,0.0288091955357838,0.012));
#5769=CARTESIAN_POINT('',(-0.00938214057221838,0.0348177115229187,0.));
#5770=CARTESIAN_POINT('',(-0.00938214057221838,0.0348177115229187,0.012));
#5771=CARTESIAN_POINT('',(0.00376180007188614,0.036277869970513,0.));
#5772=CARTESIAN_POINT('',(0.00376180007188614,0.036277869970513,0.012));
#5773=CARTESIAN_POINT('',(0.0167002441426899,0.0328880459685699,0.));
#5774=CARTESIAN_POINT('',(0.0167002441426899,0.0328880459685699,0.012));
#5775=CARTESIAN_POINT('',(0.0276839178656558,0.0249949186551259,0.));
#5776=CARTESIAN_POINT('',(0.0276839178656558,0.0249949186551259,0.012));
#5777=CARTESIAN_POINT('',(0.0351869775953419,0.0135608871990261,0.));
#5778=CARTESIAN_POINT('',(0.0351869775953419,0.0135608871990261,0.012));
#5779=CARTESIAN_POINT('',(0.0371441684732955,0.00455448791608197,0.));
#5780=CARTESIAN_POINT('',(0.0371441684732955,0.00455448791608197,0.012));
#5781=CARTESIAN_POINT('',(0.0372785925865173,0.,0.));
#5782=CARTESIAN_POINT('',(0.0372785925865173,0.,0.012));
#5783=CARTESIAN_POINT('',(0.0372785925865173,0.,0.012));
#5784=CARTESIAN_POINT('',(0.0372425865122306,0.0012199390891573,0.012));
#5785=CARTESIAN_POINT('',(0.0371466490447344,0.00243633573375141,0.012));
#5786=CARTESIAN_POINT('',(0.0364876391302574,0.00756616083033525,0.012));
#5787=CARTESIAN_POINT('',(0.0353546763556728,0.011388198905539,0.012));
#5788=CARTESIAN_POINT('',(0.0319668349599924,0.0184533731651103,0.012));
#5789=CARTESIAN_POINT('',(0.029712778241339,0.021695415163427,0.012));
#5790=CARTESIAN_POINT('',(0.0243298970174475,0.0272860076904223,0.012));
#5791=CARTESIAN_POINT('',(0.0212021315586849,0.0296336929135327,0.012));
#5792=CARTESIAN_POINT('',(0.0144022635315964,0.033216852043889,0.012));
#5793=CARTESIAN_POINT('',(0.0107313682305567,0.0344517518762948,0.012));
#5794=CARTESIAN_POINT('',(0.00322396435702089,0.0357064427669714,0.012));
#5795=CARTESIAN_POINT('',(-0.000611238195311018,0.0357261763061884,0.012));
#5796=CARTESIAN_POINT('',(-0.00805917549710074,0.0345716920664896,0.012));
#5797=CARTESIAN_POINT('',(-0.0116706750456293,0.0333979328301861,0.012));
#5798=CARTESIAN_POINT('',(-0.0183130866546769,0.029997409875378,0.012));
#5799=CARTESIAN_POINT('',(-0.0213429103186433,0.0277713861516648,0.012));
#5800=CARTESIAN_POINT('',(-0.0265293446449493,0.0225104171273461,0.012));
#5801=CARTESIAN_POINT('',(-0.0286850955056233,0.019476428023338,0.012));
#5802=CARTESIAN_POINT('',(-0.0319242388558597,0.0129199361354423,0.012));
#5803=CARTESIAN_POINT('',(-0.0330072211000926,0.00939862169665444,0.012));
#5804=CARTESIAN_POINT('',(-0.0340134068420349,0.00223056181952283,0.012));
#5805=CARTESIAN_POINT('',(-0.0339366953259813,-0.00141491978388557,0.012));
#5806=CARTESIAN_POINT('',(-0.0326546161613964,-0.00846296601489348,0.012));
#5807=CARTESIAN_POINT('',(-0.0314496330581759,-0.011864325812431,0.012));
#5808=CARTESIAN_POINT('',(-0.0280550380376127,-0.0180878074166431,0.012));
#5809=CARTESIAN_POINT('',(-0.0258660721246385,-0.0209088765745281,0.012));
#5810=CARTESIAN_POINT('',(-0.0207433856696956,-0.0257005812198025,0.012));
#5811=CARTESIAN_POINT('',(-0.0178106473417476,-0.0276705150416336,0.012));
#5812=CARTESIAN_POINT('',(-0.0115101273166627,-0.0305798566817639,0.012));
#5813=CARTESIAN_POINT('',(-0.00814353200391425,-0.0315189983867877,0.012));
#5814=CARTESIAN_POINT('',(-0.00132226941403711,-0.0322942368426554,0.012));
#5815=CARTESIAN_POINT('',(0.00213118479587267,-0.0321303594775897,0.012));
#5816=CARTESIAN_POINT('',(0.00877778346177076,-0.0307395797258873,0.012));
#5817=CARTESIAN_POINT('',(0.0119697843571421,-0.0295129852107254,0.012));
#5818=CARTESIAN_POINT('',(0.0177787690384202,-0.0261426436334675,0.012));
#5819=CARTESIAN_POINT('',(0.0203948409916438,-0.0239996088942644,0.012));
#5820=CARTESIAN_POINT('',(0.0248018890028457,-0.0190312571156698,0.012));
#5821=CARTESIAN_POINT('',(0.0265922984578359,-0.0162069581220693,0.012));
#5822=CARTESIAN_POINT('',(0.0291865535521811,-0.0101744764733081,0.012));
#5823=CARTESIAN_POINT('',(0.0299900940904752,-0.00696741509117725,0.012));
#5824=CARTESIAN_POINT('',(0.0305520405831842,-0.000499746053448538,0.012));
#5825=CARTESIAN_POINT('',(0.0303104195378709,0.00275972836797087,0.012));
#5826=CARTESIAN_POINT('',(0.0288297360780628,0.00900397999279327,0.012));
#5827=CARTESIAN_POINT('',(0.0275910807256743,0.011987727607405,0.012));
#5828=CARTESIAN_POINT('',(0.0242631926364437,0.0173873538550528,0.012));
#5829=CARTESIAN_POINT('',(0.0221747407673136,0.0198024374169421,0.012));
#5830=CARTESIAN_POINT('',(0.0173764088957134,0.0238355284109383,0.012));
#5831=CARTESIAN_POINT('',(0.0146674747345049,0.0254529533615641,0.012));
#5832=CARTESIAN_POINT('',(0.00891449753358294,0.0277471210618969,0.012));
#5833=CARTESIAN_POINT('',(0.00587148581220103,0.0284235335591285,0.012));
#5834=CARTESIAN_POINT('',(-0.000236450424562833,0.0287899408717408,0.012));
#5835=CARTESIAN_POINT('',(-0.00330032200881786,0.0284800313199123,0.012));
#5836=CARTESIAN_POINT('',(-0.00914203730081248,0.0269283169908983,0.012));
#5837=CARTESIAN_POINT('',(-0.0119189426979686,0.0256870134210136,0.012));
#5838=CARTESIAN_POINT('',(-0.0169150505221824,0.0224196021022504,0.012));
#5839=CARTESIAN_POINT('',(-0.0191334656508301,0.0203942036103948,0.012));
#5840=CARTESIAN_POINT('',(-0.022803745303008,0.0157810847262921,0.012));
#5841=CARTESIAN_POINT('',(-0.0242550310512147,0.013194219170638,0.012));
#5842=CARTESIAN_POINT('',(-0.0262643944950569,0.00773161205392818,0.012));
#5843=CARTESIAN_POINT('',(-0.0268222774700426,0.00485685897535171,0.012));
#5844=CARTESIAN_POINT('',(-0.0270111684910483,-0.00088586409216376,0.012));
#5845=CARTESIAN_POINT('',(-0.0266423834839354,-0.00375284218629957,0.012));
#5846=CARTESIAN_POINT('',(-0.0250385370474136,-0.0091925523028346,0.012));
#5847=CARTESIAN_POINT('',(-0.0238039131411938,-0.0117643755540323,0.012));
#5848=CARTESIAN_POINT('',(-0.0206146604012391,-0.0163633746795412,0.012));
#5849=CARTESIAN_POINT('',(-0.0186606575721439,-0.0183897941197259,0.012));
#5850=CARTESIAN_POINT('',(-0.0142474526119509,-0.0217088541600272,0.012));
#5851=CARTESIAN_POINT('',(-0.0117891006586295,-0.0230010536668388,0.012));
#5852=CARTESIAN_POINT('',(-0.00662717335644863,-0.0247413377510476,0.012));
#5853=CARTESIAN_POINT('',(-0.00392455789047471,-0.0251893470948815,0.012));
#5854=CARTESIAN_POINT('',(0.00144815394654928,-0.0252189698254554,0.012));
#5855=CARTESIAN_POINT('',(0.00411730568288725,-0.0248007406484746,0.012));
#5856=CARTESIAN_POINT('',(0.00915618608911719,-0.0231634994752486,0.012));
#5857=CARTESIAN_POINT('',(0.0115250597510987,-0.0219448571943731,0.012));
#5858=CARTESIAN_POINT('',(0.0157339296125375,-0.0188511033716868,0.012));
#5859=CARTESIAN_POINT('',(0.0175732991002541,-0.016976649171493,0.012));
#5860=CARTESIAN_POINT('',(0.0205533088369281,-0.0127776493817208,0.012));
#5861=CARTESIAN_POINT('',(0.0216936268163383,-0.0104539575114077,0.012));
#5862=CARTESIAN_POINT('',(0.0231809615888206,-0.0056024292226454,0.012));
#5863=CARTESIAN_POINT('',(0.023527872369097,-0.00307549343488983,0.012));
#5864=CARTESIAN_POINT('',(0.0234165074013847,0.00192307252374542,0.012));
#5865=CARTESIAN_POINT('',(0.0229583426015685,0.00439382840775934,0.012));
#5866=CARTESIAN_POINT('',(0.0213062826741178,0.0090336988707392,0.012));
#5867=CARTESIAN_POINT('',(0.0201128199313686,0.0112020714557092,0.012));
#5868=CARTESIAN_POINT('',(0.0171316733819913,0.015028458602144,0.012));
#5869=CARTESIAN_POINT('',(0.0153446800763722,0.0166859565718468,0.012));
#5870=CARTESIAN_POINT('',(0.0113737239670084,0.0193396373243744,0.012));
#5871=CARTESIAN_POINT('',(0.0091905504132855,0.0203354882401469,0.012));
#5872=CARTESIAN_POINT('',(0.0046585149505396,0.0215862275151431,0.012));
#5873=CARTESIAN_POINT('',(0.00231047441947668,0.021840988241571,0.012));
#5874=CARTESIAN_POINT('',(-0.00231047441947413,0.0216069487599033,0.012));
#5875=CARTESIAN_POINT('',(-0.00458259790087197,0.0211183469286262,0.012));
#5876=CARTESIAN_POINT('',(-0.0088259817977742,0.0194700073081313,0.012));
#5877=CARTESIAN_POINT('',(-0.0107965948929135,0.0183107603397426,0.012));
#5878=CARTESIAN_POINT('',(-0.015974902928443,0.0140331938337308,0.012));
#5879=CARTESIAN_POINT('',(-0.0184140494258498,0.0101025809342416,0.012));
#5880=CARTESIAN_POINT('',(-0.0204754921405891,0.00169443252695023,0.012));
#5881=CARTESIAN_POINT('',(-0.0200970097635489,-0.00275884701297649,0.012));
#5882=CARTESIAN_POINT('',(-0.016844676497997,-0.0104590974253583,0.012));
#5883=CARTESIAN_POINT('',(-0.0139843730199532,-0.0136868896268004,0.012));
#5884=CARTESIAN_POINT('',(-0.00703339858467066,-0.0177684284750622,0.012));
#5885=CARTESIAN_POINT('',(-0.00296436639505256,-0.0186152887749614,0.012));
#5886=CARTESIAN_POINT('',(0.00475173986578099,-0.0177675774288337,0.012));
#5887=CARTESIAN_POINT('',(0.00837814579847704,-0.0160803231182927,0.012));
#5888=CARTESIAN_POINT('',(0.013839902906429,-0.0109924475603247,0.012));
#5889=CARTESIAN_POINT('',(0.0156636349012142,-0.00760950679357652,0.012));
#5890=CARTESIAN_POINT('',(0.0169471377355368,-0.000559068708344589,0.012));
#5891=CARTESIAN_POINT('',(0.0164083046326744,0.00308809705907468,0.012));
#5892=CARTESIAN_POINT('',(0.0133535892720577,0.00923968303817179,0.012));
#5893=CARTESIAN_POINT('',(0.0108506334757795,0.0117293484232563,0.012));
#5894=CARTESIAN_POINT('',(0.004988769782484,0.0146970952487839,0.012));
#5895=CARTESIAN_POINT('',(0.00164833433319901,0.0151714431618122,0.012));
#5896=CARTESIAN_POINT('',(-0.00453058402176765,0.0140925290258845,0.012));
#5897=CARTESIAN_POINT('',(-0.00735280698703779,0.0125471949698212,0.012));
#5898=CARTESIAN_POINT('',(-0.0114517315608411,0.00820041925994714,0.012));
#5899=CARTESIAN_POINT('',(-0.0127206979315293,0.00541448342001726,0.012));
#5900=CARTESIAN_POINT('',(-0.0133653406024027,-0.000225647739673296,0.012));
#5901=CARTESIAN_POINT('',(-0.0127441994940902,-0.00306357047149084,0.012));
#5902=CARTESIAN_POINT('',(-0.0100298692108371,-0.00770775947468386,0.012));
#5903=CARTESIAN_POINT('',(-0.00794858042884455,-0.00950358628029021,0.012));
#5904=CARTESIAN_POINT('',(-0.00326529762422621,-0.0114761039428527,0.012));
#5905=CARTESIAN_POINT('',(-0.000678370904603754,-0.0116518801878596,0.012));
#5906=CARTESIAN_POINT('',(0.00396283922329224,-0.0104902211684573,0.012));
#5907=CARTESIAN_POINT('',(0.00600527992056673,-0.00916090585644214,0.012));
#5908=CARTESIAN_POINT('',(0.00828672325564875,-0.00634479960280523,0.012));
#5909=CARTESIAN_POINT('',(0.00892160497557307,-0.00512051563213761,0.012));
#5910=CARTESIAN_POINT('',(0.00966315650678881,-0.00257754462732856,0.012));
#5911=CARTESIAN_POINT('',(0.00976993463300967,-0.00125988040323232,0.012));
#5912=CARTESIAN_POINT('',(0.00962592754513036,-1.27979224440189E-15,0.012));
#5913=CARTESIAN_POINT('',(0.0372785925865173,0.,0.012));
#5914=CARTESIAN_POINT('',(-0.00281342036004453,-0.0112743043048214,0.012));
#5915=CARTESIAN_POINT('',(-0.00282651998846877,-0.0112710353047771,0.006));
#5916=CARTESIAN_POINT('',(-0.00281322898260642,-0.011274337339677,0.));
#5917=CARTESIAN_POINT('',(0.0372785925865173,0.,0.));
#5918=CARTESIAN_POINT('',(0.0372425865122306,0.0012199390891573,0.));
#5919=CARTESIAN_POINT('',(0.0371466490447344,0.00243633573375141,0.));
#5920=CARTESIAN_POINT('',(0.0364876391302574,0.00756616083033525,0.));
#5921=CARTESIAN_POINT('',(0.0353546763556728,0.011388198905539,0.));
#5922=CARTESIAN_POINT('',(0.0319668349599924,0.0184533731651103,0.));
#5923=CARTESIAN_POINT('',(0.029712778241339,0.021695415163427,0.));
#5924=CARTESIAN_POINT('',(0.0243298970174475,0.0272860076904223,0.));
#5925=CARTESIAN_POINT('',(0.0212021315586849,0.0296336929135327,0.));
#5926=CARTESIAN_POINT('',(0.0144022635315964,0.033216852043889,0.));
#5927=CARTESIAN_POINT('',(0.0107313682305567,0.0344517518762948,0.));
#5928=CARTESIAN_POINT('',(0.00322396435702089,0.0357064427669714,0.));
#5929=CARTESIAN_POINT('',(-0.000611238195311018,0.0357261763061884,0.));
#5930=CARTESIAN_POINT('',(-0.00805917549710074,0.0345716920664896,0.));
#5931=CARTESIAN_POINT('',(-0.0116706750456293,0.0333979328301861,0.));
#5932=CARTESIAN_POINT('',(-0.0183130866546769,0.029997409875378,0.));
#5933=CARTESIAN_POINT('',(-0.0213429103186433,0.0277713861516648,0.));
#5934=CARTESIAN_POINT('',(-0.0265293446449493,0.0225104171273461,0.));
#5935=CARTESIAN_POINT('',(-0.0286850955056233,0.019476428023338,0.));
#5936=CARTESIAN_POINT('',(-0.0319242388558597,0.0129199361354423,0.));
#5937=CARTESIAN_POINT('',(-0.0330072211000926,0.00939862169665444,0.));
#5938=CARTESIAN_POINT('',(-0.0340134068420349,0.00223056181952283,0.));
#5939=CARTESIAN_POINT('',(-0.0339366953259813,-0.00141491978388557,0.));
#5940=CARTESIAN_POINT('',(-0.0326546161613964,-0.00846296601489348,0.));
#5941=CARTESIAN_POINT('',(-0.0314496330581759,-0.011864325812431,0.));
#5942=CARTESIAN_POINT('',(-0.0280550380376127,-0.0180878074166431,0.));
#5943=CARTESIAN_POINT('',(-0.0258660721246385,-0.0209088765745281,0.));
#5944=CARTESIAN_POINT('',(-0.0207433856696956,-0.0257005812198025,0.));
#5945=CARTESIAN_POINT('',(-0.0178106473417476,-0.0276705150416336,0.));
#5946=CARTESIAN_POINT('',(-0.0115101273166627,-0.0305798566817639,0.));
#5947=CARTESIAN_POINT('',(-0.00814353200391425,-0.0315189983867877,0.));
#5948=CARTESIAN_POINT('',(-0.00132226941403711,-0.0322942368426554,0.));
#5949=CARTESIAN_POINT('',(0.00213118479587267,-0.0321303594775897,0.));
#5950=CARTESIAN_POINT('',(0.00877778346177076,-0.0307395797258873,0.));
#5951=CARTESIAN_POINT('',(0.0119697843571421,-0.0295129852107254,0.));
#5952=CARTESIAN_POINT('',(0.0177787690384202,-0.0261426436334675,0.));
#5953=CARTESIAN_POINT('',(0.0203948409916438,-0.0239996088942644,0.));
#5954=CARTESIAN_POINT('',(0.0248018890028457,-0.0190312571156698,0.));
#5955=CARTESIAN_POINT('',(0.0265922984578359,-0.0162069581220693,0.));
#5956=CARTESIAN_POINT('',(0.0291865535521811,-0.0101744764733081,0.));
#5957=CARTESIAN_POINT('',(0.0299900940904752,-0.00696741509117725,0.));
#5958=CARTESIAN_POINT('',(0.0305520405831842,-0.000499746053448538,0.));
#5959=CARTESIAN_POINT('',(0.0303104195378709,0.00275972836797087,0.));
#5960=CARTESIAN_POINT('',(0.0288297360780628,0.00900397999279327,0.));
#5961=CARTESIAN_POINT('',(0.0275910807256743,0.011987727607405,0.));
#5962=CARTESIAN_POINT('',(0.0242631926364437,0.0173873538550528,0.));
#5963=CARTESIAN_POINT('',(0.0221747407673136,0.0198024374169421,0.));
#5964=CARTESIAN_POINT('',(0.0173764088957134,0.0238355284109383,0.));
#5965=CARTESIAN_POINT('',(0.0146674747345049,0.0254529533615641,0.));
#5966=CARTESIAN_POINT('',(0.00891449753358294,0.0277471210618969,0.));
#5967=CARTESIAN_POINT('',(0.00587148581220103,0.0284235335591285,0.));
#5968=CARTESIAN_POINT('',(-0.000236450424562833,0.0287899408717408,0.));
#5969=CARTESIAN_POINT('',(-0.00330032200881786,0.0284800313199123,0.));
#5970=CARTESIAN_POINT('',(-0.00914203730081248,0.0269283169908983,0.));
#5971=CARTESIAN_POINT('',(-0.0119189426979686,0.0256870134210136,0.));
#5972=CARTESIAN_POINT('',(-0.0169150505221824,0.0224196021022504,0.));
#5973=CARTESIAN_POINT('',(-0.0191334656508301,0.0203942036103948,0.));
#5974=CARTESIAN_POINT('',(-0.022803745303008,0.0157810847262921,0.));
#5975=CARTESIAN_POINT('',(-0.0242550310512147,0.013194219170638,0.));
#5976=CARTESIAN_POINT('',(-0.0262643944950569,0.00773161205392818,0.));
#5977=CARTESIAN_POINT('',(-0.0268222774700426,0.00485685897535171,0.));
#5978=CARTESIAN_POINT('',(-0.0270111684910483,-0.00088586409216376,0.));
#5979=CARTESIAN_POINT('',(-0.0266423834839354,-0.00375284218629957,0.));
#5980=CARTESIAN_POINT('',(-0.0250385370474136,-0.0091925523028346,0.));
#5981=CARTESIAN_POINT('',(-0.0238039131411938,-0.0117643755540323,0.));
#5982=CARTESIAN_POINT('',(-0.0206146604012391,-0.0163633746795412,0.));
#5983=CARTESIAN_POINT('',(-0.0186606575721439,-0.0183897941197259,0.));
#5984=CARTESIAN_POINT('',(-0.0142474526119509,-0.0217088541600272,0.));
#5985=CARTESIAN_POINT('',(-0.0117891006586295,-0.0230010536668388,0.));
#5986=CARTESIAN_POINT('',(-0.00662717335644863,-0.0247413377510476,0.));
#5987=CARTESIAN_POINT('',(-0.00392455789047471,-0.0251893470948815,0.));
#5988=CARTESIAN_POINT('',(0.00144815394654928,-0.0252189698254554,0.));
#5989=CARTESIAN_POINT('',(0.00411730568288725,-0.0248007406484746,0.));
#5990=CARTESIAN_POINT('',(0.00915618608911719,-0.0231634994752486,0.));
#5991=CARTESIAN_POINT('',(0.0115250597510987,-0.0219448571943731,0.));
#5992=CARTESIAN_POINT('',(0.0157339296125375,-0.0188511033716868,0.));
#5993=CARTESIAN_POINT('',(0.0175732991002541,-0.016976649171493,0.));
#5994=CARTESIAN_POINT('',(0.0205533088369281,-0.0127776493817208,0.));
#5995=CARTESIAN_POINT('',(0.0216936268163383,-0.0104539575114077,0.));
#5996=CARTESIAN_POINT('',(0.0231809615888206,-0.0056024292226454,0.));
#5997=CARTESIAN_POINT('',(0.023527872369097,-0.00307549343488983,0.));
#5998=CARTESIAN_POINT('',(0.0234165074013847,0.00192307252374542,0.));
#5999=CARTESIAN_POINT('',(0.0229583426015685,0.00439382840775934,0.));
#6000=CARTESIAN_POINT('',(0.0204802527103926,0.0113536341022291,0.));
#6001=CARTESIAN_POINT('',(0.0173301581310542,0.015359116195583,0.));
#6002=CARTESIAN_POINT('',(0.00938824591232649,0.0206664777006381,0.));
#6003=CARTESIAN_POINT('',(0.00462094883895209,0.0219580079824048,0.));
#6004=CARTESIAN_POINT('',(-0.00462094883894952,0.0214899290190695,0.));
#6005=CARTESIAN_POINT('',(-0.00907049221440371,0.0197366158417466,0.));
#6006=CARTESIAN_POINT('',(-0.015974902928443,0.0140331938337308,0.));
#6007=CARTESIAN_POINT('',(-0.0184140494258498,0.0101025809342416,0.));
#6008=CARTESIAN_POINT('',(-0.0204754921405891,0.00169443252695023,0.));
#6009=CARTESIAN_POINT('',(-0.0200970097635489,-0.00275884701297649,0.));
#6010=CARTESIAN_POINT('',(-0.016844676497997,-0.0104590974253583,0.));
#6011=CARTESIAN_POINT('',(-0.0139843730199532,-0.0136868896268004,0.));
#6012=CARTESIAN_POINT('',(-0.00703339858467066,-0.0177684284750622,0.));
#6013=CARTESIAN_POINT('',(-0.00296436639505256,-0.0186152887749614,0.));
#6014=CARTESIAN_POINT('',(0.00475173986578099,-0.0177675774288337,0.));
#6015=CARTESIAN_POINT('',(0.00837814579847704,-0.0160803231182927,0.));
#6016=CARTESIAN_POINT('',(0.013839902906429,-0.0109924475603247,0.));
#6017=CARTESIAN_POINT('',(0.0156636349012142,-0.00760950679357652,0.));
#6018=CARTESIAN_POINT('',(0.0169471377355368,-0.000559068708344589,0.));
#6019=CARTESIAN_POINT('',(0.0164083046326744,0.00308809705907468,0.));
#6020=CARTESIAN_POINT('',(0.0133535892720577,0.00923968303817179,0.));
#6021=CARTESIAN_POINT('',(0.0108506334757795,0.0117293484232563,0.));
#6022=CARTESIAN_POINT('',(0.004988769782484,0.0146970952487839,0.));
#6023=CARTESIAN_POINT('',(0.00164833433319901,0.0151714431618122,0.));
#6024=CARTESIAN_POINT('',(-0.00453058402176765,0.0140925290258845,0.));
#6025=CARTESIAN_POINT('',(-0.00735280698703779,0.0125471949698212,0.));
#6026=CARTESIAN_POINT('',(-0.0114517315608411,0.00820041925994714,0.));
#6027=CARTESIAN_POINT('',(-0.0127206979315293,0.00541448342001726,0.));
#6028=CARTESIAN_POINT('',(-0.0133653406024027,-0.000225647739673296,0.));
#6029=CARTESIAN_POINT('',(-0.0127441994940902,-0.00306357047149084,0.));
#6030=CARTESIAN_POINT('',(-0.0100298692108371,-0.00770775947468386,0.));
#6031=CARTESIAN_POINT('',(-0.00794858042884455,-0.00950358628029021,0.));
#6032=CARTESIAN_POINT('',(-0.00326529762422621,-0.0114761039428527,0.));
#6033=CARTESIAN_POINT('',(-0.000678370904603754,-0.0116518801878596,0.));
#6034=CARTESIAN_POINT('',(0.00396283922329224,-0.0104902211684573,0.));
#6035=CARTESIAN_POINT('',(0.00600527992056673,-0.00916090585644214,0.));
#6036=CARTESIAN_POINT('',(0.00828672325564875,-0.00634479960280523,0.));
#6037=CARTESIAN_POINT('',(0.00892160497557307,-0.00512051563213761,0.));
#6038=CARTESIAN_POINT('',(0.00966315650678881,-0.00257754462732856,0.));
#6039=CARTESIAN_POINT('',(0.00976993463300967,-0.00125988040323232,0.));
#6040=CARTESIAN_POINT('',(0.00962592754513036,-1.27979224440189E-15,0.));
#6041=CARTESIAN_POINT('',(0.0372785925865173,0.,0.));
#6042=CARTESIAN_POINT('',(0.0372785925865173,0.,0.006));
#6043=CARTESIAN_POINT('',(0.0382785925865173,0.,0.012));
#6044=CARTESIAN_POINT('',(-0.0046,0.00192629847523011,0.012));
#6045=CARTESIAN_POINT('',(-0.0046,-0.00221524324651464,0.012));
#6046=CARTESIAN_POINT('',(-0.0046,0.00221524324651464,0.012));
#6047=CARTESIAN_POINT('',(-0.00136201229598511,0.00479745227399494,0.012));
#6048=CARTESIAN_POINT('',(-0.00113610617710035,0.00497760639219124,0.012));
#6049=CARTESIAN_POINT('',(0.00290159844689417,0.00405602666024956,0.012));
#6050=CARTESIAN_POINT('',(0.00318329876949844,0.00399173039988153,0.012));
#6051=CARTESIAN_POINT('',(0.00498024637744042,0.000260330243470533,0.012));
#6052=CARTESIAN_POINT('',(0.00510561481520381,-3.31402565192745E-19,0.012));
#6053=CARTESIAN_POINT('',(0.00330866720726183,-0.003731400156411,0.012));
#6054=CARTESIAN_POINT('',(0.00318329876949844,-0.00399173039988153,0.012));
#6055=CARTESIAN_POINT('',(-0.00085440585449608,-0.00491331013182322,0.012));
#6056=CARTESIAN_POINT('',(-0.00113610617710035,-0.00497760639219124,0.012));
#6057=CARTESIAN_POINT('',(-0.00437409388111524,-0.00239539736471093,0.012));
#6058=CARTESIAN_POINT('',(0.0342785925865173,-0.03,0.012));
#6059=CARTESIAN_POINT('',(0.0362785925865173,-0.03,0.012));
#6060=CARTESIAN_POINT('',(0.0372785925865173,-0.03,0.012));
#6061=CARTESIAN_POINT('',(0.0362785925865173,0.,0.012));
#6062=CARTESIAN_POINT('',(0.0362785925865173,-0.033,0.012));
#6063=CARTESIAN_POINT('',(0.0342785925865173,-0.033,0.012));
#6064=CARTESIAN_POINT('',(0.0342785925865173,-0.053,0.012));
#6065=CARTESIAN_POINT('',(0.0362785925865173,-0.053,0.012));
#6066=CARTESIAN_POINT('',(0.0362785925865173,0.,0.012));
#6067=CARTESIAN_POINT('',(0.0362785925865173,-0.056,0.012));
#6068=CARTESIAN_POINT('',(0.0342785925865173,-0.056,0.012));
#6069=CARTESIAN_POINT('',(0.0362785925865173,0.,0.012));
#6070=CARTESIAN_POINT('',(0.0392785925865173,-0.08,0.012));
#6071=CARTESIAN_POINT('',(0.0392785925865173,0.,0.012));
#6072=CARTESIAN_POINT('',(0.0392785925865173,0.,0.012));
#6073=CARTESIAN_POINT('',(0.0392425865099304,0.00128549839461316,0.012));
#6074=CARTESIAN_POINT('',(0.0391434332624169,0.00256729706215218,0.012));
#6075=CARTESIAN_POINT('',(0.0384570891719168,0.00797440710386653,0.012));
#6076=CARTESIAN_POINT('',(0.0372691327428713,0.0120047821316962,0.012));
#6077=CARTESIAN_POINT('',(0.033708609375439,0.0194591266234268,0.012));
#6078=CARTESIAN_POINT('',(0.0313368246535302,0.0228819081144398,0.012));
#6079=CARTESIAN_POINT('',(0.0256678947969791,0.0287876914832792,0.012));
#6080=CARTESIAN_POINT('',(0.02237162006246,0.0312700357263002,0.012));
#6081=CARTESIAN_POINT('',(0.0152010932051818,0.0350627101949763,0.012));
#6082=CARTESIAN_POINT('',(0.0113281443486674,0.0363724973335292,0.012));
#6083=CARTESIAN_POINT('',(0.00340265758243617,0.0377098083297326,0.012));
#6084=CARTESIAN_POINT('',(-0.000647899518704658,0.0377371414003141,0.012));
#6085=CARTESIAN_POINT('',(-0.00851834469798687,0.0365298770188087,0.012));
#6086=CARTESIAN_POINT('',(-0.0123369192235197,0.0352956729808947,0.012));
#6087=CARTESIAN_POINT('',(-0.0193637934250056,0.0317124359005254,0.012));
#6088=CARTESIAN_POINT('',(-0.0225712580922631,0.0293640222770538,0.012));
#6089=CARTESIAN_POINT('',(-0.0280654441269157,0.0238087724185963,0.012));
#6090=CARTESIAN_POINT('',(-0.0303513076178025,0.0206029932453487,0.012));
#6091=CARTESIAN_POINT('',(-0.0337904197935303,0.0136701232522799,0.012));
#6092=CARTESIAN_POINT('',(-0.0349429355147901,0.00994482836185259,0.012));
#6093=CARTESIAN_POINT('',(-0.0360207293931685,0.0023570062422517,0.012));
#6094=CARTESIAN_POINT('',(-0.0359460075045284,-0.00150420092798167,0.012));
#6095=CARTESIAN_POINT('',(-0.0346001296678784,-0.00897314612979189,0.012));
#6096=CARTESIAN_POINT('',(-0.0333293160546503,-0.0125799568109327,0.012));
#6097=CARTESIAN_POINT('',(-0.0297419238612419,-0.0191831393806185,0.012));
#6098=CARTESIAN_POINT('',(-0.0274260884154245,-0.0221784313246913,0.012));
#6099=CARTESIAN_POINT('',(-0.0220008421134344,-0.0272703657220376,0.012));
#6100=CARTESIAN_POINT('',(-0.0188929019938634,-0.0293658218598092,0.012));
#6101=CARTESIAN_POINT('',(-0.0122111817307329,-0.0324650259177547,0.012));
#6102=CARTESIAN_POINT('',(-0.00863861726057183,-0.0334684100212801,0.012));
#6103=CARTESIAN_POINT('',(-0.00139593333397258,-0.034304184294445,0.012));
#6104=CARTESIAN_POINT('',(0.00227325096421134,-0.0341366401067416,0.012));
#6105=CARTESIAN_POINT('',(0.00933909954970508,-0.0326709701598843,0.012));
#6106=CARTESIAN_POINT('',(0.0127345660916779,-0.0313732373930203,0.012));
#6107=CARTESIAN_POINT('',(0.018918418409901,-0.0277999391995957,0.012));
#6108=CARTESIAN_POINT('',(0.0217052870754347,-0.0255254138859023,0.012));
#6109=CARTESIAN_POINT('',(0.0264042391240636,-0.020246914921169,0.012));
#6110=CARTESIAN_POINT('',(0.0283156538377301,-0.0172439591548667,0.012));
#6111=CARTESIAN_POINT('',(0.0310895913092205,-0.0108254543551898,0.012));
#6112=CARTESIAN_POINT('',(0.0319519273109485,-0.00741077193583313,0.012));
#6113=CARTESIAN_POINT('',(0.0325632449541571,-0.000520040259643501,0.012));
#6114=CARTESIAN_POINT('',(0.0323122654653412,0.00295479930625066,0.012));
#6115=CARTESIAN_POINT('',(0.0307454957015677,0.00961660128981607,0.012));
#6116=CARTESIAN_POINT('',(0.0294302515973844,0.0128018597562792,0.012));
#6117=CARTESIAN_POINT('',(0.0258896683205817,0.0185705434003327,0.012));
#6118=CARTESIAN_POINT('',(0.0236650803916401,0.0211530757538839,0.012));
#6119=CARTESIAN_POINT('',(0.0185489852763415,0.0254696644960519,0.012));
#6120=CARTESIAN_POINT('',(0.0156582141989386,0.0272033252667639,0.012));
#6121=CARTESIAN_POINT('',(0.00951437787331367,0.0296668892955202,0.012));
#6122=CARTESIAN_POINT('',(0.00626243616655947,0.0303965033230793,0.012));
#6123=CARTESIAN_POINT('',(-0.000270185281639198,0.030800988814641,0.012));
#6124=CARTESIAN_POINT('',(-0.00354912601863011,0.0304758944670048,0.012));
#6125=CARTESIAN_POINT('',(-0.00980562996912807,0.0288270054613533,0.012));
#6126=CARTESIAN_POINT('',(-0.012782169740405,0.027503655409777,0.012));
#6127=CARTESIAN_POINT('',(-0.0181414465885133,0.0240137481841982,0.012));
#6128=CARTESIAN_POINT('',(-0.020523635868935,0.0218477532943573,0.012));
#6129=CARTESIAN_POINT('',(-0.0244688963009658,0.0169092035467424,0.012));
#6130=CARTESIAN_POINT('',(-0.0260314013737645,0.0141376036806793,0.012));
#6131=CARTESIAN_POINT('',(-0.0281997311110463,0.00827927804685453,0.012));
#6132=CARTESIAN_POINT('',(-0.0288051042363913,0.00519418023877826,0.012));
#6133=CARTESIAN_POINT('',(-0.0290205601062124,-0.000973801325806083,0.012));
#6134=CARTESIAN_POINT('',(-0.0286307709891557,-0.00405562791249563,0.012));
#6135=CARTESIAN_POINT('',(-0.0269185629580406,-0.00990730165912658,0.012));
#6136=CARTESIAN_POINT('',(-0.0255965098355012,-0.0126765118613667,0.012));
#6137=CARTESIAN_POINT('',(-0.022174864656977,-0.0176326887588476,0.012));
#6138=CARTESIAN_POINT('',(-0.0200759981987471,-0.0198188823204411,0.012));
#6139=CARTESIAN_POINT('',(-0.0153296200000483,-0.0234042585127528,0.012));
#6140=CARTESIAN_POINT('',(-0.0126834970365849,-0.0248025696030407,0.012));
#6141=CARTESIAN_POINT('',(-0.00712192808962685,-0.0266908562309017,0.012));
#6142=CARTESIAN_POINT('',(-0.00420748185342884,-0.0271806621621706,0.012));
#6143=CARTESIAN_POINT('',(0.0015910282174693,-0.0272252022667971,0.012));
#6144=CARTESIAN_POINT('',(0.00447442851036018,-0.0267801034721149,0.012));
#6145=CARTESIAN_POINT('',(0.0099223683595066,-0.0250231711209921,0.012));
#6146=CARTESIAN_POINT('',(0.0124860082321788,-0.0237117978803159,0.012));
#6147=CARTESIAN_POINT('',(0.017045929534808,-0.0203756221729177,0.012));
#6148=CARTESIAN_POINT('',(0.0190410165922007,-0.0183518691073598,0.012));
#6149=CARTESIAN_POINT('',(0.0222778753303575,-0.0138126831579582,0.012));
#6150=CARTESIAN_POINT('',(0.0235192227552796,-0.0112981150383919,0.012));
#6151=CARTESIAN_POINT('',(0.0251434324872639,-0.00604300888104434,0.012));
#6152=CARTESIAN_POINT('',(0.0255262789016572,-0.00330310487467711,0.012));
#6153=CARTESIAN_POINT('',(0.0254179963123407,0.00212176267485893,0.012));
#6154=CARTESIAN_POINT('',(0.0249270522117824,0.00480578305882325,0.012));
#6155=CARTESIAN_POINT('',(0.0231437774552355,0.00985170687415238,0.012));
#6156=CARTESIAN_POINT('',(0.0218520915022324,0.0122122113806212,0.012));
#6157=CARTESIAN_POINT('',(0.018618937167185,0.0163825245896072,0.012));
#6158=CARTESIAN_POINT('',(0.0166781405274552,0.018191715684756,0.012));
#6159=CARTESIAN_POINT('',(0.012359908006146,0.021092597198888,0.012));
#6160=CARTESIAN_POINT('',(0.00998303176420011,0.0221841188016169,0.012));
#6161=CARTESIAN_POINT('',(0.00504345429587285,0.0235603813451929,0.012));
#6162=CARTESIAN_POINT('',(0.00248166170702205,0.0238450457316683,0.012));
#6163=CARTESIAN_POINT('',(-0.00256604813201942,0.0236020010371512,0.012));
#6164=CARTESIAN_POINT('',(-0.00505048972026168,0.0230745049216148,0.012));
#6165=CARTESIAN_POINT('',(-0.00969582125554804,0.0212835276873781,0.012));
#6166=CARTESIAN_POINT('',(-0.0118559723318408,0.0200204903387385,0.012));
#6167=CARTESIAN_POINT('',(-0.0175392144922235,0.0153502960475653,0.012));
#6168=CARTESIAN_POINT('',(-0.0202277546489028,0.011047468339529,0.012));
#6169=CARTESIAN_POINT('',(-0.0225169391760975,0.00181622270336643,0.012));
#6170=CARTESIAN_POINT('',(-0.0221158812590973,-0.00308462786260017,0.012));
#6171=CARTESIAN_POINT('',(-0.0185549227632197,-0.0115802722510412,0.012));
#6172=CARTESIAN_POINT('',(-0.0154093595658729,-0.0151538305205957,0.012));
#6173=CARTESIAN_POINT('',(-0.00773469117785549,-0.0196895455829263,0.012));
#6174=CARTESIAN_POINT('',(-0.00323013713521947,-0.0206429777599701,0.012));
#6175=CARTESIAN_POINT('',(0.0053368410935144,-0.0197271215746704,0.012));
#6176=CARTESIAN_POINT('',(0.00937639512525195,-0.017865317428006,0.012));
#6177=CARTESIAN_POINT('',(0.0154805953411133,-0.012213444997045,0.012));
#6178=CARTESIAN_POINT('',(0.0175310210224648,-0.00844332597288503,0.012));
#6179=CARTESIAN_POINT('',(0.0189922251946762,-0.000557445709482825,0.012));
#6180=CARTESIAN_POINT('',(0.0184039273099922,0.00353582044233029,0.012));
#6181=CARTESIAN_POINT('',(0.0149914971203372,0.0104645193457951,0.012));
#6182=CARTESIAN_POINT('',(0.0121817255764579,0.013282047021188,0.012));
#6183=CARTESIAN_POINT('',(0.00556893655298175,0.0166582392095549,0.012));
#6184=CARTESIAN_POINT('',(0.00178633631652445,0.0172120947445835,0.012));
#6185=CARTESIAN_POINT('',(-0.00524007654116879,0.0160108417732348,0.012));
#6186=CARTESIAN_POINT('',(-0.00846418837510406,0.0142641389662862,0.012));
#6187=CARTESIAN_POINT('',(-0.0131683018685859,0.00931237773726227,0.012));
#6188=CARTESIAN_POINT('',(-0.0146389750139498,0.00612438885483771,0.012));
#6189=CARTESIAN_POINT('',(-0.0154060594392068,-0.000364281512704999,0.012));
#6190=CARTESIAN_POINT('',(-0.0147051298555649,-0.00364523972473512,0.012));
#6191=CARTESIAN_POINT('',(-0.0115804064795568,-0.00904170894187893,0.012));
#6192=CARTESIAN_POINT('',(-0.00916956391566459,-0.0111447958109421,0.012));
#6193=CARTESIAN_POINT('',(-0.00370502811802936,-0.0134738543013124,0.012));
#6194=CARTESIAN_POINT('',(-0.000669582523428572,-0.0136974213604771,0.012));
#6195=CARTESIAN_POINT('',(0.00481036201853535,-0.0123519464532421,0.012));
#6196=CARTESIAN_POINT('',(0.00724079907925595,-0.0107914703652426,0.012));
#6197=CARTESIAN_POINT('',(0.00997565323702305,-0.00744827986449935,0.012));
#6198=CARTESIAN_POINT('',(0.0107425874423766,-0.00598902427103762,0.012));
#6199=CARTESIAN_POINT('',(0.0116475268479357,-0.00294163081521604,0.012));
#6200=CARTESIAN_POINT('',(0.0117851777105737,-0.0013559109992164,0.012));
#6201=CARTESIAN_POINT('',(0.0116188248946464,0.000168404733578352,0.012));
#6202=CARTESIAN_POINT('',(0.0116188248946464,0.000168404733578352,0.012));
#6203=CARTESIAN_POINT('',(0.,7.11522562318718E-19,0.012));
#6204=CARTESIAN_POINT('',(0.0372785925865173,-0.08,0.012));
#6205=CARTESIAN_POINT('',(0.0382785925865173,0.,0.));
#6206=CARTESIAN_POINT('',(-0.000854405854496077,0.00491331013182322,0.));
#6207=CARTESIAN_POINT('',(0.00318329876949844,0.00399173039988153,0.));
#6208=CARTESIAN_POINT('',(-0.00113610617710034,0.00497760639219124,0.));
#6209=CARTESIAN_POINT('',(-0.00437409388111523,0.00239539736471093,0.));
#6210=CARTESIAN_POINT('',(-0.0046,0.00221524324651463,0.));
#6211=CARTESIAN_POINT('',(-0.0046,-0.00192629847523011,0.));
#6212=CARTESIAN_POINT('',(-0.0046,-0.00221524324651462,0.));
#6213=CARTESIAN_POINT('',(-0.00136201229598511,-0.00479745227399494,0.));
#6214=CARTESIAN_POINT('',(-0.00113610617710035,-0.00497760639219124,0.));
#6215=CARTESIAN_POINT('',(0.00290159844689417,-0.00405602666024955,0.));
#6216=CARTESIAN_POINT('',(0.00318329876949844,-0.00399173039988153,0.));
#6217=CARTESIAN_POINT('',(0.00498024637744042,-0.000260330243470534,0.));
#6218=CARTESIAN_POINT('',(0.00510561481520381,3.47649812513204E-18,0.));
#6219=CARTESIAN_POINT('',(0.00330866720726183,0.003731400156411,0.));
#6220=CARTESIAN_POINT('',(0.0392785925865173,-0.08,0.));
#6221=CARTESIAN_POINT('',(0.0392785925865173,-0.0673397459621556,0.));
#6222=CARTESIAN_POINT('',(0.0392785925865173,0.,0.));
#6223=CARTESIAN_POINT('',(0.0342785925865173,-0.076,0.));
#6224=CARTESIAN_POINT('',(0.0342785925865173,-0.056,0.));
#6225=CARTESIAN_POINT('',(0.0362785925865173,-0.056,0.));
#6226=CARTESIAN_POINT('',(0.0362785925865173,0.,0.));
#6227=CARTESIAN_POINT('',(0.0362785925865173,-0.053,0.));
#6228=CARTESIAN_POINT('',(0.0342785925865173,-0.053,0.));
#6229=CARTESIAN_POINT('',(0.0342785925865173,-0.033,0.));
#6230=CARTESIAN_POINT('',(0.0362785925865173,-0.033,0.));
#6231=CARTESIAN_POINT('',(0.0362785925865173,0.,0.));
#6232=CARTESIAN_POINT('',(0.0362785925865173,-0.03,0.));
#6233=CARTESIAN_POINT('',(0.0342785925865173,-0.03,0.));
#6234=CARTESIAN_POINT('',(0.0372785925865173,-0.03,0.));
#6235=CARTESIAN_POINT('',(0.0372785925865173,-0.08,0.));
#6236=CARTESIAN_POINT('',(0.,7.11522562318718E-19,0.));
#6237=CARTESIAN_POINT('',(0.0116188248946464,0.000168404733578352,0.));
#6238=CARTESIAN_POINT('',(0.0392785925865173,0.,0.));
#6239=CARTESIAN_POINT('',(0.0392425865099304,0.00128549839461316,0.));
#6240=CARTESIAN_POINT('',(0.0391434332624169,0.00256729706215218,0.));
#6241=CARTESIAN_POINT('',(0.0384570891719168,0.00797440710386653,0.));
#6242=CARTESIAN_POINT('',(0.0372691327428713,0.0120047821316962,0.));
#6243=CARTESIAN_POINT('',(0.033708609375439,0.0194591266234268,0.));
#6244=CARTESIAN_POINT('',(0.0313368246535302,0.0228819081144398,0.));
#6245=CARTESIAN_POINT('',(0.0256678947969791,0.0287876914832792,0.));
#6246=CARTESIAN_POINT('',(0.02237162006246,0.0312700357263002,0.));
#6247=CARTESIAN_POINT('',(0.0152010932051818,0.0350627101949763,0.));
#6248=CARTESIAN_POINT('',(0.0113281443486674,0.0363724973335292,0.));
#6249=CARTESIAN_POINT('',(0.00340265758243617,0.0377098083297326,0.));
#6250=CARTESIAN_POINT('',(-0.000647899518704658,0.0377371414003141,0.));
#6251=CARTESIAN_POINT('',(-0.00851834469798687,0.0365298770188087,0.));
#6252=CARTESIAN_POINT('',(-0.0123369192235197,0.0352956729808947,0.));
#6253=CARTESIAN_POINT('',(-0.0193637934250056,0.0317124359005254,0.));
#6254=CARTESIAN_POINT('',(-0.0225712580922631,0.0293640222770538,0.));
#6255=CARTESIAN_POINT('',(-0.0280654441269157,0.0238087724185963,0.));
#6256=CARTESIAN_POINT('',(-0.0303513076178025,0.0206029932453487,0.));
#6257=CARTESIAN_POINT('',(-0.0337904197935303,0.0136701232522799,0.));
#6258=CARTESIAN_POINT('',(-0.0349429355147901,0.00994482836185259,0.));
#6259=CARTESIAN_POINT('',(-0.0360207293931685,0.0023570062422517,0.));
#6260=CARTESIAN_POINT('',(-0.0359460075045284,-0.00150420092798167,0.));
#6261=CARTESIAN_POINT('',(-0.0346001296678784,-0.00897314612979189,0.));
#6262=CARTESIAN_POINT('',(-0.0333293160546503,-0.0125799568109327,0.));
#6263=CARTESIAN_POINT('',(-0.0297419238612419,-0.0191831393806185,0.));
#6264=CARTESIAN_POINT('',(-0.0274260884154245,-0.0221784313246913,0.));
#6265=CARTESIAN_POINT('',(-0.0220008421134344,-0.0272703657220376,0.));
#6266=CARTESIAN_POINT('',(-0.0188929019938634,-0.0293658218598092,0.));
#6267=CARTESIAN_POINT('',(-0.0122111817307329,-0.0324650259177547,0.));
#6268=CARTESIAN_POINT('',(-0.00863861726057183,-0.0334684100212801,0.));
#6269=CARTESIAN_POINT('',(-0.00139593333397258,-0.034304184294445,0.));
#6270=CARTESIAN_POINT('',(0.00227325096421134,-0.0341366401067416,0.));
#6271=CARTESIAN_POINT('',(0.00933909954970508,-0.0326709701598843,0.));
#6272=CARTESIAN_POINT('',(0.0127345660916779,-0.0313732373930203,0.));
#6273=CARTESIAN_POINT('',(0.018918418409901,-0.0277999391995957,0.));
#6274=CARTESIAN_POINT('',(0.0217052870754347,-0.0255254138859023,0.));
#6275=CARTESIAN_POINT('',(0.0264042391240636,-0.020246914921169,0.));
#6276=CARTESIAN_POINT('',(0.0283156538377301,-0.0172439591548667,0.));
#6277=CARTESIAN_POINT('',(0.0310895913092205,-0.0108254543551898,0.));
#6278=CARTESIAN_POINT('',(0.0319519273109485,-0.00741077193583313,0.));
#6279=CARTESIAN_POINT('',(0.0325632449541571,-0.000520040259643501,0.));
#6280=CARTESIAN_POINT('',(0.0323122654653412,0.00295479930625066,0.));
#6281=CARTESIAN_POINT('',(0.0307454957015677,0.00961660128981607,0.));
#6282=CARTESIAN_POINT('',(0.0294302515973844,0.0128018597562792,0.));
#6283=CARTESIAN_POINT('',(0.0258896683205817,0.0185705434003327,0.));
#6284=CARTESIAN_POINT('',(0.0236650803916401,0.0211530757538839,0.));
#6285=CARTESIAN_POINT('',(0.0185489852763415,0.0254696644960519,0.));
#6286=CARTESIAN_POINT('',(0.0156582141989386,0.0272033252667639,0.));
#6287=CARTESIAN_POINT('',(0.00951437787331367,0.0296668892955202,0.));
#6288=CARTESIAN_POINT('',(0.00626243616655947,0.0303965033230793,0.));
#6289=CARTESIAN_POINT('',(-0.000270185281639198,0.030800988814641,0.));
#6290=CARTESIAN_POINT('',(-0.00354912601863011,0.0304758944670048,0.));
#6291=CARTESIAN_POINT('',(-0.00980562996912807,0.0288270054613533,0.));
#6292=CARTESIAN_POINT('',(-0.012782169740405,0.027503655409777,0.));
#6293=CARTESIAN_POINT('',(-0.0181414465885133,0.0240137481841982,0.));
#6294=CARTESIAN_POINT('',(-0.020523635868935,0.0218477532943573,0.));
#6295=CARTESIAN_POINT('',(-0.0244688963009658,0.0169092035467424,0.));
#6296=CARTESIAN_POINT('',(-0.0260314013737645,0.0141376036806793,0.));
#6297=CARTESIAN_POINT('',(-0.0281997311110463,0.00827927804685453,0.));
#6298=CARTESIAN_POINT('',(-0.0288051042363913,0.00519418023877826,0.));
#6299=CARTESIAN_POINT('',(-0.0290205601062124,-0.000973801325806083,0.));
#6300=CARTESIAN_POINT('',(-0.0286307709891557,-0.00405562791249563,0.));
#6301=CARTESIAN_POINT('',(-0.0269185629580406,-0.00990730165912658,0.));
#6302=CARTESIAN_POINT('',(-0.0255965098355012,-0.0126765118613667,0.));
#6303=CARTESIAN_POINT('',(-0.022174864656977,-0.0176326887588476,0.));
#6304=CARTESIAN_POINT('',(-0.0200759981987471,-0.0198188823204411,0.));
#6305=CARTESIAN_POINT('',(-0.0153296200000483,-0.0234042585127528,0.));
#6306=CARTESIAN_POINT('',(-0.0126834970365849,-0.0248025696030407,0.));
#6307=CARTESIAN_POINT('',(-0.00712192808962685,-0.0266908562309017,0.));
#6308=CARTESIAN_POINT('',(-0.00420748185342884,-0.0271806621621706,0.));
#6309=CARTESIAN_POINT('',(0.0015910282174693,-0.0272252022667971,0.));
#6310=CARTESIAN_POINT('',(0.00447442851036018,-0.0267801034721149,0.));
#6311=CARTESIAN_POINT('',(0.0099223683595066,-0.0250231711209921,0.));
#6312=CARTESIAN_POINT('',(0.0124860082321788,-0.0237117978803159,0.));
#6313=CARTESIAN_POINT('',(0.017045929534808,-0.0203756221729177,0.));
#6314=CARTESIAN_POINT('',(0.0190410165922007,-0.0183518691073598,0.));
#6315=CARTESIAN_POINT('',(0.0222778753303575,-0.0138126831579582,0.));
#6316=CARTESIAN_POINT('',(0.0235192227552796,-0.0112981150383919,0.));
#6317=CARTESIAN_POINT('',(0.0251434324872639,-0.00604300888104434,0.));
#6318=CARTESIAN_POINT('',(0.0255262789016572,-0.00330310487467711,0.));
#6319=CARTESIAN_POINT('',(0.0254179963123407,0.00212176267485893,0.));
#6320=CARTESIAN_POINT('',(0.0249270522117824,0.00480578305882325,0.));
#6321=CARTESIAN_POINT('',(0.0231437774552355,0.00985170687415238,0.));
#6322=CARTESIAN_POINT('',(0.0218520915022324,0.0122122113806212,0.));
#6323=CARTESIAN_POINT('',(0.018618937167185,0.0163825245896072,0.));
#6324=CARTESIAN_POINT('',(0.0166781405274552,0.018191715684756,0.));
#6325=CARTESIAN_POINT('',(0.012359908006146,0.021092597198888,0.));
#6326=CARTESIAN_POINT('',(0.00998303176420011,0.0221841188016169,0.));
#6327=CARTESIAN_POINT('',(0.00504345429587285,0.0235603813451929,0.));
#6328=CARTESIAN_POINT('',(0.00248166170702205,0.0238450457316683,0.));
#6329=CARTESIAN_POINT('',(-0.00256604813201942,0.0236020010371512,0.));
#6330=CARTESIAN_POINT('',(-0.00505048972026168,0.0230745049216148,0.));
#6331=CARTESIAN_POINT('',(-0.00969582125554804,0.0212835276873781,0.));
#6332=CARTESIAN_POINT('',(-0.0118559723318408,0.0200204903387385,0.));
#6333=CARTESIAN_POINT('',(-0.0175392144922235,0.0153502960475653,0.));
#6334=CARTESIAN_POINT('',(-0.0202277546489028,0.011047468339529,0.));
#6335=CARTESIAN_POINT('',(-0.0225169391760975,0.00181622270336643,0.));
#6336=CARTESIAN_POINT('',(-0.0221158812590973,-0.00308462786260017,0.));
#6337=CARTESIAN_POINT('',(-0.0185549227632197,-0.0115802722510412,0.));
#6338=CARTESIAN_POINT('',(-0.0154093595658729,-0.0151538305205957,0.));
#6339=CARTESIAN_POINT('',(-0.00773469117785549,-0.0196895455829263,0.));
#6340=CARTESIAN_POINT('',(-0.00323013713521947,-0.0206429777599701,0.));
#6341=CARTESIAN_POINT('',(0.0053368410935144,-0.0197271215746704,0.));
#6342=CARTESIAN_POINT('',(0.00937639512525195,-0.017865317428006,0.));
#6343=CARTESIAN_POINT('',(0.0154805953411133,-0.012213444997045,0.));
#6344=CARTESIAN_POINT('',(0.0175310210224648,-0.00844332597288503,0.));
#6345=CARTESIAN_POINT('',(0.0189922251946762,-0.000557445709482825,0.));
#6346=CARTESIAN_POINT('',(0.0184039273099922,0.00353582044233029,0.));
#6347=CARTESIAN_POINT('',(0.0149914971203372,0.0104645193457951,0.));
#6348=CARTESIAN_POINT('',(0.0121817255764579,0.013282047021188,0.));
#6349=CARTESIAN_POINT('',(0.00556893655298175,0.0166582392095549,0.));
#6350=CARTESIAN_POINT('',(0.00178633631652445,0.0172120947445835,0.));
#6351=CARTESIAN_POINT('',(-0.00524007654116879,0.0160108417732348,0.));
#6352=CARTESIAN_POINT('',(-0.00846418837510406,0.0142641389662862,0.));
#6353=CARTESIAN_POINT('',(-0.0131683018685859,0.00931237773726227,0.));
#6354=CARTESIAN_POINT('',(-0.0146389750139498,0.00612438885483771,0.));
#6355=CARTESIAN_POINT('',(-0.0154060594392068,-0.000364281512704999,0.));
#6356=CARTESIAN_POINT('',(-0.0147051298555649,-0.00364523972473512,0.));
#6357=CARTESIAN_POINT('',(-0.0115804064795568,-0.00904170894187893,0.));
#6358=CARTESIAN_POINT('',(-0.00916956391566459,-0.0111447958109421,0.));
#6359=CARTESIAN_POINT('',(-0.00370502811802936,-0.0134738543013124,0.));
#6360=CARTESIAN_POINT('',(-0.000669582523428572,-0.0136974213604771,0.));
#6361=CARTESIAN_POINT('',(0.00481036201853535,-0.0123519464532421,0.));
#6362=CARTESIAN_POINT('',(0.00724079907925595,-0.0107914703652426,0.));
#6363=CARTESIAN_POINT('',(0.00997565323702305,-0.00744827986449935,0.));
#6364=CARTESIAN_POINT('',(0.0107425874423766,-0.00598902427103762,0.));
#6365=CARTESIAN_POINT('',(0.0116475268479357,-0.00294163081521604,0.));
#6366=CARTESIAN_POINT('',(0.0117851777105737,-0.0013559109992164,0.));
#6367=CARTESIAN_POINT('',(0.0116188248946464,0.000168404733578352,0.));
#6368=CARTESIAN_POINT('',(0.0392785925865173,0.,0.));
#6369=CARTESIAN_POINT('',(0.0392785925865173,0.,0.012));
#6370=CARTESIAN_POINT('',(0.0391345682801695,0.00514199357845266,0.));
#6371=CARTESIAN_POINT('',(0.0391345682801695,0.00514199357845266,0.012));
#6372=CARTESIAN_POINT('',(0.036801402748078,0.0153068330656639,0.));
#6373=CARTESIAN_POINT('',(0.036801402748078,0.0153068330656639,0.012));
#6374=CARTESIAN_POINT('',(0.0278281629114906,0.0279123690758426,0.));
#6375=CARTESIAN_POINT('',(0.0278281629114906,0.0279123690758426,0.012));
#6376=CARTESIAN_POINT('',(0.0148578448819803,0.0360267354612776,0.));
#6377=CARTESIAN_POINT('',(0.0148578448819803,0.0360267354612776,0.012));
#6378=CARTESIAN_POINT('',(-6.09285020823527E-5,0.0385269628535451,0.));
#6379=CARTESIAN_POINT('',(-6.09285020823527E-5,0.0385269628535451,0.012));
#6380=CARTESIAN_POINT('',(-0.0146312607433098,0.035161839782868,0.));
#6381=CARTESIAN_POINT('',(-0.0146312607433098,0.035161839782868,0.012));
#6382=CARTESIAN_POINT('',(-0.0266607670796238,0.0265723331398101,0.));
#6383=CARTESIAN_POINT('',(-0.0266607670796238,0.0265723331398101,0.012));
#6384=CARTESIAN_POINT('',(-0.0343900328448239,0.0141761247456226,0.));
#6385=CARTESIAN_POINT('',(-0.0343900328448239,0.0141761247456226,0.012));
#6386=CARTESIAN_POINT('',(-0.0367535205675329,-6.40820333029523E-5,0.));
#6387=CARTESIAN_POINT('',(-0.0367535205675329,-6.40820333029523E-5,0.012));
#6388=CARTESIAN_POINT('',(-0.0335220251909802,-0.0139555054403614,0.));
#6389=CARTESIAN_POINT('',(-0.0335220251909802,-0.0139555054403614,0.012));
#6390=CARTESIAN_POINT('',(-0.0253160817253143,-0.0254093978873759,0.));
#6391=CARTESIAN_POINT('',(-0.0253160817253143,-0.0254093978873759,0.012));
#6392=CARTESIAN_POINT('',(-0.0134944394943404,-0.0327532941503207,0.));
#6393=CARTESIAN_POINT('',(-0.0134944394943404,-0.0327532941503207,0.012));
#6394=CARTESIAN_POINT('',(6.76261933262634E-5,-0.0349802874424343,0.));
#6395=CARTESIAN_POINT('',(6.76261933262634E-5,-0.0349802874424343,0.012));
#6396=CARTESIAN_POINT('',(0.013280119400826,-0.0318821668282526,0.));
#6397=CARTESIAN_POINT('',(0.013280119400826,-0.0318821668282526,0.012));
#6398=CARTESIAN_POINT('',(0.0241580882302773,-0.0240593991406691,0.));
#6399=CARTESIAN_POINT('',(0.0241580882302773,-0.0240593991406691,0.012));
#6400=CARTESIAN_POINT('',(0.031116760835899,-0.0128123857783994,0.));
#6401=CARTESIAN_POINT('',(0.031116760835899,-0.0128123857783994,0.012));
#6402=CARTESIAN_POINT('',(0.0332072280890162,7.15648383616808E-5,0.));
#6403=CARTESIAN_POINT('',(0.0332072280890162,7.15648383616808E-5,0.012));
#6404=CARTESIAN_POINT('',(0.030242042624134,0.012605504348586,0.));
#6405=CARTESIAN_POINT('',(0.030242042624134,0.012605504348586,0.012));
#6406=CARTESIAN_POINT('',(0.0228023397659126,0.0229068562341029,0.));
#6407=CARTESIAN_POINT('',(0.0228023397659126,0.0229068562341029,0.012));
#6408=CARTESIAN_POINT('',(0.0121299136450234,0.0294804106561599,0.));
#6409=CARTESIAN_POINT('',(0.0121299136450234,0.0294804106561599,0.012));
#6410=CARTESIAN_POINT('',(-7.63649810396765E-5,0.031434134977881,0.));
#6411=CARTESIAN_POINT('',(-7.63649810396765E-5,0.031434134977881,0.012));
#6412=CARTESIAN_POINT('',(-0.0119310152443616,0.028601873882431,0.));
#6413=CARTESIAN_POINT('',(-0.0119310152443616,0.028601873882431,0.012));
#6414=CARTESIAN_POINT('',(-0.0216560432671394,0.0215449551332786,0.));
#6415=CARTESIAN_POINT('',(-0.0216560432671394,0.0215449551332786,0.012));
#6416=CARTESIAN_POINT('',(-0.0278440773211164,0.0114467625996349,0.));
#6417=CARTESIAN_POINT('',(-0.0278440773211164,0.0114467625996349,0.012));
#6418=CARTESIAN_POINT('',(-0.0296610449028264,-8.13603492141586E-5,0.));
#6419=CARTESIAN_POINT('',(-0.0296610449028264,-8.13603492141586E-5,0.012));
#6420=CARTESIAN_POINT('',(-0.0269616122771884,-0.0112571905400395,0.));
#6421=CARTESIAN_POINT('',(-0.0269616122771884,-0.0112571905400395,0.012));
#6422=CARTESIAN_POINT('',(-0.0202871892340198,-0.0204057239696167,0.));
#6423=CARTESIAN_POINT('',(-0.0202871892340198,-0.0204057239696167,0.012));
#6424=CARTESIAN_POINT('',(-0.0107629405679395,-0.0262077726971101,0.));
#6425=CARTESIAN_POINT('',(-0.0107629405679395,-0.0262077726971101,0.012));
#6426=CARTESIAN_POINT('',(8.70794312517978E-5,-0.027887977775164,0.));
#6427=CARTESIAN_POINT('',(8.70794312517978E-5,-0.027887977775164,0.012));
#6428=CARTESIAN_POINT('',(0.0105840766672263,-0.0253212075446038,0.));
#6429=CARTESIAN_POINT('',(0.0105840766672263,-0.0253212075446038,0.012));
#6430=CARTESIAN_POINT('',(0.0191562352204292,-0.0190286259658706,0.));
#6431=CARTESIAN_POINT('',(0.0191562352204292,-0.0190286259658706,0.012));
#6432=CARTESIAN_POINT('',(0.0245715452876737,-0.0100784172584567,0.));
#6433=CARTESIAN_POINT('',(0.0245715452876737,-0.0100784172584567,0.012));
#6434=CARTESIAN_POINT('',(0.0261149106080537,9.36417302249185E-5,0.));
#6435=CARTESIAN_POINT('',(0.0261149106080537,9.36417302249185E-5,0.012));
#6436=CARTESIAN_POINT('',(0.023680248291809,0.00991211274077265,0.));
#6437=CARTESIAN_POINT('',(0.023680248291809,0.00991211274077265,0.012));
#6438=CARTESIAN_POINT('',(0.0177696826056951,0.0179071226814289,0.));
#6439=CARTESIAN_POINT('',(0.0177696826056951,0.0179071226814289,0.012));
#6440=CARTESIAN_POINT('',(0.00939286342492542,0.0229357906200633,0.));
#6441=CARTESIAN_POINT('',(0.00939286342492542,0.0229357906200633,0.012));
#6442=CARTESIAN_POINT('',(-0.000100825605309565,0.0243414211537158,0.));
#6443=CARTESIAN_POINT('',(-0.000100825605309565,0.0243414211537158,0.012));
#6444=CARTESIAN_POINT('',(-0.00924272027867689,0.0220396650715322,0.));
#6445=CARTESIAN_POINT('',(-0.00924272027867689,0.0220396650715322,0.012));
#6446=CARTESIAN_POINT('',(-0.0166518278632221,0.0165074154334989,0.));
#6447=CARTESIAN_POINT('',(-0.0166518278632221,0.0165074154334989,0.012));
#6448=CARTESIAN_POINT('',(-0.0213030676315916,0.00870491524793543,0.));
#6449=CARTESIAN_POINT('',(-0.0213030676315916,0.00870491524793543,0.012));
#6450=CARTESIAN_POINT('',(-0.0225522594247852,-0.000106691664862379,0.));
#6451=CARTESIAN_POINT('',(-0.0225522594247852,-0.000106691664862379,0.012));
#6452=CARTESIAN_POINT('',(-0.0204024374382983,-0.00857243107780409,0.));
#6453=CARTESIAN_POINT('',(-0.0204024374382983,-0.00857243107780409,0.012));
#6454=CARTESIAN_POINT('',(-0.0152415691890763,-0.0154063447815771,0.));
#6455=CARTESIAN_POINT('',(-0.0152415691890763,-0.0154063447815771,0.012));
#6456=CARTESIAN_POINT('',(-0.00801980566850852,-0.0196571418355021,0.));
#6457=CARTESIAN_POINT('',(-0.00801980566850852,-0.0196571418355021,0.012));
#6458=CARTESIAN_POINT('',(0.000123347065529163,-0.0207987477781541,0.));
#6459=CARTESIAN_POINT('',(0.000123347065529163,-0.0207987477781541,0.012));
#6460=CARTESIAN_POINT('',(0.00789442487960975,-0.0187421616712904,0.));
#6461=CARTESIAN_POINT('',(0.00789442487960975,-0.0187421616712904,0.012));
#6462=CARTESIAN_POINT('',(0.0141664006431037,-0.0139897080382495,0.));
#6463=CARTESIAN_POINT('',(0.0141664006431037,-0.0139897080382495,0.012));
#6464=CARTESIAN_POINT('',(0.0180292136936689,-0.00732422122407728,0.));
#6465=CARTESIAN_POINT('',(0.0180292136936689,-0.00732422122407728,0.012));
#6466=CARTESIAN_POINT('',(0.0190099775604238,0.000128451854756689,0.));
#6467=CARTESIAN_POINT('',(0.0190099775604238,0.000128451854756689,0.012));
#6468=CARTESIAN_POINT('',(0.0171153757406528,0.00723963930445789,0.));
#6469=CARTESIAN_POINT('',(0.0171153757406528,0.00723963930445789,0.012));
#6470=CARTESIAN_POINT('',(0.0127147927679534,0.0129140102917879,0.));
#6471=CARTESIAN_POINT('',(0.0127147927679534,0.0129140102917879,0.012));
#6472=CARTESIAN_POINT('',(0.0066383025939079,0.0163957476384829,0.));
#6473=CARTESIAN_POINT('',(0.0066383025939079,0.0163957476384829,0.012));
#6474=CARTESIAN_POINT('',(-0.000151773899618791,0.017247196590782,0.));
#6475=CARTESIAN_POINT('',(-0.000151773899618791,0.017247196590782,0.012));
#6476=CARTESIAN_POINT('',(-0.00656506684120255,0.0154561408033777,0.));
#6477=CARTESIAN_POINT('',(-0.00656506684120255,0.0154561408033777,0.012));
#6478=CARTESIAN_POINT('',(-0.0116834507221014,0.011458733375392,0.));
#6479=CARTESIAN_POINT('',(-0.0116834507221014,0.011458733375392,0.012));
#6480=CARTESIAN_POINT('',(-0.0147608578867031,0.00593627844919654,0.));
#6481=CARTESIAN_POINT('',(-0.0147608578867031,0.00593627844919654,0.012));
#6482=CARTESIAN_POINT('',(-0.0154673231023069,-0.0001655381777664,0.));
#6483=CARTESIAN_POINT('',(-0.0154673231023069,-0.0001655381777664,0.012));
#6484=CARTESIAN_POINT('',(-0.0138200766319141,-0.00591658843060086,0.));
#6485=CARTESIAN_POINT('',(-0.0138200766319141,-0.00591658843060086,0.012));
#6486=CARTESIAN_POINT('',(-0.0101798901192954,-0.0104325631471499,0.));
#6487=CARTESIAN_POINT('',(-0.0101798901192954,-0.0104325631471499,0.012));
#6488=CARTESIAN_POINT('',(-0.00523962496682368,-0.0131384047219673,0.));
#6489=CARTESIAN_POINT('',(-0.00523962496682368,-0.0131384047219673,0.012));
#6490=CARTESIAN_POINT('',(0.000196979370591778,-0.0136947109007004,0.));
#6491=CARTESIAN_POINT('',(0.000196979370591778,-0.0136947109007004,0.012));
#6492=CARTESIAN_POINT('',(0.00525353058544395,-0.0121628306078447,0.));
#6493=CARTESIAN_POINT('',(0.00525353058544395,-0.0121628306078447,0.012));
#6494=CARTESIAN_POINT('',(0.00920999625855514,-0.00891010732869533,0.));
#6495=CARTESIAN_POINT('',(0.00920999625855514,-0.00891010732869533,0.012));
#6496=CARTESIAN_POINT('',(0.0115093085847204,-0.00452799755178316,0.));
#6497=CARTESIAN_POINT('',(0.0115093085847204,-0.00452799755178316,0.012));
#6498=CARTESIAN_POINT('',(0.0117851777105737,-0.0013559109992164,0.));
#6499=CARTESIAN_POINT('',(0.0117851777105737,-0.0013559109992164,0.012));
#6500=CARTESIAN_POINT('',(0.0116188248946464,0.000168404733578352,0.));
#6501=CARTESIAN_POINT('',(0.0116188248946464,0.000168404733578352,0.012));
#6502=CARTESIAN_POINT('',(0.0116188248946464,0.000168404733578352,0.006));
#6503=CARTESIAN_POINT('',(0.0392785925865173,0.,0.006));
#6504=CARTESIAN_POINT('',(0.0372785925865173,-0.08,0.006));
#6505=CARTESIAN_POINT('',(0.0372785925865173,-0.03,0.006));
#6506=CARTESIAN_POINT('',(0.0372785925865173,-0.03,0.006));
#6507=CARTESIAN_POINT('',(0.0372785925865173,-0.03,0.006));
#6508=CARTESIAN_POINT('',(0.0392785925865173,-0.08,0.006));
#6509=CARTESIAN_POINT('',(0.0392785925865173,-0.08,0.002));
#6510=CARTESIAN_POINT('',(0.0392785925865173,-0.0673397459621556,0.002));
#6511=CARTESIAN_POINT('',(0.0392785925865173,-0.0673397459621556,0.002));
#6512=CARTESIAN_POINT('',(0.,7.11522562318718E-19,0.012));
#6513=CARTESIAN_POINT('',(0.0366898118153993,-0.101,0.00716338705404317));
#6514=CARTESIAN_POINT('',(0.0362785925865173,-0.101,0.00775792001151083));
#6515=CARTESIAN_POINT('',(0.0371010310442813,-0.101,0.00656885409657551));
#6516=CARTESIAN_POINT('',(0.0362785925865173,-0.101,0.006));
#6517=CARTESIAN_POINT('',(0.0354561541287532,-0.101,0.00656885409657551));
#6518=CARTESIAN_POINT('',(0.0358673733576353,-0.101,0.00716338705404317));
#6519=CARTESIAN_POINT('',(0.0342785925865173,-0.0399750124500001,0.01));
#6520=CARTESIAN_POINT('',(0.0342785925865173,-0.03,0.006));
#6521=CARTESIAN_POINT('',(0.0362785925865173,-0.03,0.));
#6522=CARTESIAN_POINT('',(0.0342785925865173,-0.03,0.002));
#6523=CARTESIAN_POINT('',(0.0342785925865173,-0.03,0.006));
#6524=CARTESIAN_POINT('',(0.0342785925865173,-0.03,0.01));
#6525=CARTESIAN_POINT('',(0.0342785925865173,-0.03,0.01));
#6526=CARTESIAN_POINT('',(0.0362785925865173,-0.03,0.006));
#6527=CARTESIAN_POINT('',(0.0371010310442813,-0.03,0.00656885409657551));
#6528=CARTESIAN_POINT('',(0.0364538410778998,-0.03,0.00750454906833613));
#6529=CARTESIAN_POINT('',(0.0362785925865173,-0.03,0.00775792001151082));
#6530=CARTESIAN_POINT('',(0.0348089641623718,-0.03,0.00563315912481489));
#6531=CARTESIAN_POINT('',(0.0354561541287532,-0.03,0.00656885409657551));
#6532=CARTESIAN_POINT('',(0.0362785925865173,-0.03,0.006));
#6533=CARTESIAN_POINT('',(0.0342785925865173,-0.033,0.006));
#6534=CARTESIAN_POINT('',(0.0342785925865173,-0.033,0.006));
#6535=CARTESIAN_POINT('',(0.0342785925865173,-0.033,0.01));
#6536=CARTESIAN_POINT('',(0.0342785925865173,-0.033,0.002));
#6537=CARTESIAN_POINT('',(0.0322785925865173,-0.033,0.004));
#6538=CARTESIAN_POINT('',(0.0362785925865173,-0.033,0.006));
#6539=CARTESIAN_POINT('',(0.0354561541287532,-0.033,0.00656885409657551));
#6540=CARTESIAN_POINT('',(0.0348089641623718,-0.033,0.00563315912481489));
#6541=CARTESIAN_POINT('',(0.0362785925865173,-0.033,0.00775792001151082));
#6542=CARTESIAN_POINT('',(0.0364538410778998,-0.033,0.00750454906833613));
#6543=CARTESIAN_POINT('',(0.0371010310442813,-0.033,0.00656885409657551));
#6544=CARTESIAN_POINT('',(0.0362785925865173,-0.033,0.006));
#6545=CARTESIAN_POINT('',(0.0322785925865173,-0.033,0.008));
#6546=CARTESIAN_POINT('',(0.0342785925865173,-0.0379750124500001,0.006));
#6547=CARTESIAN_POINT('',(0.0342785925865173,-0.0379750124500001,0.002));
#6548=CARTESIAN_POINT('',(0.0342785925865173,-0.0379750124500001,0.01));
#6549=CARTESIAN_POINT('',(0.0342785925865173,-0.053,0.006));
#6550=CARTESIAN_POINT('',(0.0362785925865173,-0.053,0.));
#6551=CARTESIAN_POINT('',(0.0342785925865173,-0.053,0.002));
#6552=CARTESIAN_POINT('',(0.0342785925865173,-0.053,0.006));
#6553=CARTESIAN_POINT('',(0.0342785925865173,-0.053,0.01));
#6554=CARTESIAN_POINT('',(0.0342785925865173,-0.053,0.01));
#6555=CARTESIAN_POINT('',(0.0362785925865173,-0.053,0.006));
#6556=CARTESIAN_POINT('',(0.0371010310442813,-0.053,0.00656885409657551));
#6557=CARTESIAN_POINT('',(0.0364538410778998,-0.053,0.00750454906833613));
#6558=CARTESIAN_POINT('',(0.0362785925865173,-0.053,0.00775792001151082));
#6559=CARTESIAN_POINT('',(0.0348089641623718,-0.053,0.00563315912481489));
#6560=CARTESIAN_POINT('',(0.0354561541287532,-0.053,0.00656885409657551));
#6561=CARTESIAN_POINT('',(0.0362785925865173,-0.053,0.006));
#6562=CARTESIAN_POINT('',(0.0342785925865173,-0.056,0.006));
#6563=CARTESIAN_POINT('',(0.0342785925865173,-0.056,0.006));
#6564=CARTESIAN_POINT('',(0.0342785925865173,-0.056,0.01));
#6565=CARTESIAN_POINT('',(0.0342785925865173,-0.056,0.002));
#6566=CARTESIAN_POINT('',(0.0322785925865173,-0.056,0.004));
#6567=CARTESIAN_POINT('',(0.0362785925865173,-0.056,0.006));
#6568=CARTESIAN_POINT('',(0.0354561541287532,-0.056,0.00656885409657551));
#6569=CARTESIAN_POINT('',(0.0358673733576353,-0.056,0.00716338705404317));
#6570=CARTESIAN_POINT('',(0.0362785925865173,-0.056,0.00775792001151082));
#6571=CARTESIAN_POINT('',(0.0366898118153993,-0.056,0.00716338705404316));
#6572=CARTESIAN_POINT('',(0.0371010310442813,-0.056,0.00656885409657551));
#6573=CARTESIAN_POINT('',(0.0362785925865173,-0.056,0.006));
#6574=CARTESIAN_POINT('',(0.0322785925865173,-0.056,0.008));
#6575=CARTESIAN_POINT('',(0.0342785925865173,-0.0379750124500001,0.006));
#6576=CARTESIAN_POINT('',(0.0342785925865173,-0.0379750124500001,0.002));
#6577=CARTESIAN_POINT('',(0.0342785925865173,-0.0379750124500001,0.01));
#6578=CARTESIAN_POINT('',(0.0362785925865173,-0.026,0.006));
#6579=CARTESIAN_POINT('',(0.0354561541287532,-0.026,0.00656885409657551));
#6580=CARTESIAN_POINT('',(0.0371010310442813,-0.026,0.00656885409657551));
#6581=CARTESIAN_POINT('',(0.0358673733576353,-0.026,0.00716338705404317));
#6582=CARTESIAN_POINT('',(0.0362785925865173,-0.026,0.00775792001151082));
#6583=CARTESIAN_POINT('',(0.0366898118153993,-0.026,0.00716338705404316));
#6584=CARTESIAN_POINT('',(0.0366898118153993,-0.026,0.00716338705404316));
#6585=CARTESIAN_POINT('',(0.0371010310442813,-0.026,0.00656885409657551));
#6586=CARTESIAN_POINT('',(0.0362785925865173,-0.026,0.00775792001151082));
#6587=CARTESIAN_POINT('',(0.0358673733576353,-0.026,0.00716338705404317));
#6588=CARTESIAN_POINT('',(0.0354561541287532,-0.026,0.00656885409657551));
#6589=CARTESIAN_POINT('',(0.0362785925865173,-0.026,0.006));
#6590=CARTESIAN_POINT('',(0.0362785925865173,0.,0.));
#6591=CARTESIAN_POINT('',(0.0342785925865173,-0.0379750124500001,0.01));
#6592=CARTESIAN_POINT('',(0.0362785925865173,0.,0.));
#6593=CARTESIAN_POINT('',(0.0342785925865173,-0.0379750124500001,0.01));
#6594=CARTESIAN_POINT('',(0.00412891909667438,-0.024131416799843,0.002));
#6595=CARTESIAN_POINT('',(0.0342785925865173,-0.076,0.002));
#6596=CARTESIAN_POINT('',(0.0342785925865173,-0.076,0.002));
#6597=CARTESIAN_POINT('',(-0.00249395920743494,0.00312732592987212,-0.013));
#6598=CARTESIAN_POINT('',(-0.004,0.00192629847523011,-0.013));
#6599=CARTESIAN_POINT('',(-0.004,0.00192629847523011,0.0006));
#6600=CARTESIAN_POINT('',(-0.004,0.00192629847523011,0.0114));
#6601=CARTESIAN_POINT('',(-0.000987918414869866,0.00432835338451413,0.0006));
#6602=CARTESIAN_POINT('',(-0.000987918414869868,0.00432835338451413,0.0006));
#6603=CARTESIAN_POINT('',(-0.000987918414869868,0.00432835338451413,-0.013));
#6604=CARTESIAN_POINT('',(-0.000987918414869868,0.00432835338451413,0.0114));
#6605=CARTESIAN_POINT('',(-0.004,0.00192629847523011,0.0114));
#6606=CARTESIAN_POINT('',(-0.004,8.67361737988404E-19,-0.013));
#6607=CARTESIAN_POINT('',(-0.004,-0.00192629847523011,-0.013));
#6608=CARTESIAN_POINT('',(-0.004,-0.00192629847523011,0.0006));
#6609=CARTESIAN_POINT('',(-0.004,-0.00192629847523011,0.0114));
#6610=CARTESIAN_POINT('',(-0.004,0.00192629847523011,0.0006));
#6611=CARTESIAN_POINT('',(-0.004,-0.00192629847523011,0.0114));
#6612=CARTESIAN_POINT('',(-0.00249395920743494,-0.00312732592987212,-0.013));
#6613=CARTESIAN_POINT('',(-0.000987918414869869,-0.00432835338451412,-0.013));
#6614=CARTESIAN_POINT('',(-0.000987918414869869,-0.00432835338451412,0.0006));
#6615=CARTESIAN_POINT('',(-0.000987918414869869,-0.00432835338451412,0.0114));
#6616=CARTESIAN_POINT('',(-0.004,-0.00192629847523011,0.0006));
#6617=CARTESIAN_POINT('',(-0.00098791841486987,-0.00432835338451413,0.0114));
#6618=CARTESIAN_POINT('',(0.000890083735825255,-0.0038997116487273,-0.013));
#6619=CARTESIAN_POINT('',(0.00276808588652038,-0.00347106991294047,-0.013));
#6620=CARTESIAN_POINT('',(0.00276808588652038,-0.00347106991294047,0.0006));
#6621=CARTESIAN_POINT('',(0.00276808588652038,-0.00347106991294047,0.0114));
#6622=CARTESIAN_POINT('',(-0.000987918414869869,-0.00432835338451412,0.0006));
#6623=CARTESIAN_POINT('',(0.00276808588652038,-0.00347106991294047,0.0114));
#6624=CARTESIAN_POINT('',(0.00360387547160968,-0.00173553495647023,-0.013));
#6625=CARTESIAN_POINT('',(0.00443966505669897,-1.0842021724855E-18,-0.013));
#6626=CARTESIAN_POINT('',(0.00443966505669897,-1.0842021724855E-18,0.0006));
#6627=CARTESIAN_POINT('',(0.00443966505669897,-1.0842021724855E-18,0.0114));
#6628=CARTESIAN_POINT('',(0.00276808588652038,-0.00347106991294047,0.0006));
#6629=CARTESIAN_POINT('',(0.00443966505669897,-1.34808437623834E-18,0.0114));
#6630=CARTESIAN_POINT('',(0.00360387547160968,0.00173553495647023,-0.013));
#6631=CARTESIAN_POINT('',(0.00276808588652038,0.00347106991294047,-0.013));
#6632=CARTESIAN_POINT('',(0.00276808588652038,0.00347106991294047,0.0006));
#6633=CARTESIAN_POINT('',(0.00276808588652038,0.00347106991294047,0.0114));
#6634=CARTESIAN_POINT('',(0.00443966505669897,-1.13124394174124E-18,0.0006));
#6635=CARTESIAN_POINT('',(0.00276808588652038,0.00347106991294047,0.0114));
#6636=CARTESIAN_POINT('',(0.000890083735825258,0.0038997116487273,-0.013));
#6637=CARTESIAN_POINT('',(0.00276808588652038,0.00347106991294047,0.0006));
#6638=CARTESIAN_POINT('',(-0.000987918414869868,0.00432835338451413,0.0114));
#6639=CARTESIAN_POINT('',(0.000890083735825255,-0.0038997116487273,0.0006));
#6640=CARTESIAN_POINT('',(-0.000885265619230914,-0.00387860210065709,0.00101563268421303));
#6641=CARTESIAN_POINT('',(0.00248045914473372,-0.00311039738668884,0.00101563268421302));
#6642=CARTESIAN_POINT('',(0.00360387547160968,-0.00173553495647023,0.0006));
#6643=CARTESIAN_POINT('',(0.00397834758056833,-4.55364912443912E-18,0.00101563268421303));
#6644=CARTESIAN_POINT('',(-0.00249395920743494,-0.00312732592987212,0.0006));
#6645=CARTESIAN_POINT('',(-0.00358436731578698,-0.00172614032376628,0.00101563268421301));
#6646=CARTESIAN_POINT('',(0.00360387547160968,0.00173553495647023,0.0006));
#6647=CARTESIAN_POINT('',(0.00248045914473372,0.00311039738668884,0.00101563268421302));
#6648=CARTESIAN_POINT('',(-0.004,8.67361737988404E-19,0.0006));
#6649=CARTESIAN_POINT('',(-0.00358436731578696,0.00172614032376628,0.00101563268421303));
#6650=CARTESIAN_POINT('',(0.000890083735825258,0.0038997116487273,0.0006));
#6651=CARTESIAN_POINT('',(-0.000885265619230909,0.00387860210065709,0.00101563268421303));
#6652=CARTESIAN_POINT('',(-0.00249395920743494,0.00312732592987212,0.0006));
#6653=CARTESIAN_POINT('',(0.00360387547160968,-0.00173553495647023,0.0114));
#6654=CARTESIAN_POINT('',(0.00397834758056833,-2.38524477946811E-18,0.010984367315787));
#6655=CARTESIAN_POINT('',(0.00248045914473372,-0.00311039738668883,0.010984367315787));
#6656=CARTESIAN_POINT('',(0.000890083735825255,-0.0038997116487273,0.0114));
#6657=CARTESIAN_POINT('',(-0.000885265619230909,-0.00387860210065709,0.010984367315787));
#6658=CARTESIAN_POINT('',(0.00360387547160968,0.00173553495647023,0.0114));
#6659=CARTESIAN_POINT('',(0.00248045914473372,0.00311039738668884,0.010984367315787));
#6660=CARTESIAN_POINT('',(-0.00249395920743494,-0.00312732592987212,0.0114));
#6661=CARTESIAN_POINT('',(-0.00358436731578698,-0.00172614032376627,0.010984367315787));
#6662=CARTESIAN_POINT('',(0.000890083735825258,0.0038997116487273,0.0114));
#6663=CARTESIAN_POINT('',(-0.000885265619230905,0.0038786021006571,0.010984367315787));
#6664=CARTESIAN_POINT('',(-0.004,8.67361737988404E-19,0.0114));
#6665=CARTESIAN_POINT('',(-0.00358436731578698,0.00172614032376628,0.010984367315787));
#6666=CARTESIAN_POINT('',(-0.00249395920743494,0.00312732592987212,0.0114));
#6667=CARTESIAN_POINT('',(-0.0145871439880319,-0.00420755286812782,0.0302871941551566));
#6668=CARTESIAN_POINT('',(0.,4.59242549680257E-20,0.12));
#6669=CARTESIAN_POINT('',(0.,4.59242549680257E-20,0.12));
#6670=CARTESIAN_POINT('',(0.00075,4.59242549680257E-20,0.12));
#6671=CARTESIAN_POINT('',(0.,4.59242549680257E-20,0.));
#6672=CARTESIAN_POINT('',(0.00075,4.59242549680257E-20,0.));
#6673=CARTESIAN_POINT('',(0.,0.,0.12));
#6674=CARTESIAN_POINT('',(0.,0.,0.));
#6675=CARTESIAN_POINT('',(-0.0550892252227797,-0.0102075528681278,0.0194835977302437));
#6676=MECHANICAL_DESIGN_GEOMETRIC_PRESENTATION_REPRESENTATION('',(#3569,
#3570,#3571,#3572,#3573,#3574),#6677);
#6677=(
GEOMETRIC_REPRESENTATION_CONTEXT(3)
GLOBAL_UNCERTAINTY_ASSIGNED_CONTEXT((#6684))
GLOBAL_UNIT_ASSIGNED_CONTEXT((#6693,#6692,#6691))
REPRESENTATION_CONTEXT('Assembly 1','TOP_LEVEL_ASSEMBLY_PART')
);
#6678=(
GEOMETRIC_REPRESENTATION_CONTEXT(3)
GLOBAL_UNCERTAINTY_ASSIGNED_CONTEXT((#6685))
GLOBAL_UNIT_ASSIGNED_CONTEXT((#6693,#6692,#6691))
REPRESENTATION_CONTEXT('Part 1','COMPONENT_PART')
);
#6679=(
GEOMETRIC_REPRESENTATION_CONTEXT(3)
GLOBAL_UNCERTAINTY_ASSIGNED_CONTEXT((#6686))
GLOBAL_UNIT_ASSIGNED_CONTEXT((#6693,#6692,#6691))
REPRESENTATION_CONTEXT('Part 1','COMPONENT_PART')
);
#6680=(
GEOMETRIC_REPRESENTATION_CONTEXT(3)
GLOBAL_UNCERTAINTY_ASSIGNED_CONTEXT((#6687))
GLOBAL_UNIT_ASSIGNED_CONTEXT((#6693,#6692,#6691))
REPRESENTATION_CONTEXT('Part 1','COMPONENT_PART')
);
#6681=(
GEOMETRIC_REPRESENTATION_CONTEXT(3)
GLOBAL_UNCERTAINTY_ASSIGNED_CONTEXT((#6688))
GLOBAL_UNIT_ASSIGNED_CONTEXT((#6693,#6692,#6691))
REPRESENTATION_CONTEXT('Part 1','COMPONENT_PART')
);
#6682=(
GEOMETRIC_REPRESENTATION_CONTEXT(3)
GLOBAL_UNCERTAINTY_ASSIGNED_CONTEXT((#6689))
GLOBAL_UNIT_ASSIGNED_CONTEXT((#6693,#6692,#6691))
REPRESENTATION_CONTEXT('Part 1','COMPONENT_PART')
);
#6683=(
GEOMETRIC_REPRESENTATION_CONTEXT(3)
GLOBAL_UNCERTAINTY_ASSIGNED_CONTEXT((#6690))
GLOBAL_UNIT_ASSIGNED_CONTEXT((#6693,#6692,#6691))
REPRESENTATION_CONTEXT('Part 1','COMPONENT_PART')
);
#6684=UNCERTAINTY_MEASURE_WITH_UNIT(LENGTH_MEASURE(1.E-8),#6693,
'DISTANCE_ACCURACY_VALUE','Maximum Tolerance applied to model');
#6685=UNCERTAINTY_MEASURE_WITH_UNIT(LENGTH_MEASURE(1.E-8),#6693,
'DISTANCE_ACCURACY_VALUE','Maximum Tolerance applied to model');
#6686=UNCERTAINTY_MEASURE_WITH_UNIT(LENGTH_MEASURE(2.E-5),#6693,
'DISTANCE_ACCURACY_VALUE','Maximum Tolerance applied to model');
#6687=UNCERTAINTY_MEASURE_WITH_UNIT(LENGTH_MEASURE(1.E-8),#6693,
'DISTANCE_ACCURACY_VALUE','Maximum Tolerance applied to model');
#6688=UNCERTAINTY_MEASURE_WITH_UNIT(LENGTH_MEASURE(2.E-5),#6693,
'DISTANCE_ACCURACY_VALUE','Maximum Tolerance applied to model');
#6689=UNCERTAINTY_MEASURE_WITH_UNIT(LENGTH_MEASURE(4.98491922960469E-5),
#6693,'DISTANCE_ACCURACY_VALUE','Maximum Tolerance applied to model');
#6690=UNCERTAINTY_MEASURE_WITH_UNIT(LENGTH_MEASURE(1.E-8),#6693,
'DISTANCE_ACCURACY_VALUE','Maximum Tolerance applied to model');
#6691=(
NAMED_UNIT(*)
SI_UNIT($,.STERADIAN.)
SOLID_ANGLE_UNIT()
);
#6692=(
NAMED_UNIT(*)
PLANE_ANGLE_UNIT()
SI_UNIT($,.RADIAN.)
);
#6693=(
LENGTH_UNIT()
NAMED_UNIT(*)
SI_UNIT($,.METRE.)
);
#6694=PRODUCT_DEFINITION_SHAPE('','',#6707);
#6695=PRODUCT_DEFINITION_SHAPE('','',#6708);
#6696=PRODUCT_DEFINITION_SHAPE(' ','NAUO PRDDFN',#839);
#6697=PRODUCT_DEFINITION_SHAPE('','',#6709);
#6698=PRODUCT_DEFINITION_SHAPE(' ','NAUO PRDDFN',#840);
#6699=PRODUCT_DEFINITION_SHAPE('','',#6710);
#6700=PRODUCT_DEFINITION_SHAPE(' ','NAUO PRDDFN',#841);
#6701=PRODUCT_DEFINITION_SHAPE('','',#6711);
#6702=PRODUCT_DEFINITION_SHAPE(' ','NAUO PRDDFN',#842);
#6703=PRODUCT_DEFINITION_SHAPE('','',#6712);
#6704=PRODUCT_DEFINITION_SHAPE(' ','NAUO PRDDFN',#843);
#6705=PRODUCT_DEFINITION_SHAPE('','',#6713);
#6706=PRODUCT_DEFINITION_SHAPE(' ','NAUO PRDDFN',#844);
#6707=PRODUCT_DEFINITION('','',#6721,#6714);
#6708=PRODUCT_DEFINITION('','',#6722,#6715);
#6709=PRODUCT_DEFINITION('','',#6723,#6716);
#6710=PRODUCT_DEFINITION('','',#6724,#6717);
#6711=PRODUCT_DEFINITION('','',#6725,#6718);
#6712=PRODUCT_DEFINITION('','',#6726,#6719);
#6713=PRODUCT_DEFINITION('','',#6727,#6720);
#6714=PRODUCT_DEFINITION_CONTEXT('',#6757,'design');
#6715=PRODUCT_DEFINITION_CONTEXT('',#6757,'design');
#6716=PRODUCT_DEFINITION_CONTEXT('',#6757,'design');
#6717=PRODUCT_DEFINITION_CONTEXT('',#6757,'design');
#6718=PRODUCT_DEFINITION_CONTEXT('',#6757,'design');
#6719=PRODUCT_DEFINITION_CONTEXT('',#6757,'design');
#6720=PRODUCT_DEFINITION_CONTEXT('',#6757,'design');
#6721=PRODUCT_DEFINITION_FORMATION_WITH_SPECIFIED_SOURCE('','',#6735,
 .NOT_KNOWN.);
#6722=PRODUCT_DEFINITION_FORMATION_WITH_SPECIFIED_SOURCE('','',#6736,
 .NOT_KNOWN.);
#6723=PRODUCT_DEFINITION_FORMATION_WITH_SPECIFIED_SOURCE('','',#6737,
 .NOT_KNOWN.);
#6724=PRODUCT_DEFINITION_FORMATION_WITH_SPECIFIED_SOURCE('','',#6738,
 .NOT_KNOWN.);
#6725=PRODUCT_DEFINITION_FORMATION_WITH_SPECIFIED_SOURCE('','',#6739,
 .NOT_KNOWN.);
#6726=PRODUCT_DEFINITION_FORMATION_WITH_SPECIFIED_SOURCE('','',#6740,
 .NOT_KNOWN.);
#6727=PRODUCT_DEFINITION_FORMATION_WITH_SPECIFIED_SOURCE('','',#6741,
 .NOT_KNOWN.);
#6728=PRODUCT_RELATED_PRODUCT_CATEGORY('','',(#6735));
#6729=PRODUCT_RELATED_PRODUCT_CATEGORY('','',(#6736));
#6730=PRODUCT_RELATED_PRODUCT_CATEGORY('','',(#6737));
#6731=PRODUCT_RELATED_PRODUCT_CATEGORY('','',(#6738));
#6732=PRODUCT_RELATED_PRODUCT_CATEGORY('','',(#6739));
#6733=PRODUCT_RELATED_PRODUCT_CATEGORY('','',(#6740));
#6734=PRODUCT_RELATED_PRODUCT_CATEGORY('','',(#6741));
#6735=PRODUCT('Assembly 1','Assembly 1','Assembly 1',(#6749));
#6736=PRODUCT('Part 1','Part 1','Part 1',(#6750));
#6737=PRODUCT('Part 1','Part 1','Part 1',(#6751));
#6738=PRODUCT('Part 1','Part 1','Part 1',(#6752));
#6739=PRODUCT('Part 1','Part 1','Part 1',(#6753));
#6740=PRODUCT('Part 1','Part 1','Part 1',(#6754));
#6741=PRODUCT('Part 1','Part 1','Part 1',(#6755));
#6742=PRODUCT_CATEGORY('','');
#6743=PRODUCT_CATEGORY('','');
#6744=PRODUCT_CATEGORY('','');
#6745=PRODUCT_CATEGORY('','');
#6746=PRODUCT_CATEGORY('','');
#6747=PRODUCT_CATEGORY('','');
#6748=PRODUCT_CATEGORY('','');
#6749=PRODUCT_CONTEXT('',#6757,'mechanical');
#6750=PRODUCT_CONTEXT('',#6757,'mechanical');
#6751=PRODUCT_CONTEXT('',#6757,'mechanical');
#6752=PRODUCT_CONTEXT('',#6757,'mechanical');
#6753=PRODUCT_CONTEXT('',#6757,'mechanical');
#6754=PRODUCT_CONTEXT('',#6757,'mechanical');
#6755=PRODUCT_CONTEXT('',#6757,'mechanical');
#6756=APPLICATION_PROTOCOL_DEFINITION('international standard',
'ap242_managed_model_based_3d_engineering',2020,#6757);
#6757=APPLICATION_CONTEXT('managed model based 3d engineering');
ENDSEC;
END-ISO-10303-21;
